POW.AF3.Theta,POW.AF3.Alpha,POW.AF3.BetaL,POW.AF3.BetaH,POW.AF3.Gamma,POW.F7.Theta,POW.F7.Alpha,POW.F7.BetaL,POW.F7.BetaH,POW.F7.Gamma,POW.F3.Theta,POW.F3.Alpha,POW.F3.BetaL,POW.F3.BetaH,POW.F3.Gamma,POW.FC5.Theta,POW.FC5.Alpha,POW.FC5.BetaL,POW.FC5.BetaH,POW.FC5.Gamma,POW.FC6.Theta,POW.FC6.Alpha,POW.FC6.BetaL,POW.FC6.BetaH,POW.FC6.Gamma,POW.F4.Theta,POW.F4.Alpha,POW.F4.BetaL,POW.F4.BetaH,POW.F4.Gamma,POW.F8.Theta,POW.F8.Alpha,POW.F8.BetaL,POW.F8.BetaH,POW.F8.Gamma,POW.AF4.Theta,POW.AF4.Alpha,POW.AF4.BetaL,POW.AF4.BetaH,POW.AF4.Gamma,label
4.456561,3.495647,0.839779,0.325413,0.365118,3.269726,1.190943,1.039884,0.253717,0.246723,2.582711,1.637338,0.815857,0.315668,0.162002,2.517824,1.108065,0.860065,0.257989,0.21319,1.731018,2.39774,0.850172,0.243437,0.19016,2.514065,2.599267,0.866467,0.56496,0.204749,2.894001,1.863383,0.776777,0.361472,0.115094,5.163556,3.889756,1.243142,0.484626,0.505424,concentrate
4.559149,2.99562,0.647689,0.346526,0.35381,3.316445,1.317984,0.91658,0.253443,0.233739,2.578,1.581094,0.60394,0.245496,0.149877,2.457644,1.149213,0.726048,0.253037,0.202908,1.601864,2.174839,0.781761,0.258819,0.187632,2.270699,2.152189,0.93975,0.514642,0.19012,2.944814,1.740112,0.686319,0.350444,0.103355,4.987143,3.16784,1.268595,0.607042,0.505051,concentrate
4.54397,2.642398,0.543687,0.388384,0.341476,3.418697,1.674606,0.825198,0.27888,0.236419,2.498729,1.749298,0.478276,0.213433,0.144338,2.443247,1.389654,0.606704,0.270512,0.193883,1.50358,1.907949,0.788862,0.292487,0.184006,1.944802,1.737267,1.030698,0.477959,0.196056,2.914105,1.563573,0.701038,0.366735,0.105281,4.670785,2.560813,1.488662,0.790922,0.536448,concentrate
4.526125,2.499658,0.570819,0.450692,0.334778,3.412848,2.231747,0.802202,0.325729,0.259437,2.28928,2.167852,0.505571,0.222675,0.147757,2.386905,1.858517,0.549847,0.307764,0.191113,1.445733,1.684029,0.858287,0.34603,0.177649,1.642486,1.486924,1.177416,0.477159,0.208492,2.846797,1.393198,0.793055,0.415693,0.11683,4.284886,2.196802,1.809338,0.999529,0.58964,concentrate
4.524489,2.525326,0.731554,0.528926,0.33457,3.224709,2.861127,0.851462,0.385452,0.300356,1.989161,2.741983,0.696653,0.263827,0.159349,2.249737,2.483954,0.572006,0.356653,0.195036,1.437689,1.572027,0.960717,0.408932,0.169387,1.496772,1.451029,1.406443,0.512482,0.21636,2.811745,1.2697,0.91213,0.487098,0.133335,4.052205,2.064295,2.122135,1.176564,0.644329,concentrate
4.670009,2.606431,0.984181,0.616251,0.336724,2.899475,3.386632,0.940479,0.446189,0.346787,1.707407,3.306671,1.004127,0.318859,0.174319,2.062125,3.120821,0.652226,0.404334,0.200808,1.516043,1.587476,1.056183,0.464844,0.160038,1.555522,1.574755,1.695999,0.56427,0.214861,2.828892,1.204015,1.008709,0.557522,0.149771,3.999155,2.053792,2.356915,1.273221,0.677424,concentrate
4.961946,2.61914,1.249887,0.70658,0.340875,2.568704,3.653918,1.020862,0.501693,0.382244,1.576294,3.686686,1.340185,0.37086,0.186389,1.912422,3.60186,0.752071,0.440015,0.202126,1.671121,1.685904,1.102747,0.494422,0.150184,1.843649,1.736197,1.969478,0.599746,0.204,2.893217,1.186151,1.048338,0.594719,0.161725,4.145775,2.035901,2.4794,1.260468,0.67899,concentrate
5.354331,2.498785,1.444954,0.792575,0.356438,2.404745,3.579772,1.057023,0.551912,0.396662,1.633836,3.765703,1.614671,0.412054,0.192336,1.884407,3.796366,0.840942,0.460835,0.196883,1.885293,1.807092,1.083421,0.49047,0.141596,2.32133,1.827194,2.138558,0.596967,0.188871,2.937347,1.213894,1.037333,0.580413,0.167128,4.428501,1.945049,2.507025,1.15813,0.660953,concentrate
5.72163,2.267523,1.516355,0.871209,0.398576,2.453163,3.19579,1.076555,0.606783,0.393941,1.797538,3.523492,1.76428,0.445471,0.194092,1.976943,3.652987,0.929454,0.477407,0.190086,2.138429,1.913341,1.024069,0.464439,0.137745,2.871027,1.831945,2.142481,0.561449,0.177037,2.900018,1.294683,1.025043,0.526459,0.167682,4.65529,1.839411,2.490097,1.024121,0.646745,concentrate
5.904985,2.012115,1.463754,0.944306,0.476771,2.725068,2.655041,1.155636,0.671055,0.387155,1.958903,3.042028,1.769429,0.475755,0.196299,2.161456,3.230709,1.05419,0.499216,0.189479,2.650489,1.979157,0.986075,0.44029,0.141964,3.483051,1.779421,1.975702,0.518167,0.175532,2.929501,1.436949,1.076843,0.46682,0.167447,4.942522,1.815156,2.463748,0.918377,0.657824,concentrate
5.91029,1.812197,1.333006,1.017022,0.585577,3.154138,2.13325,1.341509,0.733365,0.387619,2.028485,2.445308,1.647098,0.505192,0.202119,2.382638,2.651602,1.225868,0.527191,0.198922,3.706269,2.04903,1.042758,0.437767,0.153985,4.16517,1.722844,1.725115,0.500565,0.187091,3.284484,1.672825,1.241004,0.432223,0.169262,5.391334,1.937031,2.43274,0.880808,0.698833,concentrate
5.779096,1.694846,1.192683,1.091272,0.701813,3.700679,1.763104,1.616289,0.771619,0.397849,2.012725,1.847662,1.440895,0.532156,0.210643,2.631793,2.058165,1.417737,0.5542,0.215325,5.489123,2.192505,1.232956,0.463821,0.16925,4.944142,1.684737,1.523208,0.530451,0.208875,4.169264,2.003169,1.513997,0.43636,0.173893,6.062526,2.163747,2.388213,0.924459,0.756052,concentrate
5.549298,1.658734,1.106689,1.163054,0.79414,4.277463,1.62398,1.906643,0.766448,0.410589,1.972429,1.357932,1.220718,0.555223,0.217379,2.91364,1.598735,1.583546,0.571789,0.231028,7.786015,2.435961,1.533328,0.514509,0.181336,5.766454,1.642058,1.473749,0.603385,0.233925,5.503854,2.37326,1.830221,0.473421,0.180423,6.816185,2.373322,2.317584,1.032499,0.80859,concentrate
5.308705,1.679891,1.11412,1.21946,0.83521,4.810726,1.703201,2.115519,0.714751,0.412639,1.980602,1.038401,1.047283,0.57812,0.215878,3.233988,1.358965,1.671725,0.576852,0.237656,10.000994,2.709081,1.858099,0.578992,0.184702,6.493485,1.557754,1.590601,0.695336,0.253661,6.890227,2.669362,2.079974,0.523311,0.186934,7.364997,2.427026,2.205216,1.178217,0.839989,concentrate
5.053272,1.722327,1.206806,1.240169,0.812383,5.164122,1.925609,2.171762,0.632363,0.39358,2.041228,0.901746,0.951096,0.610187,0.202149,3.532195,1.343269,1.652626,0.572758,0.230958,11.425237,2.895055,2.109129,0.641032,0.177634,6.934556,1.425709,1.812014,0.779652,0.261063,7.806552,2.786228,2.173767,0.561021,0.191185,7.419255,2.280664,2.061021,1.329515,0.844955,concentrate
4.703864,1.750671,1.342304,1.213056,0.733115,5.231093,2.162752,2.061262,0.542891,0.351424,2.103315,0.905854,0.933919,0.657608,0.176916,3.711428,1.466104,1.534344,0.563163,0.212332,11.569777,2.898805,2.24339,0.686243,0.163122,6.942185,1.281934,2.046674,0.8447,0.254576,7.87585,2.685201,2.103691,0.570141,0.191667,6.928142,2.010799,1.923769,1.447713,0.830573,concentrate
4.266706,1.739874,1.465774,1.140262,0.622575,4.942566,2.277794,1.815245,0.46659,0.293803,2.093048,0.96734,0.967427,0.717299,0.14609,3.671816,1.590189,1.343613,0.549468,0.187559,10.355951,2.700736,2.270221,0.703975,0.147306,6.455139,1.184543,2.22459,0.894511,0.240443,7.023247,2.406758,1.925161,0.548573,0.188502,6.035524,1.774329,1.825581,1.503071,0.811058,concentrate
3.585036,1.689296,1.521505,1.035643,0.513807,4.344115,2.219019,1.498482,0.410793,0.234525,1.976896,1.024345,1.00618,0.768747,0.117887,3.382864,1.626485,1.115343,0.525701,0.164212,8.182893,2.354687,2.234592,0.685811,0.136177,5.57132,1.175096,2.329293,0.935571,0.229546,5.515135,2.038271,1.7242,0.503885,0.182822,5.024177,1.699042,1.79226,1.483187,0.796879,concentrate
2.947139,1.618455,1.482113,0.926337,0.432618,3.570028,2.000323,1.185015,0.381387,0.186277,1.777529,1.035617,1.017032,0.789826,0.09919,2.89428,1.539703,0.888129,0.491496,0.148959,5.737415,1.979471,2.188959,0.627659,0.132139,4.523163,1.274513,2.377801,0.963944,0.230798,3.813866,1.692506,1.578014,0.445943,0.176206,4.172996,1.829913,1.838058,1.405003,0.787235,concentrate
2.349055,1.544552,1.358722,0.838289,0.386755,2.811255,1.684554,0.926936,0.384152,0.157425,1.552016,0.986318,0.984233,0.768559,0.094007,2.324209,1.349278,0.684221,0.454839,0.146289,3.684037,1.658397,2.156553,0.54203,0.13278,3.573825,1.421875,2.395588,0.970437,0.245705,2.373366,1.42741,1.512833,0.389196,0.169701,3.628592,2.090245,1.955549,1.309788,0.772487,concentrate
1.957899,1.464917,1.181064,0.784139,0.36924,2.253935,1.352103,0.761573,0.42431,0.15109,1.366505,0.88904,0.916912,0.705854,0.102538,1.825902,1.116576,0.529211,0.428281,0.15719,2.346246,1.413326,2.126129,0.458579,0.133128,2.889101,1.510989,2.386527,0.942548,0.267231,1.432655,1.235936,1.503793,0.350533,0.163643,3.351314,2.310611,2.104275,1.245983,0.740849,concentrate
2.190374,1.35997,0.986262,0.764977,0.367521,2.033874,1.065118,0.708823,0.500065,0.166616,1.266212,0.779495,0.84631,0.616684,0.121975,1.534088,0.906735,0.45243,0.421938,0.180138,1.667004,1.231147,2.086302,0.410578,0.129847,2.50456,1.478691,2.340443,0.872709,0.284223,0.973453,1.076255,1.515682,0.344685,0.158362,3.151538,2.336067,2.2364,1.251875,0.689939,concentrate
3.205134,1.227118,0.824678,0.776578,0.370112,2.158603,0.852484,0.773055,0.595554,0.201477,1.26109,0.69052,0.808662,0.523922,0.147872,1.497375,0.756094,0.468202,0.436081,0.212834,1.388932,1.059629,2.055057,0.420886,0.123844,2.35156,1.324656,2.258329,0.773173,0.287412,0.819816,0.891788,1.530046,0.376599,0.154472,2.874949,2.100955,2.318314,1.341868,0.626681,concentrate
4.850882,1.100924,0.761153,0.815878,0.368324,2.528265,0.715139,0.938579,0.686123,0.251301,1.358283,0.637589,0.828462,0.447223,0.175024,1.682158,0.665244,0.566333,0.459078,0.253878,1.291624,0.880723,2.067449,0.487191,0.119682,2.355993,1.141355,2.172127,0.674374,0.273836,0.823475,0.682395,1.55408,0.437289,0.153768,2.471521,1.692537,2.350538,1.499623,0.565629,concentrate
6.881338,1.038306,0.854726,0.884603,0.358768,2.98546,0.613298,1.151747,0.746487,0.309014,1.564512,0.613569,0.903281,0.396613,0.198377,1.989695,0.599697,0.702422,0.472091,0.301537,1.323493,0.76702,2.139981,0.586504,0.122585,2.481643,1.052422,2.1181,0.601701,0.247546,0.945723,0.524615,1.605512,0.508602,0.158083,2.01008,1.271885,2.34823,1.680407,0.523508,concentrate
8.730928,1.0775,1.12058,0.987306,0.342215,3.3836,0.51649,1.349501,0.766355,0.365523,1.89286,0.606358,1.011232,0.377918,0.214108,2.311033,0.535466,0.826143,0.464986,0.351678,1.509661,0.805283,2.239246,0.691914,0.135093,2.733825,1.124853,2.093896,0.567888,0.216896,1.186154,0.492984,1.673583,0.571268,0.167643,1.614311,0.96459,2.307531,1.830864,0.509932,concentrate
10.053719,1.203751,1.530556,1.120391,0.323323,3.609922,0.429275,1.48334,0.754451,0.411483,2.313571,0.6069,1.123199,0.389106,0.220086,2.55372,0.475534,0.902846,0.438869,0.397042,1.837457,1.007989,2.289222,0.782903,0.154912,3.097834,1.333757,2.066477,0.56857,0.190741,1.507545,0.599409,1.719281,0.615154,0.181117,1.398169,0.818605,2.213691,1.915011,0.526289,concentrate
10.28706,1.36946,1.990389,1.267013,0.308108,3.615731,0.377902,1.535382,0.728862,0.439073,2.730444,0.62012,1.211172,0.422817,0.216357,2.654769,0.441302,0.923705,0.402546,0.42841,2.188322,1.315984,2.212674,0.85333,0.175478,3.470661,1.588747,1.984896,0.591869,0.174195,1.809006,0.814467,1.697498,0.6441,0.194797,1.387366,0.823693,2.052886,1.927935,0.562958,concentrate
9.621905,1.502444,2.363302,1.396904,0.303745,3.396259,0.389017,1.516104,0.702854,0.446134,3.009935,0.651833,1.247233,0.465799,0.205882,2.59284,0.450383,0.899651,0.364491,0.438537,2.453909,1.639584,1.981751,0.907396,0.190901,3.706388,1.774372,1.81081,0.626281,0.167574,2.036819,1.094926,1.583256,0.66911,0.205264,1.555344,0.92836,1.826755,1.886915,0.604456,concentrate
8.041919,1.561138,2.51834,1.479642,0.316085,3.053677,0.521878,1.456291,0.677479,0.436216,3.064579,0.724104,1.213273,0.503486,0.193635,2.421211,0.544411,0.85679,0.329914,0.426094,2.59224,1.897641,1.633321,0.946586,0.198988,3.671458,1.799411,1.541376,0.665724,0.168382,2.201554,1.390373,1.386486,0.696326,0.211671,1.818645,1.069553,1.552932,1.814113,0.636133,concentrate
6.292725,1.576023,2.388501,1.493887,0.346595,2.733298,0.831903,1.384024,0.640552,0.415444,2.905434,0.869449,1.108568,0.520058,0.184243,2.251684,0.769973,0.818515,0.297938,0.396224,2.639739,2.052873,1.239231,0.963062,0.202462,3.322403,1.649374,1.214985,0.703935,0.175931,2.366188,1.653796,1.140242,0.720883,0.21558,2.088058,1.212706,1.249052,1.722064,0.647804,concentrate
4.62457,1.606034,2.008426,1.436555,0.390387,2.573753,1.332155,1.316513,0.581272,0.388676,2.641705,1.118951,0.958689,0.50763,0.180377,2.201714,1.153039,0.794944,0.267499,0.358343,2.707817,2.10046,0.878401,0.943975,0.204999,2.767964,1.389183,0.900891,0.733023,0.191496,2.621089,1.827906,0.887161,0.730257,0.218733,2.305863,1.33799,0.954968,1.613783,0.633645,concentrate
3.439254,1.691966,1.498373,1.325698,0.434515,2.640065,1.961772,1.249891,0.501364,0.357943,2.423168,1.467042,0.794356,0.467702,0.181045,2.342329,1.674083,0.777605,0.239589,0.32179,2.888746,2.075563,0.601479,0.883044,0.20846,2.202159,1.123445,0.654114,0.748154,0.214889,3.003067,1.883858,0.66378,0.713227,0.221083,2.470514,1.430642,0.714154,1.484722,0.594251,concentrate
2.627328,1.829886,0.99962,1.193237,0.461914,2.857298,2.584846,1.173393,0.427242,0.325581,2.317721,1.85844,0.643591,0.413892,0.182881,2.618759,2.255651,0.749903,0.222122,0.293204,3.171476,2.051582,0.415709,0.799473,0.212736,1.791036,0.953893,0.489405,0.757635,0.242621,3.449117,1.849687,0.490768,0.675407,0.221316,2.576816,1.488338,0.542236,1.342229,0.53847,concentrate
2.083441,1.997414,0.628184,1.060713,0.459348,3.097661,3.032183,1.086703,0.389927,0.295257,2.302049,2.202715,0.529444,0.361114,0.182178,2.902483,2.769852,0.704046,0.220153,0.274291,3.447702,2.113852,0.305065,0.744172,0.216967,1.620067,0.956851,0.394151,0.782323,0.266977,3.81429,1.793113,0.372711,0.643365,0.218179,2.684723,1.529199,0.431467,1.212547,0.479124,concentrate
1.781841,2.144405,0.444154,0.938078,0.425975,3.198797,3.179458,1.001812,0.406582,0.269697,2.300725,2.40467,0.474572,0.323765,0.176058,3.052217,3.087557,0.650393,0.23427,0.261842,3.628219,2.340693,0.261684,0.773221,0.220682,1.749878,1.148182,0.35666,0.849833,0.27887,3.986365,1.797456,0.3158,0.650405,0.211081,2.930257,1.574978,0.368145,1.134809,0.426374,concentrate
1.86692,2.233083,0.450199,0.832801,0.3774,3.12028,3.011077,0.953608,0.474589,0.250989,2.250805,2.404517,0.513388,0.313545,0.165254,3.005528,3.131165,0.630201,0.265272,0.253384,3.75727,2.793954,0.285778,0.907188,0.223729,2.288265,1.502701,0.388345,0.978353,0.272779,3.963608,1.932397,0.32655,0.71378,0.200978,3.63811,1.666906,0.34032,1.138978,0.386373,concentrate
2.399408,2.340121,0.620631,0.754061,0.3387,2.879812,2.630255,0.984919,0.572838,0.241501,2.154477,2.226896,0.67927,0.339584,0.15376,2.800082,2.915362,0.69159,0.316931,0.249817,4.002638,3.532523,0.373263,1.111773,0.225368,3.363662,2.041742,0.513671,1.154474,0.249447,3.888501,2.253472,0.399993,0.819777,0.190428,5.117049,1.939959,0.352109,1.227707,0.364109,concentrate
3.282836,2.671134,0.90143,0.710786,0.332591,2.642146,2.236167,1.102401,0.668765,0.243235,2.074461,2.005764,0.957735,0.405513,0.145781,2.559013,2.56729,0.844241,0.389756,0.252773,4.510676,4.550746,0.507395,1.308822,0.224197,4.980654,2.825741,0.737018,1.327442,0.215023,3.929565,2.767821,0.514226,0.926808,0.183294,7.385991,2.589667,0.415726,1.368448,0.364535,concentrate
4.230997,3.385549,1.21452,0.70656,0.366971,2.4681,2.033864,1.271731,0.732575,0.254728,2.048732,1.913367,1.276943,0.502498,0.143191,2.370964,2.272117,1.053975,0.474002,0.260207,5.262205,5.695505,0.654318,1.413692,0.219259,6.984485,3.835418,1.008195,1.432834,0.178368,4.140006,3.394861,0.634165,0.985465,0.182369,10.041559,3.699443,0.526393,1.502721,0.391143,concentrate
5.023736,4.456868,1.502804,0.734218,0.430799,2.344425,2.104765,1.428249,0.749988,0.271896,2.054214,2.039126,1.540108,0.606758,0.144675,2.236308,2.153094,1.254406,0.550458,0.266111,6.072868,6.700833,0.768394,1.37689,0.210692,9.060781,4.936602,1.242183,1.42547,0.147179,4.400107,3.990866,0.723865,0.963325,0.187205,12.376514,5.140414,0.658932,1.572693,0.44028,concentrate
5.24415,5.617126,1.72813,0.770771,0.499131,2.199679,2.373607,1.50273,0.721682,0.289862,2.034141,2.326106,1.662784,0.685525,0.146775,2.095272,2.208377,1.370794,0.595542,0.26389,6.671637,7.266275,0.800231,1.20449,0.199769,10.814346,5.839058,1.366511,1.305435,0.125929,4.546184,4.383785,0.750809,0.85935,0.194838,13.654107,6.557653,0.780947,1.551083,0.499752,concentrate
4.951145,6.493172,1.861426,0.789403,0.547382,1.95925,2.682745,1.459217,0.662268,0.304624,1.946867,2.628489,1.610314,0.710069,0.146251,1.879738,2.358428,1.363183,0.59221,0.249987,6.852275,7.201733,0.736979,0.952221,0.190367,11.881626,6.243709,1.339426,1.112728,0.115852,4.442846,4.467122,0.708737,0.704505,0.202834,13.450012,7.530403,0.853208,1.451685,0.556203,concentrate
4.144051,6.758711,1.881629,0.770086,0.563164,1.617193,2.885572,1.314711,0.592829,0.312974,1.783828,2.788032,1.413462,0.669406,0.141752,1.573767,2.502136,1.248157,0.540843,0.225655,6.534956,6.516033,0.609141,0.695193,0.187167,12.015779,5.978919,1.173331,0.903281,0.116734,4.065398,4.23978,0.61805,0.543166,0.210103,11.87954,7.745392,0.848026,1.310473,0.599959,concentrate
3.144836,6.262601,1.793582,0.707117,0.54894,1.24019,2.91515,1.135669,0.534538,0.311592,1.567611,2.692705,1.153157,0.57517,0.133651,1.225288,2.561926,1.08115,0.458535,0.195663,5.768951,5.355555,0.472191,0.492512,0.19276,11.178035,5.066644,0.932159,0.722596,0.130553,3.462329,3.75708,0.519499,0.411398,0.215594,9.44865,7.094722,0.772974,1.167783,0.624142,concentrate
2.167261,5.116015,1.619716,0.613395,0.519172,0.925329,2.824782,0.988093,0.504215,0.298648,1.329265,2.344964,0.918126,0.455631,0.123979,0.914675,2.547761,0.920721,0.369935,0.166743,4.708651,4.029901,0.387204,0.367753,0.207488,9.539704,3.751428,0.695874,0.590744,0.161534,2.759859,3.179839,0.462056,0.327569,0.219209,6.866095,5.74611,0.671296,1.061155,0.627897,concentrate
1.370969,3.631227,1.384682,0.515127,0.491351,0.743348,2.724975,0.900546,0.50974,0.276496,1.093819,1.840726,0.753601,0.343727,0.115651,0.704724,2.518589,0.796282,0.297478,0.145366,3.578826,2.872789,0.385682,0.312653,0.228646,7.472729,2.385592,0.520815,0.50646,0.211122,2.102841,2.690018,0.474093,0.291508,0.220973,4.726388,4.087817,0.591187,1.015288,0.615706,concentrate
0.788816,2.21864,1.116395,0.442156,0.476687,0.748928,2.702036,0.856863,0.546221,0.254193,0.90211,1.332259,0.653098,0.26271,0.111647,0.65156,2.532229,0.701381,0.251467,0.136378,2.571374,2.095339,0.448984,0.30507,0.252805,5.359138,1.296203,0.424629,0.45906,0.273532,1.592415,2.398858,0.545504,0.293433,0.222485,3.249953,2.565122,0.559442,1.034493,0.597185,concentrate
0.454094,1.180238,0.843211,0.413057,0.475251,0.964911,2.750697,0.816194,0.599682,0.243056,0.808155,0.941702,0.577187,0.219682,0.113471,0.791263,2.583822,0.608824,0.232411,0.141771,1.843999,1.715328,0.530153,0.330669,0.277233,3.578168,0.655215,0.385833,0.439302,0.335539,1.289622,2.298679,0.63659,0.324115,0.226757,2.421049,1.472664,0.570349,1.106392,0.585065,concentrate
0.456641,0.600919,0.597096,0.430058,0.476952,1.366937,2.784475,0.747558,0.650474,0.248809,0.853454,0.704539,0.490474,0.210333,0.120185,1.109555,2.612633,0.500105,0.237356,0.159403,1.426724,1.587346,0.582819,0.380728,0.299297,2.290835,0.400274,0.363565,0.440434,0.381541,1.173763,2.270599,0.698242,0.374975,0.235007,1.949478,0.850872,0.586128,1.203649,0.58782,concentrate
0.627903,0.374851,0.418694,0.482656,0.468828,1.869345,2.702481,0.651126,0.67944,0.267977,1.051362,0.598019,0.392251,0.226271,0.129612,1.551203,2.559457,0.381947,0.262978,0.183384,1.306981,1.541091,0.591202,0.439319,0.315839,1.531478,0.364638,0.337411,0.453813,0.401152,1.216736,2.180409,0.701627,0.430845,0.244733,1.689901,0.582292,0.577788,1.281449,0.6064,concentrate
1.030775,0.359182,0.325721,0.55396,0.443919,2.432269,2.477474,0.560734,0.675776,0.289358,1.368635,0.593442,0.309105,0.260228,0.139235,2.041869,2.420696,0.282202,0.305565,0.205865,1.422564,1.475781,0.56257,0.484328,0.323307,1.22136,0.442495,0.311139,0.46558,0.393699,1.375773,1.963784,0.646604,0.473193,0.251171,1.553904,0.528715,0.533873,1.293503,0.635195,concentrate
1.504983,0.472123,0.305397,0.622472,0.403895,2.92872,2.188916,0.506504,0.641086,0.300157,1.707966,0.700126,0.258756,0.306389,0.146461,2.47014,2.271469,0.216181,0.358312,0.219321,1.62077,1.370434,0.517534,0.497553,0.319643,1.155486,0.620387,0.2934,0.462419,0.366777,1.56786,1.649312,0.555723,0.488469,0.250684,1.519619,0.601633,0.463676,1.216872,0.669232,concentrate
1.837799,0.692725,0.330088,0.665999,0.357345,3.305293,1.992791,0.494634,0.587577,0.29204,1.976085,0.970376,0.24158,0.355511,0.149638,2.742401,2.241426,0.181175,0.409541,0.219056,1.730971,1.240801,0.472106,0.472463,0.305369,1.153148,0.898189,0.284282,0.437065,0.332335,1.709284,1.317727,0.459434,0.473871,0.243089,1.519228,0.74778,0.381485,1.062229,0.707365,concentrate
1.946943,0.989289,0.379734,0.675437,0.314178,3.496247,2.007038,0.503248,0.530787,0.26423,2.099619,1.414047,0.24734,0.397055,0.149195,2.811306,2.408246,0.167215,0.447931,0.205303,1.71988,1.112618,0.43902,0.417897,0.28362,1.142349,1.227425,0.282111,0.394023,0.30226,1.841454,1.049525,0.385498,0.438994,0.231921,1.580274,0.919863,0.312822,0.8755,0.751852,concentrate
1.90638,1.311435,0.438908,0.659649,0.282745,3.509895,2.244416,0.501832,0.48453,0.225804,2.04879,1.969341,0.260536,0.424721,0.147887,2.684816,2.748166,0.160487,0.467018,0.183283,1.678198,1.009908,0.424153,0.351094,0.25854,1.161589,1.5078,0.280578,0.347734,0.284829,2.074245,0.888271,0.347585,0.399129,0.22286,1.758951,1.071461,0.272989,0.716844,0.805216,concentrate
1.660712,1.607463,0.498546,0.639907,0.269409,3.410414,2.625512,0.472329,0.452027,0.190065,1.873021,2.526283,0.271314,0.437228,0.149526,2.450438,3.162867,0.152135,0.466083,0.160761,1.73228,0.940804,0.423286,0.288367,0.233314,1.266177,1.641748,0.273615,0.310292,0.284825,2.505701,0.829042,0.341216,0.365882,0.219893,2.088439,1.165109,0.256895,0.633011,0.865624,concentrate
1.359401,1.845971,0.561554,0.645195,0.278717,3.261236,3.006145,0.410052,0.426027,0.16751,1.644165,2.955558,0.276167,0.435679,0.155955,2.195506,3.507977,0.140039,0.449761,0.143327,1.945791,0.888222,0.42892,0.238729,0.209481,1.4579,1.594315,0.26634,0.287617,0.305868,3.094851,0.821317,0.353819,0.342551,0.222716,2.516387,1.173746,0.265752,0.642068,0.929827,concentrate
1.107758,2.018602,0.636174,0.701994,0.313347,3.043605,3.252553,0.326919,0.39743,0.162956,1.41253,3.157246,0.27335,0.423268,0.166888,1.943035,3.663657,0.126395,0.42585,0.132565,2.252749,0.821771,0.43909,0.202497,0.187814,1.666295,1.399104,0.266252,0.282092,0.354405,3.647658,0.801336,0.375064,0.32403,0.226928,2.898413,1.08586,0.303984,0.735521,0.998677,concentrate
0.927753,2.12824,0.726082,0.82261,0.370929,2.729472,3.305618,0.250727,0.36449,0.176383,1.206649,3.10463,0.262432,0.405196,0.180182,1.691559,3.592192,0.116799,0.40132,0.127748,2.520567,0.734981,0.449319,0.178077,0.168772,1.801684,1.149513,0.275097,0.298503,0.433351,3.933473,0.738915,0.39832,0.304627,0.226648,3.155957,0.938083,0.379673,0.875671,1.072876,concentrate
0.839004,2.170985,0.827779,1.000135,0.44134,2.29301,3.196012,0.205619,0.337806,0.204361,1.030701,2.849625,0.24819,0.388665,0.193064,1.422533,3.350509,0.120938,0.381037,0.128519,2.650699,0.638082,0.453001,0.164996,0.154166,1.820036,0.934124,0.289693,0.350193,0.536896,3.83194,0.639864,0.421996,0.285182,0.219702,3.300627,0.77989,0.494826,1.02317,1.151634,concentrate
0.805146,2.146205,0.927008,1.211195,0.508772,1.814999,2.999882,0.209882,0.337384,0.2435,0.882782,2.503681,0.236346,0.379496,0.203855,1.167519,3.037292,0.151618,0.367808,0.136263,2.647501,0.567989,0.467481,0.164212,0.149991,1.766894,0.817274,0.303821,0.457505,0.653239,3.402395,0.544722,0.467324,0.277126,0.213414,3.431914,0.671666,0.634358,1.144168,1.231709,concentrate
0.835527,2.073933,0.990016,1.425261,0.557888,1.412595,2.791071,0.271464,0.396005,0.304273,0.767725,2.185885,0.230552,0.387364,0.215953,0.969517,2.741852,0.218364,0.374444,0.163467,2.649178,0.622114,0.544367,0.202649,0.169251,1.747874,0.841156,0.306261,0.639172,0.78055,2.834798,0.555495,0.576471,0.32825,0.239055,3.651393,0.688436,0.756971,1.201564,1.314625,concentrate
0.968657,1.985451,1.00306,1.616842,0.58553,1.266484,2.638065,0.412524,0.557893,0.432285,0.697855,1.97033,0.248851,0.431249,0.244208,0.889634,2.519913,0.333732,0.43647,0.2483,2.865325,0.89513,0.75546,0.379477,0.251578,1.828507,1.01512,0.303614,0.906696,0.960185,2.354488,0.781339,0.79475,0.580229,0.398176,3.958739,0.925158,0.851268,1.193292,1.440738,concentrate
1.240781,1.942153,0.999082,1.762543,0.613333,1.472351,2.58538,0.662869,0.86698,0.696265,0.678647,1.859733,0.326126,0.528959,0.314202,0.94657,2.368823,0.513136,0.600157,0.444294,3.383032,1.435692,1.145642,0.820473,0.486932,1.971534,1.349801,0.324461,1.244516,1.269959,2.157004,1.247154,1.128664,1.223476,0.865514,4.33307,1.452366,0.976601,1.151178,1.690088,concentrate
1.704589,2.027439,1.037132,1.847959,0.677316,1.96586,2.636715,1.041263,1.330266,1.141526,0.699983,1.810285,0.497231,0.690117,0.449613,1.115495,2.234986,0.776183,0.894269,0.788018,4.072856,2.232146,1.68822,1.602616,0.987027,2.061769,1.939783,0.386361,1.607456,1.777302,2.263414,1.881076,1.512814,2.359813,1.788336,4.825357,2.333003,1.201887,1.111161,2.13449,concentrate
2.214793,2.333627,1.162903,1.871043,0.800686,2.538542,2.768506,1.530365,1.887014,1.751308,0.743374,1.77389,0.770802,0.898301,0.652682,1.341551,2.066978,1.121071,1.294319,1.261924,4.677301,3.226041,2.282511,2.695619,1.809299,2.010142,2.922184,0.484074,1.935083,2.479097,2.577993,2.550341,1.844956,3.889405,3.154949,5.528272,3.585168,1.568186,1.095407,2.777515,concentrate
2.939104,2.895796,1.406296,1.847908,0.973301,2.98438,2.941628,2.034697,2.412179,2.432189,0.813213,1.750891,1.1141,1.10885,0.894156,1.588247,1.87408,1.494023,1.717038,1.783441,4.92946,4.303232,2.792803,3.923109,2.897747,1.831754,4.331984,0.588643,2.168907,3.264191,2.941593,3.13388,2.03534,5.493757,4.73243,6.544209,5.112902,2.03542,1.127873,3.521078,concentrate
4.424259,3.74432,1.718803,1.816913,1.156526,3.133301,3.136474,2.42977,2.765968,3.040132,0.891907,1.799251,1.451804,1.266169,1.118894,1.808056,1.749351,1.814023,2.048911,2.229603,4.748547,5.284427,3.096527,5.045351,4.073947,1.634894,5.996091,0.665758,2.2743,3.934541,3.216372,3.54523,2.045237,6.735362,6.121939,7.705436,6.673861,2.470307,1.238909,4.180224,concentrate
7.195154,4.837312,2.022981,1.822535,1.305411,2.964827,3.341573,2.620355,2.853543,3.435963,0.974575,1.968769,1.716012,1.324326,1.266385,1.976243,1.7943,2.023763,2.189828,2.486624,4.178678,5.989964,3.142623,5.877852,5.080956,1.519916,7.542675,0.72317,2.252791,4.282999,3.318878,3.752759,1.894335,7.238616,6.920311,8.677675,7.916254,2.76555,1.453914,4.548526,concentrate
12.333323,6.018743,2.22674,1.876224,1.394048,2.539224,3.524437,2.587574,2.666192,3.539617,1.018718,2.253284,1.861269,1.26362,1.298106,2.037632,2.046528,2.10831,2.100955,2.500486,3.385905,6.281325,2.968029,6.375404,5.69051,1.495694,8.516412,0.802379,2.136219,4.189421,3.201353,3.756174,1.655683,6.865568,6.902506,8.973364,8.484074,2.862889,1.753664,4.488619,concentrate
19.176533,7.012769,2.289052,1.945946,1.422151,2.001857,3.63483,2.403998,2.283721,3.361307,1.007249,2.578941,1.892409,1.103983,1.215653,1.97717,2.455448,2.123182,1.833625,2.300744,2.594327,6.100014,2.669348,6.61809,5.79169,1.532995,8.583516,0.96157,1.980974,3.684419,2.887611,3.565246,1.401849,5.781195,6.126377,8.313802,8.17825,2.7971,2.084095,4.00599,concentrate
26.249294,7.553364,2.266555,2.000252,1.409226,1.503813,3.615644,2.198666,1.835008,2.999583,0.925789,2.835043,1.872789,0.904067,1.060337,1.792056,2.891692,2.171479,1.505903,1.987396,1.953139,5.48821,2.350419,6.700418,5.43407,1.555889,7.697787,1.246587,1.848993,2.943178,2.456581,3.208341,1.189871,4.374504,4.902701,6.847945,7.096303,2.705948,2.409366,3.267154,concentrate
31.750412,7.470498,2.236391,2.019737,1.383663,1.128214,3.41976,2.104597,1.450885,2.597425,0.779736,2.927176,1.882355,0.729812,0.894917,1.501713,3.213314,2.358994,1.24279,1.686517,1.515786,4.578401,2.081327,6.655942,4.796227,1.497351,6.124441,1.638123,1.782648,2.198256,2.023343,2.738437,1.048131,3.080204,3.64382,4.963441,5.607342,2.736647,2.703092,2.529464,concentrate
33.498531,6.74496,2.249257,1.995549,1.363267,0.881952,3.055539,2.17887,1.218697,2.271652,0.594449,2.823125,1.960328,0.629122,0.774879,1.153473,3.331578,2.72163,1.122767,1.493702,1.277989,3.57013,1.882859,6.442701,4.092981,1.360871,4.325037,2.047548,1.798998,1.632522,1.713687,2.223826,0.960989,2.195074,2.672668,3.313503,4.148165,2.931521,2.9314,2.014487,concentrate
31.004992,5.538943,2.290439,1.934847,1.349935,0.720924,2.591407,2.370118,1.153467,2.064896,0.413415,2.571288,2.088613,0.615028,0.726381,0.810636,3.248036,3.193344,1.149129,1.43717,1.184113,2.659739,1.717894,5.97557,3.479794,1.204713,2.751675,2.360744,1.888864,1.310143,1.552428,1.739585,0.887389,1.77601,2.100969,2.251336,3.046883,3.205808,3.052922,1.815948,concentrate
24.907455,4.15003,2.304862,1.860662,1.332252,0.61249,2.141585,2.545213,1.204673,1.944835,0.283046,2.280781,2.202838,0.675637,0.739205,0.547023,3.047675,3.620343,1.270455,1.479974,1.134081,1.983644,1.529013,5.220093,3.008747,1.076481,1.679299,2.486096,2.018175,1.17451,1.501477,1.355404,0.807166,1.676397,1.836794,1.843366,2.417361,3.398178,3.032177,1.873783,concentrate
17.173838,2.922184,2.228378,1.783995,1.296089,0.567503,1.830525,2.564481,1.289115,1.846938,0.230653,2.059121,2.226279,0.787106,0.780083,0.409968,2.84219,3.833063,1.420306,1.560083,1.104033,1.614544,1.29249,4.27197,2.642059,0.995439,1.161301,2.405441,2.131832,1.111717,1.50247,1.155311,0.719849,1.691944,1.702815,1.805775,2.222834,3.36943,2.852813,2.042539,concentrate
10.118137,2.118995,2.038631,1.693965,1.234838,0.574696,1.729728,2.367373,1.341515,1.72124,0.270229,1.961895,2.11624,0.918931,0.817122,0.391232,2.700867,3.733314,1.545534,1.630222,1.170198,1.593788,1.053496,3.332454,2.313772,0.977958,1.098949,2.179606,2.169781,1.037323,1.538452,1.202635,0.642468,1.689053,1.570988,1.909999,2.355398,3.078802,2.524693,2.180863,concentrate
5.233449,1.854089,1.764298,1.563964,1.152038,0.640098,1.828885,2.006903,1.333292,1.545395,0.42458,1.983112,1.893781,1.035297,0.827055,0.473335,2.635227,3.335407,1.60552,1.65994,1.370006,1.90311,0.879945,2.578447,1.988925,1.073544,1.340202,1.884921,2.084103,0.924137,1.606295,1.487395,0.58946,1.607514,1.401105,2.148375,2.707323,2.597576,2.092923,2.203737,concentrate
2.900515,2.011687,1.477399,1.381165,1.050813,0.781843,2.054165,1.590281,1.267601,1.328432,0.718445,2.071445,1.6143,1.106789,0.799409,0.648423,2.618204,2.727583,1.578121,1.632325,1.714927,2.511019,0.813725,2.089727,1.67018,1.371005,1.829953,1.597111,1.872449,0.79686,1.718851,1.98658,0.564538,1.440927,1.211471,2.627366,3.248374,2.067034,1.636721,2.099735,concentrate
2.486388,2.328188,1.255226,1.161051,0.932502,0.969674,2.333553,1.234052,1.171304,1.106503,1.154156,2.156212,1.351981,1.113482,0.735093,0.872771,2.626475,2.048106,1.4598,1.540049,2.206135,3.40177,0.867147,1.830921,1.37783,1.924535,2.590209,1.361577,1.576645,0.693165,1.909398,2.699588,0.570266,1.237322,1.044781,3.381063,3.99069,1.619096,1.244646,1.907428,concentrate
2.904721,2.562178,1.138833,0.937485,0.802727,1.184063,2.651034,1.012766,1.082752,0.925007,1.693696,2.184879,1.159228,1.055659,0.647896,1.113278,2.682698,1.433454,1.274297,1.391925,2.781359,4.439914,0.997311,1.691837,1.140842,2.67656,3.543739,1.172898,1.260556,0.63539,2.186929,3.538972,0.593188,1.047393,0.93944,4.110409,4.82839,1.315922,0.988161,1.684051,concentrate
3.418945,2.645596,1.129296,0.745826,0.677509,1.359178,3.044954,0.947294,1.037988,0.818719,2.223296,2.169217,1.06679,0.946998,0.556801,1.306263,2.84778,0.992792,1.062576,1.212445,3.32952,5.372624,1.146125,1.587017,0.983532,3.445287,4.486936,1.010628,0.979487,0.623195,2.522969,4.310763,0.628978,0.895825,0.908092,4.712089,5.556516,1.163901,0.873397,1.477935,concentrate
3.979712,2.688944,1.168704,0.610723,0.576864,1.440936,3.517522,0.986329,1.049146,0.792526,2.615803,2.151496,1.036872,0.813883,0.480036,1.4304,3.136968,0.734249,0.878308,1.035613,3.713957,5.919546,1.252883,1.503937,0.917295,4.010267,5.164412,0.862563,0.770841,0.639975,2.842727,4.774431,0.662997,0.778188,0.93393,5.004611,5.944369,1.105526,0.846389,1.310537,concentrate
4.588681,2.852568,1.182614,0.53023,0.509474,1.41536,4.00525,1.050262,1.098817,0.819685,2.793743,2.183919,1.00541,0.683691,0.427267,1.498569,3.520017,0.606078,0.763658,0.890956,3.823333,5.887759,1.2838,1.454005,0.922723,4.239952,5.372629,0.727439,0.647312,0.662686,3.013413,4.771708,0.680767,0.684143,0.982983,4.79437,5.878519,1.082798,0.847089,1.177873,concentrate
4.846891,3.233559,1.137889,0.492541,0.469682,1.319823,4.398433,1.076463,1.149286,0.861117,2.786016,2.296185,0.936781,0.575829,0.397906,1.584948,3.920104,0.557153,0.727491,0.79318,3.668506,5.262636,1.227127,1.443186,0.966019,4.176147,5.045746,0.617422,0.591212,0.675125,3.020488,4.312253,0.669736,0.609523,1.020757,4.382765,5.39848,1.057941,0.841888,1.067148,concentrate
5.119523,3.767439,1.019009,0.482807,0.445334,1.213183,4.593214,1.022119,1.16111,0.886284,2.656359,2.477937,0.822218,0.496267,0.384994,1.723868,4.231959,0.539497,0.746673,0.740108,3.334075,4.235837,1.11354,1.45625,1.014159,4.008829,4.314105,0.537194,0.569686,0.672595,2.841738,3.56485,0.633293,0.55338,1.026159,3.807559,4.693227,1.013358,0.820453,0.969359,concentrate
5.267572,4.291068,0.874418,0.503664,0.429162,1.137016,4.574065,0.896898,1.127851,0.879613,2.489083,2.697345,0.695637,0.451596,0.379231,1.91895,4.402005,0.533629,0.790613,0.714811,2.945528,3.120411,1.033373,1.45706,1.040035,3.943676,3.47787,0.519527,0.552196,0.659027,2.560391,2.770603,0.602902,0.513721,0.994972,3.486168,4.033991,0.978427,0.796733,0.883452,concentrate
5.18815,4.648272,0.776926,0.577312,0.421821,1.12806,4.472676,0.750915,1.076782,0.837606,2.321925,2.925177,0.611453,0.454118,0.370781,2.115165,4.481081,0.542664,0.835972,0.691415,2.593584,2.236917,1.104726,1.415714,1.024876,4.054488,2.894548,0.6134,0.535425,0.640807,2.217943,2.148627,0.629877,0.487916,0.939511,3.297957,3.705893,0.99993,0.808426,0.813241,concentrate
4.951144,4.798451,0.759594,0.7281,0.431209,1.223734,4.588725,0.638164,1.046825,0.770662,2.16111,3.177294,0.592547,0.511632,0.35495,2.26414,4.653583,0.566578,0.875135,0.649257,2.322839,1.776673,1.407837,1.330332,0.967402,4.23958,2.814998,0.848475,0.539946,0.622618,1.900565,1.808416,0.769596,0.475037,0.881111,3.240455,3.903438,1.1143,0.893944,0.771103,concentrate
4.518372,4.879397,0.813918,0.960155,0.46511,1.554023,5.254506,0.610307,1.063562,0.699739,2.036829,3.526646,0.628601,0.618562,0.33253,2.416646,5.155714,0.618687,0.916278,0.584734,2.152936,1.772518,1.909324,1.22532,0.882146,4.300434,3.277578,1.181532,0.579177,0.605807,1.701181,1.753323,1.041978,0.475504,0.840332,3.129108,4.684808,1.329408,1.068453,0.77143,concentrate
4.146149,5.11298,0.880293,1.243735,0.523238,2.308182,6.616339,0.6797,1.119062,0.645349,2.036152,4.04243,0.671212,0.746337,0.306619,2.748466,6.122236,0.69617,0.961127,0.510326,2.107397,2.159471,2.480237,1.128072,0.7878,4.069842,4.095514,1.505956,0.649137,0.587726,1.756908,1.952853,1.389642,0.486776,0.823972,3.038879,5.9496,1.580774,1.306251,0.817375,concentrate
3.995596,5.642129,0.904961,1.519667,0.595623,3.67452,8.527285,0.835683,1.182477,0.616792,2.28096,4.731044,0.684656,0.854855,0.281058,3.5021,7.488341,0.796367,1.001099,0.443569,2.243683,2.785784,2.954519,1.052809,0.701458,3.583662,4.946863,1.701408,0.731252,0.564087,2.178101,2.336053,1.697266,0.501953,0.820341,3.23705,7.401263,1.788678,1.554763,0.891433,concentrate
4.362108,6.417469,0.859333,1.720299,0.666109,5.668136,10.557899,1.036185,1.223006,0.609836,2.887191,5.485913,0.656631,0.910122,0.257821,4.811864,8.977754,0.89865,1.022766,0.395103,2.566808,3.490919,3.204272,0.992829,0.634305,3.058797,5.547678,1.716076,0.804121,0.531834,2.935745,2.832118,1.864942,0.515372,0.808882,4.082413,8.667885,1.911544,1.764327,0.966826,concentrate
5.692214,7.266237,0.779776,1.791221,0.718089,7.969146,12.214679,1.231673,1.225165,0.612784,3.798686,6.170522,0.607909,0.896088,0.236472,6.531175,10.261518,0.983335,1.014367,0.364389,2.978018,4.149724,3.2373,0.93773,0.591458,2.7154,5.801825,1.623615,0.851486,0.491735,3.852831,3.374666,1.893063,0.522318,0.776931,5.644281,9.495406,1.985775,1.903139,1.01544,concentrate
7.998264,8.036256,0.713044,1.711584,0.739026,10.054475,13.260702,1.369607,1.195889,0.617269,4.787946,6.752391,0.560492,0.823366,0.216988,8.246143,11.196637,1.028966,0.976489,0.345239,3.351945,4.71271,3.134235,0.884122,0.572152,2.692853,5.851744,1.548398,0.86411,0.450459,4.655227,3.867473,1.832729,0.522648,0.72766,7.588928,9.804156,2.050722,1.956158,1.019451,concentrate
11.731469,8.781319,0.724519,1.50415,0.725521,11.652975,13.859387,1.44844,1.160198,0.621638,5.718838,7.34589,0.572046,0.724946,0.200405,9.691542,11.899337,1.064424,0.926484,0.333081,3.630244,5.202216,3.000901,0.837237,0.569105,3.022561,5.996513,1.646041,0.853175,0.417101,5.130785,4.219263,1.754037,0.519195,0.668666,9.416025,9.743117,2.17117,1.92752,0.980234,concentrate
15.83688,9.689102,0.888097,1.232082,0.683105,12.816965,14.326106,1.525989,1.143313,0.62517,6.660182,8.079334,0.734979,0.640898,0.186742,10.822689,12.551038,1.166853,0.885956,0.325218,3.821756,5.656862,2.929014,0.810792,0.570544,3.736958,6.537046,2.011526,0.846447,0.398716,5.173949,4.388266,1.717164,0.516935,0.605224,10.692339,9.612244,2.389543,1.834179,0.911317,concentrate
20.664165,10.912967,1.249105,0.97393,0.622657,13.823036,14.871922,1.658762,1.154852,0.623157,7.824494,8.956437,1.105866,0.599354,0.175223,11.778024,13.211571,1.398769,0.86697,0.319821,3.983042,6.085653,2.962943,0.817969,0.563719,4.910242,7.660574,2.662456,0.867783,0.397166,4.840825,4.380588,1.745913,0.519024,0.54205,11.263157,9.722487,2.736559,1.702673,0.833356,concentrate
25.161715,12.323959,1.786492,0.786252,0.556796,14.842712,15.445141,1.865167,1.180221,0.607629,9.297065,9.806331,1.647284,0.599789,0.164884,12.66463,13.733859,1.75331,0.85858,0.312727,4.167977,6.405802,3.054519,0.851387,0.541092,6.521497,9.236409,3.466169,0.920021,0.406675,4.288133,4.20357,1.798094,0.523634,0.486422,11.282936,10.150502,3.175496,1.559586,0.767754,concentrate
28.35018,13.579494,2.396302,0.686496,0.497311,15.78162,15.75728,2.112491,1.192002,0.571272,10.88101,10.396391,2.222913,0.619853,0.155598,13.378208,13.865335,2.144214,0.836802,0.298814,4.376141,6.493296,3.126999,0.883223,0.502689,8.34229,10.858624,4.199883,0.983634,0.415909,3.732035,3.878416,1.827705,0.521248,0.446058,10.985311,10.684312,3.611322,1.426271,0.726806,concentrate
29.678736,14.310981,2.913542,0.660155,0.452022,16.252998,15.478461,2.30719,1.16244,0.513188,12.125524,10.547091,2.645862,0.630965,0.148182,13.628489,13.401307,2.42649,0.779331,0.275041,4.511112,6.271315,3.112648,0.882324,0.455206,9.981095,12.097461,4.639905,1.029552,0.414766,3.259785,3.46142,1.799689,0.499296,0.427606,10.564219,11.034526,3.913828,1.316869,0.709473,concentrate
28.350063,14.232627,3.180023,0.679777,0.423173,15.738828,14.500747,2.331804,1.087133,0.442174,12.455366,10.173677,2.763106,0.619007,0.144775,13.026683,12.327955,2.458221,0.687074,0.244187,4.462548,5.808325,2.967051,0.833591,0.407727,10.987273,12.696053,4.676303,1.036085,0.399399,2.889755,3.068032,1.688341,0.453159,0.433636,10.011309,11.029408,3.985604,1.2356,0.704776,concentrate
24.797953,13.307559,3.103467,0.720238,0.40483,14.041336,13.09502,2.170892,1.000348,0.376014,11.533197,9.369105,2.54292,0.591997,0.147245,11.435484,10.922278,2.222001,0.593656,0.214296,4.294173,5.348426,2.702328,0.746198,0.370797,11.14051,12.605106,4.321267,0.997819,0.373334,2.644737,2.863276,1.518668,0.398203,0.459194,9.272242,10.69085,3.81527,1.180271,0.701611,concentrate
19.679583,11.73071,2.700877,0.758663,0.389542,11.57558,11.721045,1.854456,0.938885,0.338433,9.555984,8.331698,2.06571,0.565958,0.156159,9.220601,9.57585,1.786777,0.540458,0.196104,4.187247,5.142003,2.371928,0.648018,0.356534,10.472137,11.933011,3.710606,0.926475,0.345341,2.586675,2.957649,1.341762,0.364956,0.492252,8.331163,10.13729,3.470909,1.139935,0.696817,concentrate
14.299552,9.740424,2.123279,0.782675,0.377509,9.171882,10.773359,1.476464,0.922263,0.351574,7.174305,7.254857,1.50161,0.556442,0.171058,7.070028,8.593063,1.294968,0.554172,0.199456,4.289006,5.336002,2.04449,0.567068,0.373823,9.205301,10.885642,3.035274,0.844863,0.326296,2.731765,3.362031,1.208855,0.380208,0.519123,7.257487,9.521352,3.07032,1.108722,0.701009,concentrate
9.874413,7.695098,1.567006,0.793008,0.375616,7.645392,10.380413,1.132392,0.951964,0.422963,5.172275,6.269074,1.017948,0.572705,0.191116,5.681329,8.048304,0.89699,0.638433,0.228723,4.669568,5.980618,1.758411,0.522626,0.42006,7.7148,9.762434,2.424579,0.774873,0.323299,3.08135,4.030815,1.144188,0.451306,0.527661,6.260412,9.037163,2.689619,1.088266,0.729688,concentrate
7.122499,5.949607,1.202015,0.797272,0.389089,7.220679,10.38457,0.903624,1.011729,0.537949,4.023523,5.454618,0.716275,0.61078,0.214019,5.247195,7.81566,0.690476,0.768403,0.278046,5.200477,6.969533,1.535075,0.524362,0.479209,6.33992,8.828729,1.940806,0.72431,0.335254,3.518694,4.851511,1.149541,0.560136,0.512869,5.475392,8.828062,2.371611,1.084475,0.793641,concentrate
6.109998,4.777801,1.086491,0.804789,0.417464,7.485058,10.457186,0.807051,1.077567,0.665976,3.725009,4.868896,0.595475,0.658325,0.236016,5.470479,7.685148,0.669997,0.901447,0.333829,5.558139,8.02113,1.370041,0.565355,0.528234,5.254074,8.241539,1.576714,0.68111,0.354176,3.819129,5.626416,1.198981,0.66779,0.479709,4.938937,8.930014,2.118474,1.099879,0.891113,concentrate
6.302515,4.24851,1.172732,0.815597,0.454009,7.686639,10.297585,0.82558,1.11968,0.774462,3.853279,4.533322,0.588298,0.693554,0.253599,5.731485,7.493022,0.76104,0.988326,0.380956,5.43944,8.841928,1.239115,0.624145,0.54789,4.399655,8.017985,1.292765,0.626197,0.371186,3.797878,6.178532,1.249198,0.731662,0.440011,4.499925,9.273403,1.918113,1.125762,1.005368,concentrate
7.241504,4.291662,1.35962,0.8193,0.490171,7.159574,9.818658,0.946243,1.114533,0.843766,3.85624,4.43232,0.636942,0.69459,0.264666,5.462608,7.207509,0.892374,0.992699,0.410115,4.746374,9.251678,1.117759,0.680038,0.533589,3.566839,8.064036,1.06775,0.554778,0.381839,3.423175,6.426812,1.261123,0.729592,0.404577,3.98103,9.761689,1.777916,1.15064,1.105598,concentrate
8.249745,4.751487,1.535076,0.796666,0.517521,5.935282,9.198746,1.155771,1.050231,0.870219,3.494071,4.511142,0.714019,0.646204,0.26856,4.615996,6.928056,1.02127,0.9029,0.420024,3.71845,9.177966,0.98477,0.714987,0.49502,2.770804,8.227774,0.907159,0.477419,0.387008,2.853219,6.35057,1.203154,0.669204,0.378154,3.391653,10.292105,1.705622,1.161246,1.161184,concentrate
9.258688,5.428458,1.627057,0.737008,0.529472,4.669391,8.69325,1.414086,0.933006,0.861688,2.988178,4.682518,0.806151,0.552546,0.267306,3.654227,6.75732,1.119193,0.741117,0.416258,2.772208,8.65677,0.834131,0.718008,0.449151,2.272448,8.396919,0.830666,0.410846,0.39141,2.343059,5.977679,1.067196,0.580994,0.358941,3.039157,10.774487,1.69656,1.152031,1.152488,concentrate
9.990785,6.073732,1.599674,0.652093,0.524792,3.89453,8.399223,1.661838,0.790561,0.830967,2.627575,4.821317,0.896775,0.438467,0.263472,2.996186,6.680828,1.174605,0.555966,0.405986,2.229005,7.787494,0.689945,0.689964,0.411837,2.31492,8.460274,0.823501,0.371324,0.398905,2.053454,5.366839,0.877051,0.501498,0.3415,3.096297,11.051875,1.715432,1.134893,1.081374,concentrate
10.378632,6.458957,1.472795,0.57021,0.506293,3.851669,8.213383,1.837282,0.657668,0.78577,2.57695,4.824094,0.964464,0.33384,0.257436,2.855762,6.586003,1.186303,0.399578,0.392451,2.154634,6.727957,0.578438,0.63864,0.388778,2.848573,8.317348,0.848184,0.364984,0.408367,2.015461,4.622831,0.679345,0.45445,0.320057,3.510599,10.928431,1.72018,1.126016,0.966484,concentrate
10.434212,6.455844,1.293576,0.52367,0.477391,4.324412,7.899925,1.883578,0.556416,0.725556,2.815089,4.65087,0.990328,0.262246,0.247335,3.15117,6.326576,1.158158,0.306133,0.374457,2.395466,5.6506,0.53472,0.578783,0.373719,3.588696,7.904427,0.868883,0.388851,0.413671,2.147523,3.876709,0.529171,0.44555,0.290593,3.986286,10.279398,1.712054,1.139388,0.8332,concentrate
9.950769,6.085863,1.112693,0.531253,0.440928,4.843532,7.238444,1.784147,0.493719,0.646025,3.143268,4.326365,0.967043,0.232431,0.231036,3.555409,5.799243,1.094751,0.282608,0.350036,2.69312,4.704085,0.596566,0.528998,0.355488,4.211366,7.241723,0.881004,0.436562,0.408695,2.323018,3.256052,0.470432,0.465771,0.253138,4.302629,9.160727,1.730839,1.177901,0.703707,concentrate
9.007954,5.503279,0.968259,0.584816,0.40134,4.973731,6.172594,1.562939,0.457471,0.548383,3.315844,3.913155,0.900732,0.235174,0.2083,3.73053,5.006422,0.997087,0.306784,0.321033,2.89965,3.96542,0.784268,0.498506,0.330641,4.538491,6.433596,0.916631,0.494313,0.392234,2.484566,2.822251,0.520619,0.500646,0.21416,4.39958,7.806375,1.813265,1.225592,0.595066,concentrate
7.698083,4.851034,0.874058,0.652386,0.36451,4.651615,4.857166,1.28232,0.43454,0.44573,3.226558,3.460097,0.811621,0.256658,0.182348,3.586417,4.060632,0.869981,0.348736,0.296446,3.023609,3.40572,1.065671,0.484315,0.307299,4.53725,5.582621,1.005012,0.541985,0.369556,2.642535,2.539778,0.65554,0.539069,0.183515,4.356266,6.472511,1.955917,1.254761,0.519947,concentrate
6.440201,4.225769,0.819741,0.698183,0.337231,4.058836,3.581077,1.017384,0.424046,0.361017,2.93607,3.000129,0.722164,0.28617,0.161078,3.223909,3.137822,0.728165,0.387872,0.289252,3.155892,2.949366,1.358946,0.481139,0.299174,4.319398,4.763297,1.141657,0.562417,0.350206,2.841252,2.323634,0.821641,0.575965,0.167656,4.357819,5.320504,2.102237,1.242926,0.482994,concentrate
5.529685,3.629546,0.791688,0.704785,0.324831,3.411012,2.55809,0.816401,0.433523,0.314581,2.573174,2.541726,0.648956,0.320061,0.154132,2.796672,2.36368,0.590744,0.419408,0.308284,3.340726,2.54846,1.576339,0.484149,0.315528,4.046968,4.03363,1.298511,0.547493,0.342276,3.044976,2.1018,0.959125,0.606184,0.16951,4.48023,4.416031,2.186983,1.187298,0.480899,concentrate
4.990708,3.004508,0.774833,0.675919,0.325546,2.867969,1.840044,0.69561,0.468326,0.309253,2.242319,2.077142,0.598082,0.354318,0.166528,2.418127,1.764367,0.475064,0.445847,0.349942,3.525322,2.194725,1.695368,0.491621,0.352732,3.829253,3.407059,1.43224,0.499086,0.346342,3.181171,1.847164,1.036016,0.624172,0.189906,4.712963,3.734402,2.185346,1.095171,0.501189,concentrate
4.853443,2.340274,0.734319,0.629253,0.331236,2.472905,1.368024,0.627655,0.519706,0.328648,1.983188,1.630948,0.557304,0.381419,0.194502,2.122817,1.321495,0.383422,0.467773,0.397471,3.57103,1.900989,1.736969,0.50172,0.394847,3.636017,2.875128,1.489452,0.428684,0.354579,3.141134,1.597606,1.052766,0.628068,0.226592,4.869136,3.244466,2.096368,0.978054,0.529255,concentrate
4.743399,1.718421,0.649895,0.588622,0.333272,2.142783,1.052002,0.571237,0.56783,0.348279,1.755812,1.261003,0.511194,0.395514,0.227148,1.856057,1.015289,0.312147,0.484718,0.428784,3.372423,1.675588,1.749949,0.509344,0.421886,3.368125,2.426047,1.443142,0.353318,0.356151,2.882587,1.40236,1.026379,0.620751,0.273524,4.819108,2.930357,1.946554,0.852593,0.558724,concentrate
4.394328,1.334142,0.552768,0.585733,0.330854,1.757884,0.888054,0.511139,0.602762,0.353966,1.487567,1.063069,0.462292,0.40249,0.253036,1.536178,0.88376,0.265666,0.503389,0.431662,2.922223,1.547642,1.789815,0.512483,0.420319,2.971212,2.1389,1.329723,0.297438,0.344516,2.424789,1.306175,0.987636,0.615195,0.321608,4.482796,2.851616,1.796455,0.740855,0.597903,concentrate
3.669797,1.361963,0.496991,0.645414,0.334971,1.309954,0.978953,0.460959,0.625346,0.348317,1.169019,1.120467,0.422571,0.414753,0.264196,1.160787,1.017412,0.256151,0.531517,0.410549,2.378652,1.518325,1.858563,0.514771,0.388208,2.523037,2.086869,1.197394,0.286039,0.319229,1.892825,1.307372,0.957011,0.627943,0.358536,4.00212,3.032935,1.674333,0.659711,0.657994,concentrate
2.708228,1.843626,0.537292,0.779749,0.360963,0.88497,1.408332,0.448299,0.649503,0.342267,0.863232,1.437027,0.401008,0.448899,0.259025,0.804523,1.462889,0.295454,0.579049,0.381506,1.947461,1.572818,1.934839,0.525426,0.334004,2.201545,2.265857,1.115287,0.339701,0.285024,1.417046,1.372994,0.948312,0.667599,0.372363,3.653332,3.387697,1.597481,0.623,0.740998,concentrate
1.766678,2.648449,0.702895,0.975087,0.416521,0.652329,2.177205,0.49082,0.693584,0.34555,0.68157,1.922731,0.40509,0.518639,0.241568,0.598825,2.171841,0.385143,0.652603,0.361108,1.778128,1.683094,1.986077,0.551587,0.272406,2.141764,2.58009,1.139612,0.463395,0.249146,1.107872,1.457366,0.968638,0.728493,0.357521,3.645998,3.735237,1.577492,0.638198,0.833863,concentrate
1.147236,3.53031,0.96783,1.186376,0.493482,0.742494,3.215994,0.585769,0.762279,0.360573,0.704527,2.427371,0.437721,0.620246,0.219176,0.660684,3.014159,0.511841,0.745034,0.357342,1.8688,1.814464,1.98551,0.598126,0.218024,2.339381,2.891985,1.271301,0.638065,0.219179,0.976201,1.518998,1.012854,0.794039,0.31808,4.003087,3.912018,1.628083,0.703549,0.911211,concentrate
1.151527,4.227676,1.262964,1.349484,0.569603,1.230329,4.339202,0.69768,0.839809,0.38015,0.969639,2.798128,0.489019,0.7299,0.199519,1.036048,3.785813,0.640398,0.835216,0.366725,2.103203,1.968111,1.928787,0.667473,0.179965,2.676868,3.133174,1.457754,0.823196,0.202134,0.980185,1.547691,1.063485,0.84559,0.266588,4.630945,3.889367,1.756562,0.800115,0.946423,concentrate
2.261964,4.602251,1.497205,1.406236,0.618988,2.106066,5.276758,0.775769,0.895684,0.390368,1.452109,2.951477,0.539467,0.812853,0.1869,1.687845,4.278133,0.727583,0.894802,0.376674,2.35089,2.157953,1.825109,0.75201,0.160853,2.980703,3.293092,1.61586,0.968895,0.202181,1.081249,1.571499,1.09078,0.869741,0.219698,5.345229,3.745044,1.935835,0.894299,0.928487,concentrate
4.583782,4.693904,1.587883,1.33381,0.625622,3.210418,5.791672,0.786257,0.90323,0.378762,2.03548,2.887624,0.568007,0.841258,0.18061,2.467912,4.366925,0.743798,0.900496,0.372694,2.520292,2.389989,1.669658,0.835452,0.158661,3.120162,3.358771,1.666171,1.038334,0.219481,1.242782,1.657054,1.06645,0.866974,0.190435,5.923359,3.584435,2.097059,0.960646,0.869911,concentrate
8.548667,4.684574,1.515094,1.156908,0.590617,4.306519,5.793252,0.729443,0.851575,0.342037,2.563737,2.696588,0.561622,0.805165,0.176889,3.180334,4.067672,0.690253,0.844948,0.347091,2.608539,2.651348,1.459787,0.896381,0.17023,3.069212,3.315927,1.56246,1.01876,0.249492,1.460732,1.865016,0.97947,0.845079,0.182045,6.178032,3.493633,2.154611,0.990571,0.802285,concentrate
12.871841,4.792018,1.309719,0.943333,0.529709,5.120587,5.39419,0.638165,0.753452,0.288955,2.89023,2.518757,0.522704,0.720345,0.173002,3.639516,3.552005,0.597452,0.743687,0.303894,2.673331,2.918752,1.199999,0.921238,0.192666,2.928871,3.202392,1.325305,0.938965,0.284178,1.735681,2.220683,0.839645,0.819541,0.189385,6.054052,3.546848,2.060603,1.00032,0.761882,concentrate
17.227522,5.044638,1.064968,0.777517,0.464407,5.378613,4.830606,0.549141,0.642399,0.235428,2.885911,2.448999,0.475224,0.62479,0.169525,3.686313,3.056545,0.503623,0.630914,0.255302,2.739235,3.17275,0.924824,0.916854,0.222061,2.830147,3.114106,1.064223,0.866516,0.314112,2.031861,2.692203,0.679016,0.810011,0.203722,5.594124,3.789866,1.848874,1.027946,0.77365,concentrate
20.075722,5.294472,0.897358,0.720808,0.411224,5.068411,4.41236,0.537535,0.566157,0.195709,2.572668,2.516473,0.489315,0.560888,0.168109,3.383654,2.845551,0.493666,0.551256,0.213481,2.799071,3.363114,0.738304,0.907932,0.253525,2.867882,3.118989,0.947861,0.878378,0.331589,2.284255,3.164406,0.567841,0.833159,0.218377,4.961122,4.179432,1.654976,1.115137,0.843017,concentrate
20.856682,5.342772,0.90021,0.777813,0.375039,4.570843,4.48143,0.661261,0.560388,0.174692,2.190352,2.717002,0.636029,0.550892,0.169153,3.104945,3.158617,0.637599,0.53426,0.18379,2.82377,3.450224,0.743177,0.909925,0.282115,3.066085,3.232836,1.0913,1.006567,0.33376,2.442101,3.495986,0.569332,0.885929,0.23036,4.407532,4.587831,1.608923,1.260302,0.955376,concentrate
19.642879,5.084905,1.090559,0.904453,0.350279,4.464373,5.267214,0.919048,0.631879,0.167652,2.038689,3.032184,0.933462,0.588338,0.171921,3.276483,4.116008,0.93827,0.580739,0.165323,2.804764,3.496516,0.969424,0.91912,0.303281,3.418504,3.436706,1.481729,1.214858,0.323021,2.495804,3.633225,0.696873,0.944126,0.238444,4.17866,4.898022,1.754751,1.41177,1.086411,concentrate
16.945799,4.531381,1.40821,1.033924,0.329649,5.101209,6.705287,1.292592,0.757592,0.1657,2.336848,3.405105,1.333201,0.646998,0.17486,4.132955,5.586625,1.344963,0.663872,0.15521,2.747654,3.641477,1.352684,0.920473,0.315545,3.906717,3.689902,1.969387,1.415663,0.305997,2.468901,3.635632,0.912925,0.976594,0.24387,4.396207,5.045752,2.049152,1.499055,1.214857,concentrate
14.121898,3.803014,1.747492,1.1089,0.314083,6.561786,8.42237,1.757079,0.892175,0.163078,3.129239,3.740213,1.738248,0.695759,0.176364,5.604295,7.193552,1.782137,0.740308,0.152726,2.662631,3.993594,1.748971,0.895393,0.320265,4.486213,3.927335,2.337906,1.514731,0.290915,2.388692,3.62289,1.138415,0.96137,0.248695,4.984814,5.026385,2.366932,1.470502,1.322762,concentrate
12.090202,3.12266,2.012532,1.108318,0.309985,8.493107,9.911529,2.261648,0.991716,0.158603,4.268303,3.959172,2.041297,0.717749,0.174894,7.333376,8.487831,2.17352,0.776008,0.157577,2.563108,4.551684,2.021075,0.835172,0.319301,5.153347,4.050107,2.44103,1.463182,0.282521,2.28639,3.705826,1.296041,0.897645,0.25391,5.804025,4.849589,2.587568,1.327081,1.391013,concentrate
11.320889,2.604149,2.150234,1.040753,0.320262,10.268074,10.623887,2.711169,1.024605,0.153377,5.436419,3.970017,2.164799,0.714646,0.169848,8.768357,9.032533,2.446024,0.756032,0.167065,2.435962,5.248195,2.097641,0.744237,0.312596,5.87584,4.005145,2.267471,1.276314,0.279266,2.157884,3.974,1.346615,0.803072,0.25812,6.683059,4.559637,2.660056,1.118663,1.402242,concentrate
11.586254,2.261344,2.152306,0.93012,0.345164,11.272106,10.269619,2.995866,0.981828,0.151305,6.264426,3.714122,2.082958,0.695672,0.163353,9.435097,8.628364,2.546883,0.686224,0.178022,2.248853,5.984674,1.980495,0.639059,0.299353,6.550839,3.852337,1.903146,1.017254,0.275672,1.97359,4.473854,1.293503,0.702877,0.25858,7.398111,4.31034,2.588217,0.919069,1.351296,concentrate
12.114111,2.102673,2.059327,0.806222,0.382599,11.159413,8.990126,3.053152,0.882232,0.157304,6.494722,3.245717,1.846552,0.6691,0.1599,9.129963,7.443966,2.474296,0.591188,0.188734,2.009977,6.652815,1.738484,0.544371,0.279941,7.01167,3.717251,1.488197,0.768844,0.266854,1.745295,5.167375,1.183491,0.6207,0.253085,7.818352,4.284238,2.407801,0.794286,1.249604,concentrate
12.250913,2.137787,1.919945,0.693327,0.427599,10.069463,7.259846,2.893611,0.764675,0.173558,6.133684,2.724519,1.555264,0.643472,0.163388,8.035836,5.92657,2.281339,0.506282,0.198958,1.810061,7.124001,1.463439,0.481751,0.256937,7.123514,3.66869,1.150409,0.597969,0.251034,1.563863,5.906221,1.071293,0.568031,0.241498,7.949754,4.532588,2.17364,0.76896,1.12482,concentrate
11.960991,2.369261,1.768898,0.608293,0.47193,8.523918,5.657602,2.597682,0.669036,0.197818,5.396652,2.323152,1.308021,0.629084,0.174317,6.606313,4.584471,2.05032,0.46004,0.20825,1.761739,7.293309,1.229616,0.457748,0.235254,6.926346,3.688858,0.954439,0.530613,0.231971,1.519201,6.495157,1.00234,0.539319,0.226078,7.930489,4.943381,1.932529,0.821122,1.011652,concentrate
10.879166,2.696886,1.623965,0.563948,0.505385,7.077652,4.625893,2.273657,0.617973,0.224988,4.552555,2.134991,1.16943,0.63179,0.189457,5.278298,3.769811,1.860893,0.460497,0.215615,1.958315,7.115251,1.073426,0.468712,0.220987,6.618917,3.680921,0.904586,0.551589,0.219397,1.666467,6.760602,0.996358,0.523674,0.211498,7.908442,5.288867,1.737279,0.901606,0.937206,concentrate
10.256369,2.968729,1.503767,0.569825,0.518614,6.15077,4.255421,2.008171,0.609919,0.248949,3.832275,2.136594,1.157297,0.654063,0.203532,4.340058,3.517515,1.751964,0.495438,0.219174,2.40278,6.596929,0.978649,0.505792,0.218982,6.450141,3.515565,0.958248,0.62422,0.224342,1.993751,6.597198,1.030025,0.516571,0.203069,7.991575,5.334732,1.621171,0.960582,0.909508,concentrate
9.230783,3.024354,1.397865,0.627761,0.507114,5.911843,4.317534,1.817948,0.627859,0.264085,3.370417,2.226647,1.23569,0.692878,0.211029,3.934551,3.609695,1.703875,0.542846,0.216054,3.000368,5.796106,0.902122,0.557333,0.230317,6.593884,3.11445,1.058674,0.713056,0.252158,2.423111,6.001661,1.051933,0.52337,0.204266,8.207162,4.94188,1.574708,0.976491,0.917097,concentrate
8.807306,2.828121,1.318559,0.726529,0.473254,6.365248,4.537274,1.670893,0.649346,0.267909,3.207917,2.31578,1.342789,0.737593,0.208857,4.059628,3.809527,1.668959,0.581387,0.205162,3.617121,4.814723,0.830397,0.609544,0.251276,6.979891,2.493211,1.182045,0.792323,0.297843,2.854844,5.079038,1.031531,0.548649,0.214154,8.481826,4.135173,1.578491,0.952325,0.936318,concentrate
8.148065,2.471364,1.276387,0.83619,0.426436,7.262249,4.750329,1.532765,0.660233,0.260205,3.324753,2.372138,1.428551,0.772236,0.196955,4.608604,3.986262,1.617213,0.598884,0.187861,4.157001,3.784461,0.765705,0.643428,0.273731,7.346182,1.795192,1.302188,0.834991,0.345188,3.22626,4.004594,0.959127,0.584011,0.22701,8.674458,3.120115,1.585399,0.88876,0.941945,concentrate
7.866509,2.147457,1.280445,0.928788,0.38011,8.300697,4.9151,1.37297,0.662543,0.243264,3.644064,2.414483,1.456447,0.788601,0.178606,5.351737,4.106641,1.525152,0.598587,0.168566,4.67977,2.89164,0.706224,0.643752,0.28796,7.567741,1.288711,1.379687,0.825098,0.373714,3.593828,3.00842,0.839436,0.610883,0.235719,8.762506,2.238138,1.533466,0.793255,0.92119,concentrate
7.768154,2.046139,1.326944,0.991926,0.347112,9.007667,5.062767,1.21668,0.669646,0.222053,4.004726,2.483876,1.426899,0.792351,0.159997,5.973913,4.198541,1.414873,0.595618,0.153653,5.256891,2.32266,0.656269,0.615529,0.288447,7.634068,1.249614,1.385332,0.771657,0.371735,4.007655,2.30456,0.706744,0.616959,0.235964,8.782384,1.820794,1.388985,0.681984,0.877551,concentrate
7.476472,2.273894,1.404983,1.026634,0.336712,9.127015,5.193455,1.107354,0.695241,0.202254,4.235985,2.598283,1.364469,0.794272,0.147439,6.233743,4.270165,1.325773,0.604599,0.147494,5.864341,2.152451,0.643421,0.580065,0.275784,7.547869,1.781495,1.32817,0.703592,0.343498,4.440337,1.987103,0.623027,0.602102,0.227587,8.718407,2.018328,1.183093,0.577473,0.826093,concentrate
7.237133,2.750799,1.496447,1.039534,0.349072,8.542349,5.219271,1.069825,0.74676,0.190294,4.205463,2.704976,1.292376,0.803144,0.144612,5.993529,4.254435,1.28178,0.633453,0.150624,6.348183,2.339283,0.693696,0.562022,0.255574,7.37759,2.762744,1.255383,0.654062,0.306188,4.769444,2.018796,0.639951,0.578877,0.213934,8.597235,2.738536,0.983482,0.506346,0.78243,concentrate
6.832835,3.27286,1.569788,1.033647,0.376473,7.414661,5.07359,1.078439,0.812155,0.191159,3.867986,2.746444,1.217083,0.816993,0.151813,5.303796,4.0965,1.261364,0.673961,0.159866,6.589732,2.758498,0.815415,0.572792,0.237198,7.175069,3.892715,1.211395,0.639052,0.280596,4.866472,2.269285,0.773817,0.56,0.201861,8.407708,3.682057,0.844306,0.489618,0.757302,concentrate
6.221779,3.634701,1.612067,1.007201,0.409313,6.059547,4.763561,1.074951,0.866218,0.205237,3.275593,2.69615,1.132307,0.82234,0.165457,4.357667,3.808873,1.216578,0.705415,0.170094,6.49036,3.285941,0.991284,0.602542,0.229694,6.855018,4.836013,1.217149,0.648052,0.279159,4.638179,2.605391,0.99238,0.548722,0.199419,8.029818,4.516998,0.784423,0.534158,0.757308,concentrate
5.563648,3.760964,1.62456,0.964876,0.440662,4.820713,4.393962,1.024906,0.883088,0.229189,2.598166,2.582714,1.032036,0.799283,0.180045,3.433711,3.495199,1.122617,0.70745,0.178522,6.094469,3.850305,1.185504,0.628496,0.236818,6.31,5.372096,1.265531,0.655659,0.299545,4.124951,2.951831,1.228801,0.538631,0.211415,7.421145,5.073762,0.791856,0.638323,0.783693,concentrate
4.685647,3.663962,1.623287,0.92184,0.464581,3.914572,4.064082,0.929041,0.853527,0.256562,2.025715,2.453689,0.916514,0.737384,0.18944,2.748584,3.261858,0.98993,0.673955,0.184726,5.506048,4.401914,1.357879,0.628391,0.255148,5.543353,5.429293,1.316029,0.637237,0.326445,3.445548,3.265848,1.409162,0.519402,0.236457,6.693769,5.330837,0.826481,0.795885,0.827776,concentrate
4.305343,3.421832,1.609882,0.899681,0.474418,3.401074,3.847328,0.833524,0.790018,0.279719,1.730436,2.351111,0.804976,0.648583,0.189658,2.405331,3.178399,0.869052,0.617643,0.190018,4.901752,4.872141,1.477933,0.591645,0.276546,4.717168,5.063509,1.323115,0.585566,0.342806,2.78152,3.52279,1.489263,0.485579,0.267962,6.08713,5.33854,0.845773,0.994982,0.874429,concentrate
4.340896,3.091755,1.590549,0.909154,0.465264,3.156924,3.752473,0.797328,0.715908,0.295392,1.765503,2.273306,0.727879,0.55851,0.182729,2.370086,3.240682,0.813737,0.560669,0.199232,4.378944,5.168966,1.524558,0.525444,0.293259,4.011265,4.403825,1.269152,0.512062,0.340841,2.255881,3.691661,1.45644,0.441143,0.297572,5.782701,5.115477,0.83231,1.217518,0.906101,concentrate
4.972589,2.701157,1.548921,0.940937,0.437494,3.096108,3.696394,0.838727,0.64732,0.304661,2.07543,2.171412,0.6964,0.484934,0.176162,2.551721,3.346719,0.832666,0.51689,0.218371,3.924032,5.217635,1.491608,0.44945,0.301179,3.525124,3.607311,1.164927,0.436923,0.324758,1.906192,3.753986,1.328295,0.397533,0.318997,5.746598,4.684807,0.790037,1.43455,0.908727,concentrate
6.073925,2.301982,1.468967,0.97375,0.396453,3.128242,3.582682,0.931563,0.58826,0.310552,2.505496,2.017602,0.698613,0.432791,0.177084,2.834279,3.378267,0.892385,0.48709,0.250809,3.470567,4.976346,1.382399,0.382067,0.301887,3.274734,2.840865,1.040539,0.373919,0.304088,1.69721,3.673605,1.13526,0.36396,0.328692,5.8308,4.098883,0.730634,1.609333,0.877338,concentrate
7.546312,1.922474,1.324615,0.984168,0.350884,3.193766,3.385674,1.01502,0.54001,0.315407,2.872194,1.820814,0.692199,0.398142,0.188082,3.090034,3.281353,0.926392,0.465346,0.293998,2.957913,4.462938,1.211743,0.332778,0.30095,3.190283,2.226248,0.918064,0.328427,0.287142,1.556533,3.415094,0.913359,0.343872,0.32548,5.846159,3.432196,0.66159,1.706224,0.815679,concentrate
8.825356,1.601687,1.142239,0.956913,0.312488,3.174196,3.152765,1.04582,0.505332,0.319423,3.002316,1.628948,0.648601,0.374417,0.205615,3.188282,3.083996,0.889989,0.444467,0.33848,2.390924,3.762714,1.006738,0.301508,0.305276,3.151096,1.809738,0.815354,0.303242,0.278812,1.400043,2.992655,0.694674,0.334632,0.312507,5.625481,2.796828,0.597139,1.709821,0.730073,concentrate
9.703843,1.406083,0.964036,0.89628,0.294111,3.001924,2.94948,1.001768,0.487359,0.320879,2.84019,1.526107,0.564147,0.356112,0.222417,3.046277,2.865024,0.778132,0.418404,0.37119,1.845856,2.984513,0.806909,0.286397,0.318805,3.081622,1.545529,0.735717,0.302004,0.279529,1.21024,2.459124,0.508079,0.332644,0.295588,5.13681,2.257407,0.536708,1.651422,0.636189,concentrate
9.766467,1.428988,0.842326,0.827436,0.302599,2.618182,2.844111,0.890337,0.488246,0.317772,2.416246,1.609279,0.463132,0.34092,0.230833,2.648787,2.736673,0.621948,0.387195,0.380276,1.43632,2.271905,0.658408,0.287714,0.340105,2.956836,1.369328,0.690124,0.327719,0.286566,1.014412,1.911803,0.383155,0.335616,0.281053,4.466592,1.840862,0.480574,1.582125,0.550733,concentrate
8.938303,1.717255,0.823753,0.781044,0.33532,2.104387,2.899296,0.75149,0.505109,0.30921,1.870304,1.912511,0.384548,0.330514,0.226963,2.076772,2.800782,0.473716,0.357717,0.360688,1.202225,1.75343,0.602819,0.30767,0.362846,2.744247,1.22993,0.689162,0.379308,0.296161,0.83357,1.456723,0.348027,0.343031,0.273098,3.712172,1.546409,0.44827,1.546694,0.484556,concentrate
7.483714,2.259461,0.930467,0.773458,0.382781,1.557243,3.126261,0.633475,0.52667,0.296954,1.35144,2.394579,0.359248,0.32537,0.212341,1.464054,3.086082,0.378692,0.338092,0.317574,1.118038,1.48873,0.656018,0.344079,0.380673,2.423073,1.116522,0.741084,0.444038,0.304949,0.697571,1.157776,0.415466,0.35519,0.27258,2.974411,1.360879,0.469205,1.557766,0.441044,concentrate
5.619284,2.996266,1.136225,0.802621,0.432381,1.109615,3.464788,0.562956,0.53856,0.284352,0.989111,2.959286,0.388188,0.323824,0.191724,0.951415,3.527346,0.353157,0.334301,0.264788,1.13063,1.463369,0.793402,0.386836,0.390049,2.023525,1.080522,0.853502,0.498975,0.309991,0.634381,1.017822,0.564801,0.370602,0.276483,2.37575,1.297384,0.57103,1.588629,0.414312,concentrate
3.93162,3.809454,1.369465,0.845624,0.47218,0.782319,3.823862,0.53853,0.528648,0.275513,0.795028,3.491678,0.444193,0.321766,0.171615,0.57967,4.003487,0.383976,0.344642,0.221132,1.196208,1.605509,0.958987,0.421971,0.391402,1.618292,1.169861,1.011789,0.522985,0.30868,0.657271,1.002505,0.746903,0.385502,0.278921,1.998803,1.370583,0.752116,1.59545,0.39326,concentrate
2.771212,4.524891,1.555469,0.87743,0.495639,0.587897,4.096647,0.5495,0.495678,0.272066,0.725461,3.871179,0.49559,0.31723,0.157158,0.368724,4.362562,0.44803,0.362024,0.201645,1.257904,1.818025,1.094306,0.440634,0.388345,1.265662,1.368415,1.183315,0.510711,0.300512,0.739501,1.068387,0.906758,0.396945,0.273271,1.843772,1.576406,0.986511,1.543245,0.371503,concentrate
2.189818,4.96536,1.636488,0.882443,0.501315,0.49634,4.201146,0.584206,0.449654,0.272552,0.717488,4.017169,0.521175,0.310086,0.149854,0.297054,4.48028,0.52382,0.378147,0.210827,1.303021,2.015516,1.15494,0.445065,0.384892,1.013047,1.59849,1.316722,0.475593,0.288296,0.847084,1.182742,0.998832,0.406695,0.255403,1.841047,1.863616,1.216825,1.431691,0.35153,concentrate
2.010062,5.016299,1.588217,0.858298,0.492256,0.478969,4.107493,0.621311,0.405558,0.273751,0.736203,3.903782,0.513914,0.302602,0.148268,0.347874,4.304907,0.58775,0.387525,0.24182,1.351715,2.118792,1.125487,0.44297,0.382129,0.875104,1.748003,1.36936,0.440476,0.277662,0.94402,1.303422,1.002805,0.418559,0.226441,1.87946,2.122215,1.385192,1.289836,0.338861,concentrate
2.077677,4.65346,1.429274,0.813211,0.47247,0.523116,3.830787,0.649792,0.374249,0.272102,0.771643,3.553276,0.488062,0.297591,0.149691,0.501558,3.862574,0.630406,0.386791,0.280549,1.412197,2.086963,1.016339,0.441601,0.377115,0.829535,1.737238,1.329543,0.424505,0.272804,0.995869,1.387238,0.926684,0.434547,0.192128,1.852235,2.237669,1.459164,1.153178,0.339431,concentrate
2.113733,3.954948,1.215918,0.765432,0.44546,0.626662,3.412493,0.674163,0.356891,0.266194,0.843058,3.025142,0.469667,0.294998,0.151787,0.739251,3.237232,0.658422,0.375152,0.313376,1.467444,1.952272,0.863887,0.443468,0.363538,0.826386,1.569708,1.220576,0.431786,0.273294,0.987062,1.413858,0.805279,0.451749,0.159615,1.704268,2.15706,1.445973,1.041446,0.354579,concentrate
2.110954,3.056819,1.013398,0.735565,0.414568,0.772072,2.903422,0.705729,0.347477,0.258766,0.971052,2.403662,0.47893,0.29298,0.153213,1.018927,2.54183,0.683436,0.354765,0.331229,1.475753,1.80868,0.714724,0.449324,0.337892,0.825497,1.311887,1.09225,0.456489,0.275273,0.927293,1.394672,0.683434,0.464023,0.135607,1.441072,1.893862,1.383823,0.956164,0.381762,concentrate
2.065386,2.154614,0.880861,0.736662,0.385116,0.950804,2.36648,0.761689,0.343659,0.256606,1.157515,1.789474,0.52544,0.29382,0.153414,1.306188,1.89371,0.720915,0.332123,0.330619,1.425938,1.792958,0.616138,0.460164,0.305618,0.817054,1.0782,0.99939,0.492884,0.275487,0.857245,1.388447,0.606122,0.467456,0.124443,1.15589,1.555705,1.324244,0.89544,0.418038,concentrate
2.104714,1.44312,0.845236,0.765412,0.366198,1.134255,1.86957,0.852237,0.351014,0.266366,1.368034,1.282872,0.612431,0.304571,0.153087,1.547021,1.3866,0.784343,0.317498,0.314146,1.375323,2.00742,0.622794,0.476025,0.279434,0.823497,1.012254,0.990374,0.537284,0.274573,0.834227,1.461226,0.618008,0.461422,0.127491,0.96102,1.318324,1.30131,0.866336,0.463995,concentrate
2.144467,1.045372,0.886567,0.807299,0.367283,1.277046,1.472757,0.951868,0.371938,0.28974,1.537184,0.964362,0.722423,0.33038,0.15425,1.699002,1.076625,0.860966,0.316734,0.289293,1.427162,2.46772,0.77109,0.495343,0.272438,0.887591,1.212169,1.082348,0.586507,0.276473,0.924325,1.648155,0.744867,0.449016,0.144194,0.941207,1.315955,1.311328,0.89165,0.520631,concentrate
2.275493,0.977599,0.970782,0.849392,0.393581,1.365499,1.21902,1.023694,0.400588,0.321339,1.612,0.863483,0.834892,0.367995,0.159879,1.730649,0.973466,0.925677,0.327496,0.266092,1.700695,3.064591,1.049486,0.51323,0.292292,1.045354,1.666233,1.25936,0.635674,0.28526,1.169468,1.918079,0.973794,0.435162,0.172381,1.141024,1.568454,1.33071,0.993523,0.590685,concentrate
2.351728,1.160431,1.066219,0.883045,0.442374,1.370486,1.140705,1.053721,0.424811,0.350249,1.56051,0.949791,0.944459,0.406045,0.171613,1.645171,1.056358,0.96187,0.34157,0.252105,2.306922,3.624843,1.395771,0.522841,0.33643,1.313333,2.248518,1.473375,0.676884,0.300906,1.588611,2.187675,1.253043,0.422402,0.207376,1.638921,1.970092,1.333278,1.153564,0.668802,concentrate
2.339277,1.412703,1.134162,0.902148,0.501109,1.315716,1.209891,1.03174,0.431898,0.36432,1.408384,1.127203,1.034777,0.430874,0.18754,1.483597,1.250606,0.948807,0.350986,0.248716,3.263784,3.989363,1.698395,0.518891,0.39228,1.650619,2.758185,1.649895,0.70178,0.317609,2.124143,2.34867,1.499345,0.412987,0.2423,2.472942,2.338557,1.296605,1.316947,0.738428,concentrate
2.187753,1.562423,1.144644,0.89986,0.550726,1.207754,1.378273,0.956386,0.411802,0.35611,1.180933,1.283799,1.073625,0.428573,0.202544,1.300785,1.473481,0.875108,0.348691,0.251213,4.468078,4.088353,1.853876,0.500419,0.443164,1.977812,3.007595,1.70961,0.69857,0.327659,2.680384,2.352453,1.634639,0.406882,0.270005,3.594476,2.518978,1.213803,1.413354,0.776716,concentrate
1.909129,1.546466,1.097475,0.86987,0.574996,1.089159,1.643376,0.854468,0.36303,0.326701,0.930773,1.359122,1.041354,0.39283,0.21141,1.16782,1.706414,0.762357,0.331573,0.252023,5.647404,4.01644,1.826772,0.46508,0.475213,2.190597,2.928373,1.617923,0.661793,0.325195,3.146019,2.30455,1.622049,0.394962,0.28631,4.826244,2.454268,1.099876,1.394013,0.765769,concentrate
1.618182,1.392565,1.005663,0.816007,0.56921,1.029939,1.98845,0.758391,0.294058,0.28512,0.721887,1.33355,0.935843,0.332742,0.21187,1.156453,1.94542,0.641086,0.301861,0.245546,6.55881,4.011338,1.636344,0.419733,0.481341,2.232902,2.591286,1.394642,0.6091,0.309288,3.522624,2.452541,1.477101,0.372173,0.290856,5.902729,2.159682,0.967341,1.263201,0.708084,concentrate
1.511447,1.180769,0.895522,0.760931,0.541208,1.15163,2.355533,0.696802,0.226722,0.24339,0.637735,1.219329,0.781661,0.27219,0.205067,1.346518,2.172324,0.546826,0.26984,0.23026,7.147388,4.461369,1.396221,0.378047,0.462414,2.144104,2.159933,1.113492,0.570342,0.284602,3.998199,3.186625,1.301924,0.341856,0.28655,6.559335,1.728612,0.838613,1.077565,0.625045,concentrate
1.803974,1.043823,0.796432,0.741566,0.506549,1.54435,2.674563,0.685965,0.186642,0.211146,0.746351,1.073788,0.620066,0.234984,0.193993,1.748328,2.364245,0.504841,0.248231,0.209093,7.644702,5.702931,1.24392,0.354787,0.425429,2.055447,1.797576,0.867528,0.570673,0.257924,4.880595,4.823937,1.218864,0.314602,0.277797,6.71622,1.297104,0.745661,0.921273,0.546007,concentrate
2.591879,1.140997,0.732013,0.782826,0.477919,2.217209,2.888412,0.716336,0.188443,0.192137,1.068328,0.999835,0.496715,0.232614,0.181777,2.327112,2.504125,0.513039,0.245059,0.187958,8.416983,7.759206,1.278487,0.36131,0.378431,2.172013,1.595894,0.746006,0.61788,0.233186,6.36467,7.340722,1.308338,0.308329,0.267038,6.584195,0.98787,0.727887,0.868036,0.491151,concentrate
3.814165,1.593463,0.692347,0.877034,0.45808,3.077963,2.987698,0.755417,0.230293,0.183818,1.570984,1.12742,0.427206,0.261124,0.17106,2.970554,2.612147,0.540476,0.259958,0.172582,9.621428,10.237811,1.507799,0.39395,0.32804,2.640043,1.554441,0.783368,0.693611,0.210818,8.327607,10.269046,1.55711,0.334248,0.253516,6.458179,0.87607,0.802567,0.932599,0.465004,concentrate
5.232549,2.412297,0.650698,0.987965,0.441565,3.926612,3.021905,0.773472,0.297593,0.181267,2.164458,1.545722,0.398128,0.307957,0.164211,3.531935,2.742583,0.552375,0.286612,0.165698,11.01502,12.456065,1.829078,0.441223,0.278865,3.427236,1.639757,0.942955,0.768976,0.190928,10.276003,12.83557,1.849265,0.39183,0.235281,6.525082,1.017351,0.942516,1.070585,0.456569,concentrate
6.554126,3.504975,0.590577,1.063699,0.421271,4.528167,3.055618,0.7645,0.36925,0.182016,2.737022,2.240386,0.390712,0.358824,0.163523,3.868712,2.933124,0.540921,0.317147,0.16686,12.036075,13.694813,2.084029,0.489747,0.23422,4.321579,1.839841,1.135959,0.821993,0.17599,11.54528,14.253669,2.031386,0.466638,0.211441,6.754513,1.476813,1.083816,1.205087,0.448675,concentrate
7.523696,4.723276,0.503818,1.065761,0.395909,4.721905,3.155436,0.738887,0.427129,0.186931,3.199069,3.096359,0.389458,0.404015,0.170715,3.932537,3.195778,0.518052,0.345074,0.173586,12.121393,13.507635,2.125156,0.526114,0.196097,5.005496,2.164037,1.262539,0.844309,0.169727,11.648873,14.070385,1.986079,0.534407,0.183296,6.898378,2.289437,1.153413,1.275871,0.431498,concentrate
8.101871,5.898999,0.41567,0.995291,0.369916,4.497255,3.388708,0.720253,0.45958,0.197168,3.486511,3.953327,0.392738,0.437601,0.185895,3.734014,3.538677,0.510089,0.365048,0.182831,11.088549,12.067261,1.918342,0.539304,0.16471,5.257542,2.654437,1.273517,0.836158,0.173481,10.5596,12.485898,1.715935,0.571034,0.15479,6.731803,3.446936,1.138977,1.277625,0.408333,concentrate
8.193101,6.865029,0.372475,0.888792,0.349169,3.979852,3.768048,0.730473,0.461631,0.212085,3.562162,4.637257,0.414128,0.454414,0.206903,3.36834,3.933626,0.542322,0.373928,0.192269,9.216312,10.0046,1.551677,0.522775,0.139819,5.022894,3.311152,1.175938,0.804067,0.184963,8.706042,10.191568,1.331071,0.561775,0.131671,6.1982,4.844889,1.097346,1.252185,0.391774,concentrate
7.96269,7.506108,0.409294,0.794595,0.338225,3.362334,4.218841,0.770719,0.436649,0.227704,3.431787,5.016905,0.464489,0.451537,0.228155,2.928982,4.306891,0.612752,0.370928,0.199272,7.083998,8.012753,1.159581,0.47667,0.122278,4.433182,4.023635,1.01661,0.755976,0.198691,6.702024,7.976189,0.963092,0.506339,0.118632,5.443151,6.24153,1.088512,1.244625,0.394136,concentrate
7.298763,7.788075,0.517566,0.74303,0.337728,2.79359,4.617254,0.820953,0.395971,0.237574,3.150177,5.059608,0.536885,0.430831,0.24177,2.514878,4.577017,0.692396,0.358625,0.200843,5.358138,6.682608,0.847482,0.408374,0.113037,3.764188,4.671419,0.853631,0.695859,0.208709,5.141248,6.463348,0.702057,0.420309,0.116139,4.785677,7.435169,1.144738,1.275488,0.417814,concentrate
6.501125,7.755079,0.656926,0.731833,0.346496,2.345528,4.886751,0.852187,0.354124,0.236554,2.801499,4.837039,0.608472,0.399029,0.241384,2.163776,4.716113,0.741245,0.343201,0.195363,4.403098,6.170655,0.662273,0.332201,0.113319,3.314414,5.143025,0.736965,0.62866,0.212658,4.262494,5.780761,0.563522,0.329386,0.121317,4.419969,8.242774,1.24025,1.330299,0.453979,concentrate
5.570899,7.479692,0.773643,0.735012,0.366191,2.021549,5.009861,0.851802,0.3222,0.223911,2.475181,4.447413,0.656642,0.365685,0.224924,1.908485,4.730274,0.736911,0.33237,0.183835,4.259149,6.218708,0.605711,0.262356,0.127603,3.255947,5.340265,0.68576,0.55825,0.212488,4.044127,5.617379,0.515601,0.260057,0.131925,4.409749,8.547459,1.331048,1.380255,0.489712,concentrate
4.773524,6.990484,0.831698,0.72327,0.399099,1.7824,5.001127,0.829647,0.306742,0.203941,2.230492,3.971545,0.669782,0.341735,0.195901,1.743449,4.638957,0.68458,0.333509,0.169781,4.646848,6.486231,0.630562,0.21244,0.160883,3.555959,5.226248,0.701513,0.496027,0.212215,4.191343,5.566886,0.503663,0.23149,0.147425,4.526658,8.33517,1.358286,1.40399,0.517483,concentrate
4.329336,6.285233,0.833302,0.688401,0.444037,1.631424,4.868224,0.803561,0.31258,0.18379,2.102345,3.454426,0.65172,0.337576,0.161989,1.686173,4.442909,0.610412,0.355448,0.157763,5.270514,6.727746,0.69902,0.200924,0.212978,4.052441,4.83937,0.772179,0.458312,0.214659,4.467925,5.34941,0.504481,0.255741,0.167371,4.623092,7.684688,1.30027,1.401999,0.538754,concentrate
4.344885,5.410394,0.791438,0.648089,0.492845,1.566243,4.606755,0.784392,0.340501,0.169088,2.067649,2.925378,0.611882,0.356738,0.131306,1.713975,4.133716,0.542131,0.403534,0.150824,5.81976,6.831652,0.806642,0.246183,0.275639,4.540801,4.279693,0.878228,0.45747,0.219315,4.646572,4.913805,0.540172,0.336645,0.18997,4.552545,6.755386,1.185317,1.388125,0.559241,concentrate
4.855001,4.549557,0.724496,0.632284,0.530659,1.584695,4.253595,0.755634,0.384709,0.161982,2.095546,2.458388,0.553452,0.391432,0.110363,1.802393,3.75705,0.486394,0.472989,0.149805,6.124651,6.711691,0.927645,0.356913,0.334297,4.898305,3.63811,0.989545,0.4986,0.222816,4.634102,4.330539,0.614037,0.466058,0.212012,4.424478,5.720602,1.055745,1.378168,0.584233,concentrate
5.720489,3.86998,0.652934,0.658554,0.543986,1.710249,3.88029,0.693512,0.433859,0.161592,2.169526,2.136274,0.479204,0.427975,0.103115,1.941401,3.397534,0.436381,0.547369,0.153768,6.025837,6.300144,1.033891,0.517694,0.373283,5.086103,2.994671,1.070543,0.571706,0.221066,4.375794,3.699588,0.707067,0.618045,0.228901,4.381293,4.708555,0.954684,1.367328,0.613603,concentrate
6.70197,3.43086,0.599002,0.723005,0.529276,1.92521,3.565279,0.598559,0.475431,0.166005,2.250743,1.996261,0.405165,0.453802,0.110362,2.077915,3.12782,0.390269,0.604253,0.161874,5.501803,5.587833,1.085948,0.687062,0.382139,5.10133,2.427031,1.09489,0.65205,0.211903,3.906151,3.086544,0.780134,0.751292,0.236133,4.574331,3.79966,0.887957,1.336501,0.641212,concentrate
7.515985,3.167692,0.5902,0.803579,0.494663,2.152778,3.365346,0.511045,0.498149,0.174009,2.304504,2.000037,0.363931,0.460187,0.129877,2.154022,2.979152,0.367757,0.623282,0.173592,4.695822,4.639668,1.04888,0.812897,0.360235,4.951178,1.960855,1.045258,0.708748,0.197331,3.374024,2.525988,0.79171,0.824437,0.23203,4.989517,3.031995,0.830814,1.267878,0.656943,concentrate
7.991374,2.984848,0.633923,0.873185,0.455549,2.323113,3.293435,0.46492,0.494033,0.185489,2.313042,2.070612,0.375668,0.44298,0.156939,2.14677,2.940561,0.381033,0.594466,0.187919,3.769271,3.575773,0.914013,0.855224,0.318505,4.611914,1.597961,0.926963,0.716594,0.183255,2.887769,2.017282,0.719384,0.812686,0.219695,5.432806,2.399134,0.744047,1.157322,0.652033,concentrate
7.987926,2.757349,0.712317,0.912376,0.429548,2.394856,3.333233,0.472187,0.462884,0.199818,2.264096,2.142875,0.438371,0.405241,0.18586,2.073323,2.989679,0.426517,0.524214,0.202987,2.939405,2.576282,0.713244,0.807775,0.277151,4.080441,1.326868,0.774605,0.671122,0.177563,2.544542,1.579423,0.578007,0.722327,0.2077,5.676953,1.882197,0.611472,1.024216,0.625764,concentrate
7.369096,2.432487,0.801889,0.922362,0.430323,2.367929,3.430007,0.51221,0.412529,0.214279,2.121195,2.185156,0.529466,0.357571,0.211511,1.954591,3.087183,0.483445,0.432495,0.21608,2.370985,1.824288,0.496091,0.699553,0.255977,3.399023,1.146457,0.643748,0.591757,0.186063,2.382732,1.256642,0.405773,0.588298,0.206134,5.582083,1.502359,0.465583,0.904998,0.586035,concentrate
6.302345,2.075275,0.874075,0.918992,0.460621,2.249239,3.476951,0.559259,0.355457,0.224667,1.883176,2.184947,0.61823,0.313454,0.230331,1.811873,3.165741,0.530398,0.343387,0.224937,2.13307,1.448055,0.315493,0.582102,0.264471,2.694081,1.081262,0.575747,0.508395,0.208851,2.375296,1.107925,0.253773,0.460596,0.221284,5.239614,1.334595,0.346634,0.830142,0.545711,concentrate
5.025192,1.803207,0.900742,0.918979,0.511687,2.057578,3.375906,0.589808,0.303552,0.226624,1.581335,2.135231,0.67255,0.283244,0.239767,1.655494,3.158813,0.550608,0.274844,0.22765,2.154026,1.447966,0.1922,0.500395,0.297581,2.128561,1.146505,0.565556,0.444678,0.239617,2.434939,1.149394,0.156049,0.37671,0.251439,4.873606,1.437695,0.272001,0.80646,0.51771,concentrate
3.92337,1.686707,0.912626,0.929302,0.567972,1.85557,3.107425,0.59937,0.266119,0.21928,1.294451,2.040232,0.681913,0.272514,0.238671,1.52364,3.045355,0.545718,0.234469,0.224025,2.282842,1.691213,0.130597,0.474845,0.339557,1.83711,1.303877,0.585216,0.408246,0.269051,2.449325,1.323921,0.127425,0.349125,0.287152,4.73086,1.765483,0.248059,0.822394,0.506412,concentrate
3.818595,1.789816,0.981765,0.93865,0.611477,1.695072,2.761469,0.609139,0.246026,0.207,1.08264,1.916484,0.663286,0.279176,0.22779,1.43192,2.865574,0.537654,0.218667,0.216132,2.393111,2.006862,0.123631,0.492075,0.374318,1.857348,1.496553,0.598635,0.39026,0.29,2.368216,1.540437,0.16067,0.36082,0.316299,4.897591,2.202053,0.264515,0.854199,0.509825,concentrate
5.399894,2.1675,1.168796,0.927134,0.626882,1.603608,2.485546,0.63983,0.241035,0.195907,0.966702,1.796915,0.646474,0.296062,0.209057,1.378321,2.695182,0.547559,0.219166,0.206526,2.432877,2.261794,0.166608,0.518191,0.392732,2.105253,1.686069,0.589135,0.375786,0.299643,2.194645,1.715046,0.238467,0.378018,0.330335,5.282622,2.623289,0.306063,0.878712,0.526224,concentrate
8.656099,2.780555,1.490155,0.883564,0.605692,1.553827,2.383225,0.701256,0.246213,0.190296,0.917679,1.708597,0.655098,0.313404,0.185232,1.335425,2.591753,0.584433,0.226977,0.196808,2.360414,2.356398,0.267664,0.522102,0.392847,2.37988,1.8258,0.578896,0.35559,0.298462,1.936865,1.776386,0.35525,0.37284,0.327296,5.588634,2.893302,0.380762,0.877971,0.558179,concentrate
12.806217,3.534934,1.889364,0.81356,0.550431,1.518504,2.468259,0.782228,0.253686,0.191552,0.883434,1.661659,0.696696,0.321486,0.159696,1.28397,2.570188,0.641352,0.234617,0.187838,2.190227,2.25001,0.427389,0.496415,0.378862,2.484834,1.873813,0.612126,0.330631,0.288476,1.645461,1.691134,0.503587,0.341416,0.31185,5.541131,2.916084,0.518108,0.850136,0.611282,concentrate
16.968548,4.263771,2.268082,0.734454,0.47532,1.503829,2.719,0.856789,0.257438,0.199124,0.850548,1.676826,0.761645,0.314858,0.136567,1.240899,2.647495,0.698014,0.236902,0.180411,1.99901,2.004457,0.624274,0.452351,0.358491,2.392866,1.823619,0.719747,0.30794,0.27229,1.414494,1.517001,0.664928,0.297525,0.291967,5.123432,2.734355,0.742897,0.808207,0.687755,concentrate
19.754858,4.774622,2.494411,0.662994,0.402736,1.550637,3.067327,0.890778,0.254759,0.21143,0.862698,1.755334,0.819727,0.293684,0.119787,1.249541,2.812772,0.726005,0.230081,0.175322,1.890639,1.735073,0.815321,0.409846,0.338422,2.24353,1.706765,0.890438,0.295346,0.251997,1.339364,1.350959,0.807567,0.26173,0.27444,4.63765,2.480772,1.031117,0.777133,0.780182,concentrate
20.532667,4.962815,2.492177,0.604721,0.354012,1.720238,3.418582,0.865395,0.248351,0.225889,0.992405,1.873511,0.843842,0.263452,0.110778,1.361838,3.01056,0.70588,0.213791,0.172888,1.971987,1.558403,0.953252,0.387353,0.321261,2.246735,1.570262,1.08132,0.300812,0.228837,1.507573,1.281305,0.898423,0.25256,0.261198,4.551898,2.303393,1.323608,0.785032,0.868193,concentrate
19.268057,4.877443,2.261203,0.557426,0.34008,2.016787,3.684075,0.773613,0.245642,0.240306,1.264715,2.003165,0.809922,0.234934,0.108823,1.586665,3.168921,0.629379,0.192791,0.172625,2.27813,1.543168,1.000598,0.391431,0.305625,2.540805,1.469326,1.230229,0.329579,0.205049,1.934076,1.343432,0.915252,0.276104,0.249984,5.100717,2.303477,1.538691,0.845437,0.924961,concentrate
16.290871,4.6723,1.875017,0.516168,0.3576,2.366163,3.825562,0.644357,0.253322,0.25284,1.635028,2.134272,0.722072,0.219606,0.112259,1.872277,3.24295,0.517114,0.175195,0.172824,2.743194,1.666877,0.942284,0.414292,0.289155,3.102309,1.442536,1.285854,0.378024,0.185667,2.531058,1.496624,0.853437,0.322958,0.238704,6.151881,2.483741,1.611591,0.947622,0.931528,concentrate
12.906156,4.513148,1.441512,0.482737,0.392245,2.653271,3.848926,0.52639,0.275801,0.262939,1.996702,2.268471,0.609178,0.224164,0.120513,2.129424,3.224929,0.407738,0.170915,0.172489,3.216734,1.82525,0.805649,0.443519,0.271548,3.738032,1.492275,1.221205,0.434834,0.178021,3.126261,1.6424,0.736555,0.380989,0.22905,7.252063,2.769195,1.547991,1.067894,0.886812,concentrate
9.605401,4.445148,1.048814,0.467209,0.42668,2.768184,3.755935,0.446648,0.314318,0.270975,2.228525,2.375838,0.495516,0.248285,0.134021,2.264268,3.105722,0.324096,0.187869,0.172528,3.536909,1.903559,0.647751,0.469568,0.255166,4.191164,1.578985,1.055679,0.486724,0.186763,3.516058,1.687983,0.60239,0.441754,0.225743,7.876624,3.044071,1.418686,1.175347,0.808232,concentrate
7.372617,4.421921,0.754325,0.486975,0.447138,2.666177,3.572083,0.406792,0.367827,0.277554,2.267232,2.417979,0.392633,0.290455,0.152974,2.23246,2.907877,0.269438,0.230274,0.174641,3.61443,1.864926,0.530549,0.490509,0.242823,4.290842,1.65864,0.844851,0.528822,0.209541,3.571268,1.607122,0.491329,0.503086,0.23179,7.709463,3.219278,1.336065,1.243194,0.720811,concentrate
5.698568,4.33525,0.6132,0.548562,0.44709,2.40909,3.389206,0.416208,0.432177,0.282896,2.134662,2.394369,0.326385,0.35145,0.175661,2.070503,2.719028,0.261321,0.296798,0.179341,3.470554,1.738682,0.490144,0.50754,0.236343,4.025085,1.670248,0.652946,0.569677,0.237378,3.291182,1.444455,0.42673,0.56209,0.245201,6.765413,3.241019,1.377441,1.259506,0.646234,concentrate
4.741658,4.119706,0.651297,0.645305,0.430037,2.14207,3.331539,0.474579,0.502108,0.288279,1.931381,2.33462,0.321484,0.43272,0.199446,1.8859,2.644382,0.312216,0.379651,0.186375,3.229956,1.605823,0.528949,0.521775,0.236639,3.554215,1.603781,0.531781,0.625822,0.260206,2.808059,1.292331,0.417444,0.61256,0.260328,5.366218,3.122761,1.549541,1.236781,0.595228,concentrate
4.308951,3.819914,0.851087,0.76012,0.4053,2.023405,3.51485,0.569089,0.573911,0.296275,1.787551,2.298231,0.374594,0.534157,0.222391,1.814134,2.77246,0.414991,0.467725,0.196017,3.044702,1.537224,0.616617,0.538738,0.244976,3.101454,1.489511,0.501007,0.716571,0.272253,2.330009,1.232177,0.452898,0.65026,0.270893,3.971131,2.911936,1.775527,1.197609,0.566549,concentrate
4.556624,3.579114,1.168237,0.865787,0.383908,2.141645,3.996566,0.690952,0.644276,0.307209,1.78907,2.352365,0.466236,0.649841,0.242862,1.940805,3.151429,0.550093,0.548657,0.208118,3.005634,1.57905,0.725452,0.562098,0.26196,2.8268,1.370417,0.561718,0.85089,0.278083,2.025628,1.305172,0.524427,0.671511,0.272913,2.943316,2.66964,1.965091,1.157836,0.553317,concentrate
4.892323,3.447619,1.546129,0.94197,0.373078,2.428425,4.717129,0.827597,0.710411,0.317029,1.917866,2.513497,0.572973,0.764795,0.258418,2.223171,3.742705,0.692725,0.613328,0.220978,3.127554,1.756622,0.863963,0.596274,0.285285,2.776381,1.261893,0.703302,1.014933,0.287023,1.994862,1.527953,0.634848,0.680666,0.267198,2.565067,2.444869,2.083249,1.145254,0.5516,concentrate
5.601237,3.446092,1.935388,0.979568,0.37502,2.710333,5.540305,0.977122,0.770648,0.319428,2.07067,2.739064,0.684303,0.861027,0.266543,2.508144,4.438862,0.829516,0.659766,0.231947,3.344414,2.071895,1.049272,0.647226,0.310115,2.881496,1.171942,0.901371,1.175002,0.307421,2.22063,1.896302,0.785382,0.690224,0.258664,2.898186,2.314538,2.142805,1.180733,0.561145,concentrate
5.789126,3.627174,2.290791,0.981487,0.390307,2.777445,6.401299,1.137747,0.818286,0.309655,2.128311,2.99709,0.799176,0.920352,0.265902,2.615722,5.171701,0.953887,0.688754,0.239346,3.562267,2.485519,1.287806,0.717178,0.33166,3.056262,1.10405,1.134403,1.294696,0.342152,2.607801,2.367811,0.962451,0.715601,0.252954,3.812685,2.356223,2.176383,1.272666,0.5836,concentrate
5.713093,4.085417,2.570642,0.959511,0.418366,2.629426,7.371137,1.298664,0.845969,0.286889,2.093649,3.311902,0.913542,0.933274,0.256949,2.516684,5.970522,1.057531,0.705316,0.243031,3.638007,2.90272,1.55154,0.801653,0.347909,3.224317,1.063101,1.381316,1.351919,0.386656,2.984964,2.865205,1.143177,0.763949,0.253306,4.892172,2.605267,2.212452,1.409159,0.615292,concentrate
5.473821,4.853454,2.727501,0.930926,0.457495,2.477759,8.522388,1.437319,0.847576,0.254571,2.106572,3.710981,1.013567,0.902837,0.241445,2.362309,6.859889,1.129734,0.714205,0.243025,3.584435,3.222304,1.757543,0.895484,0.35934,3.493493,1.03774,1.610054,1.35184,0.430744,3.255085,3.356964,1.276896,0.833728,0.259809,5.810281,3.135058,2.251999,1.57438,0.647284,concentrate
5.129935,5.947081,2.714937,0.910454,0.504097,2.599388,9.838532,1.518284,0.816875,0.22129,2.329442,4.216283,1.075846,0.842947,0.223947,2.36988,7.809147,1.155912,0.714186,0.240495,3.781329,3.494074,1.819405,0.998433,0.3702,4.089525,1.023388,1.767052,1.325254,0.464644,3.668292,3.99149,1.313541,0.912561,0.271336,6.472651,4.105771,2.244248,1.751334,0.673989,concentrate
5.320953,7.417295,2.545314,0.907019,0.551945,3.181433,11.163342,1.527657,0.754898,0.199083,2.849751,4.838071,1.092286,0.771371,0.21093,2.704705,8.717557,1.135208,0.701815,0.237994,4.714461,3.982227,1.698443,1.109457,0.386304,5.230953,1.116719,1.820866,1.305408,0.48228,4.637564,5.038552,1.243034,0.98094,0.287878,7.112668,5.689997,2.139935,1.922278,0.699674,concentrate
6.774946,9.143,2.267565,0.920659,0.591914,4.164768,12.19198,1.469695,0.67086,0.197358,3.598958,5.524231,1.06637,0.701955,0.207518,3.349243,9.40945,1.076421,0.673193,0.237998,6.612952,4.972982,1.413263,1.218812,0.40946,7.006137,1.486098,1.770948,1.304109,0.482257,6.351645,6.64994,1.086442,1.018736,0.30926,8.158423,7.858488,1.915641,2.068489,0.730893,concentrate
9.698281,10.86727,1.956948,0.938081,0.61321,5.274425,12.584132,1.358456,0.580129,0.217569,4.360649,6.151352,1.009776,0.637811,0.215263,4.094897,9.687259,0.992954,0.626492,0.241628,9.203449,6.55575,1.056087,1.306271,0.434825,9.237774,2.267442,1.654213,1.304285,0.467653,8.599612,8.677889,0.89787,1.014669,0.332695,10.075793,10.325263,1.611023,2.163089,0.767418,concentrate
14.889637,12.191693,1.677897,0.940352,0.607872,6.126486,12.11771,1.227694,0.502348,0.25049,4.849252,6.546072,0.947251,0.576481,0.229885,4.633315,9.415219,0.908438,0.566089,0.246923,11.76967,8.483734,0.738037,1.344613,0.452474,11.444308,3.405967,1.508307,1.272958,0.443149,10.790245,10.652227,0.743099,0.968512,0.351549,12.940989,12.529864,1.307178,2.174569,0.799336,concentrate
20.524912,12.725965,1.466732,0.912287,0.575567,6.435992,10.861521,1.11061,0.453847,0.280989,4.890838,6.588392,0.903543,0.519155,0.243387,4.749576,8.64257,0.841936,0.502334,0.249949,13.520473,10.202198,0.526492,1.308299,0.452651,13.056802,4.599802,1.360708,1.189843,0.413281,12.247258,11.944816,0.647553,0.885828,0.357549,16.265799,13.799623,1.066418,2.074587,0.81014,concentrate
25.563185,12.284761,1.317673,0.852319,0.52412,6.108303,9.130573,1.025794,0.438586,0.296062,4.461587,6.264807,0.889507,0.466274,0.248499,4.382455,7.572416,0.802621,0.445864,0.247328,13.815982,11.123996,0.431495,1.189966,0.431763,13.60075,5.51771,1.214414,1.05625,0.383754,12.439706,12.065533,0.595073,0.777428,0.345951,19.178291,13.699473,0.903102,1.858554,0.785925,concentrate
28.001051,10.945406,1.194561,0.773704,0.464763,5.270232,7.314744,0.967119,0.447351,0.28967,3.728012,5.630958,0.896044,0.417809,0.242143,3.664724,6.433287,0.781094,0.401813,0.237715,12.621595,10.906735,0.424043,1.008538,0.394545,12.997313,5.889577,1.068016,0.894427,0.359963,11.331558,10.927196,0.560893,0.658888,0.318957,20.756634,12.229761,0.808017,1.556806,0.725284,concentrate
27.080482,8.965943,1.06611,0.698402,0.407427,4.217783,5.694757,0.910636,0.463994,0.263695,2.898349,4.774991,0.897845,0.376222,0.225947,2.828891,5.376747,0.753375,0.369545,0.222167,10.292624,9.620777,0.460437,0.801269,0.352474,11.392958,5.61981,0.922966,0.738973,0.346268,9.272886,8.894932,0.528635,0.548541,0.285637,20.258129,9.817563,0.761363,1.233021,0.643331,concentrate
22.980562,6.732924,0.93571,0.638766,0.357859,3.243587,4.399234,0.836096,0.468601,0.225792,2.16808,3.816396,0.867995,0.339082,0.204199,2.098686,4.464808,0.700845,0.34158,0.202949,7.605637,7.703538,0.522804,0.609566,0.319193,9.293438,4.813856,0.796147,0.624262,0.345244,6.95856,6.610951,0.497886,0.461558,0.25764,17.904324,7.121523,0.751031,0.953511,0.564038,concentrate
16.863514,4.622979,0.825489,0.599167,0.31853,2.558025,3.386772,0.739395,0.451946,0.186266,1.658717,2.86124,0.792169,0.30845,0.18179,1.611944,3.658257,0.622562,0.314126,0.182947,5.297487,5.731284,0.614912,0.469097,0.305756,7.213279,3.750659,0.693289,0.567316,0.355463,5.016603,4.673159,0.479239,0.408489,0.244739,14.443769,4.760718,0.77522,0.763351,0.511743,concentrate
10.830829,2.949854,0.74735,0.579742,0.293124,2.15959,2.56255,0.62591,0.418774,0.154517,1.370473,2.009937,0.672565,0.289973,0.163004,1.348871,2.901715,0.526501,0.291604,0.165486,3.83298,4.134097,0.734422,0.39574,0.316417,5.567373,2.764842,0.6137,0.565399,0.373262,3.795118,3.376817,0.480328,0.391293,0.250261,10.96097,3.102118,0.830396,0.671423,0.506367,concentrate
6.001325,1.845377,0.700452,0.580537,0.285119,1.943067,1.886435,0.515348,0.380068,0.135142,1.234609,1.341957,0.530555,0.286943,0.149632,1.22103,2.195248,0.431034,0.281631,0.152261,3.174865,3.039011,0.858158,0.381438,0.346869,4.409223,2.068643,0.555274,0.598865,0.39527,3.175414,2.647455,0.494925,0.40144,0.270129,7.992136,2.132804,0.918073,0.657841,0.554964,concentrate
2.947146,1.259596,0.687697,0.605516,0.297195,1.824234,1.361487,0.424464,0.354363,0.127595,1.204154,0.892758,0.393771,0.303717,0.14111,1.158078,1.579388,0.349582,0.296364,0.143096,3.059834,2.322037,0.94656,0.399799,0.385635,3.69136,1.705258,0.518538,0.639576,0.416573,2.860319,2.216452,0.503477,0.424238,0.29638,5.830716,1.628365,1.034433,0.698097,0.64886,concentrate
1.64006,1.023449,0.716585,0.652746,0.330215,1.731532,0.987566,0.362765,0.358103,0.129235,1.230054,0.633856,0.286119,0.341445,0.136379,1.114822,1.088323,0.290026,0.342535,0.137759,3.202065,1.776262,0.971352,0.424054,0.418594,3.308662,1.564389,0.499629,0.662696,0.429569,2.611812,1.855204,0.497108,0.447311,0.320589,4.448963,1.362524,1.16919,0.777,0.769244,concentrate
1.41065,0.964917,0.776938,0.704904,0.380668,1.643291,0.767098,0.327449,0.392787,0.137542,1.277341,0.498622,0.224714,0.390301,0.135188,1.088233,0.748615,0.255073,0.411256,0.136447,3.55367,1.415444,0.934895,0.43816,0.434372,3.195618,1.585416,0.501977,0.65417,0.427005,2.505874,1.579032,0.475293,0.46005,0.3363,3.73685,1.328264,1.285455,0.873455,0.897775,concentrate
1.63596,0.979327,0.868684,0.743262,0.443481,1.556568,0.726556,0.309217,0.450895,0.152577,1.304894,0.434055,0.219301,0.437262,0.138639,1.10458,0.59875,0.24099,0.484749,0.141291,3.979484,1.499483,0.832947,0.43195,0.427372,3.263516,1.832525,0.535554,0.615857,0.405151,2.569653,1.623746,0.433625,0.456666,0.341719,3.450203,1.703743,1.341782,0.957753,1.0252,concentrate
2.17576,1.059101,0.987224,0.759073,0.511516,1.556939,0.907522,0.302773,0.521345,0.1745,1.298878,0.425305,0.274718,0.472406,0.147272,1.20899,0.686959,0.245032,0.545122,0.154589,4.304215,2.386782,0.697173,0.407448,0.397669,3.393622,2.436092,0.646708,0.564185,0.366721,2.751589,2.326609,0.388241,0.439383,0.337775,3.341836,2.712548,1.341305,1.007759,1.147814,concentrate
3.386371,1.270015,1.123928,0.764533,0.576509,1.780396,1.3661,0.311071,0.59393,0.20019,1.301691,0.491009,0.385405,0.492199,0.159187,1.480085,1.071406,0.268579,0.581822,0.175682,4.503417,4.278654,0.563907,0.376972,0.351276,3.514647,3.513033,0.850107,0.527612,0.321488,3.088137,3.916478,0.349512,0.416694,0.327195,3.3478,4.485043,1.295741,1.016821,1.258134,concentrate
5.638345,1.776864,1.292657,0.786953,0.628364,2.386254,2.16296,0.354281,0.663503,0.224333,1.403936,0.681116,0.545414,0.503175,0.170857,2.010844,1.796238,0.322172,0.59593,0.200021,4.721695,7.012454,0.470483,0.352749,0.296686,3.665141,5.121917,1.135816,0.530408,0.27998,3.697219,6.313466,0.330505,0.396698,0.311923,3.685971,7.009873,1.256648,0.995416,1.341367,concentrate
8.797637,2.763299,1.480178,0.848272,0.656239,3.448843,3.28371,0.44506,0.723774,0.241291,1.69498,1.036912,0.730126,0.514678,0.178619,2.860024,2.81953,0.406722,0.594103,0.220205,5.106794,10.005463,0.434183,0.341603,0.242431,3.913724,7.153546,1.451026,0.577539,0.249948,4.612506,9.041729,0.335013,0.385211,0.29333,4.545059,10.025341,1.265148,0.966401,1.376034,concentrate
12.046398,4.28673,1.648162,0.944559,0.651321,4.846869,4.595057,0.590781,0.764744,0.247509,2.185605,1.568004,0.905717,0.529258,0.18057,3.951597,3.992676,0.521958,0.582425,0.229498,5.639986,12.432316,0.471866,0.342305,0.195213,4.247283,9.290537,1.7244,0.651156,0.235399,5.668748,11.341652,0.386935,0.38271,0.272005,5.902343,12.972579,1.346369,0.958247,1.342587,concentrate
14.418101,6.185017,1.759524,1.049729,0.61224,6.268073,5.844609,0.782407,0.774568,0.243085,2.776517,2.237112,1.046856,0.541071,0.177162,5.062625,5.078415,0.661442,0.562381,0.22565,6.148066,13.599636,0.625416,0.359525,0.16009,4.542531,11.119166,1.911012,0.724962,0.236294,6.556778,12.52028,0.544814,0.39658,0.249938,7.374336,15.197582,1.509269,0.992005,1.238677,concentrate
15.045137,8.084115,1.787703,1.128984,0.548592,7.304381,6.715734,0.984558,0.744752,0.232612,3.303425,2.931264,1.13579,0.539152,0.170927,5.910903,5.801227,0.801109,0.530406,0.212762,6.327687,13.271807,0.928037,0.402447,0.140098,4.64437,12.248809,2.014322,0.782156,0.24773,6.961637,12.289502,0.857879,0.43778,0.229577,8.420502,16.184586,1.738386,1.083291,1.083981,concentrate
13.71693,9.502178,1.73519,1.151055,0.480496,7.683885,6.971559,1.164738,0.67707,0.224162,3.620656,3.49687,1.168692,0.515971,0.165528,6.27348,5.965984,0.918917,0.485036,0.199779,6.050718,11.731489,1.353147,0.480925,0.136793,4.534006,12.419168,2.062013,0.826231,0.263006,6.749005,10.844141,1.306415,0.512536,0.21447,8.683486,15.724483,1.983187,1.23522,0.91427,concentrate
10.944977,10.03856,1.645906,1.102981,0.433341,7.310216,6.556523,1.305734,0.581988,0.225327,3.656356,3.785533,1.155389,0.469893,0.164901,6.054551,5.535477,1.000612,0.429595,0.197005,5.33668,9.585315,1.797388,0.593114,0.150546,4.237389,11.579451,2.063741,0.866656,0.276957,5.986586,8.725528,1.782067,0.614506,0.209687,8.032022,13.959499,2.168943,1.420975,0.769899,concentrate
7.656506,9.530917,1.583058,1.008466,0.431993,6.324342,5.59891,1.399149,0.48114,0.241414,3.446108,3.7097,1.112745,0.412789,0.178142,5.346232,4.635242,1.034992,0.377471,0.219469,4.433509,7.496371,2.128978,0.727921,0.183708,3.887609,9.924813,2.004749,0.911564,0.289166,4.952816,6.570202,2.13783,0.72676,0.222329,6.810653,11.350708,2.24683,1.596932,0.68427,concentrate
5.028834,8.123923,1.592562,0.92016,0.490919,5.039581,4.379044,1.444192,0.403572,0.273857,3.114686,3.288468,1.054793,0.368851,0.218161,4.386679,3.520521,1.016764,0.348822,0.282399,3.558625,5.881459,2.243223,0.866725,0.2404,3.526048,7.795188,1.859545,0.959437,0.304051,3.92734,4.828348,2.254433,0.829135,0.257953,5.407759,8.464018,2.210447,1.720016,0.674443,concentrate
3.607162,6.22217,1.675821,0.893709,0.605389,3.827292,3.229372,1.452958,0.36971,0.320786,2.801098,2.636597,0.988833,0.3586,0.293017,3.466925,2.479916,0.956169,0.353415,0.389086,2.923527,4.776757,2.117565,0.985773,0.320825,3.231333,5.575319,1.61389,0.999023,0.328812,3.145041,3.61712,2.096985,0.900221,0.315552,4.289215,5.799344,2.088486,1.771344,0.734127,concentrate
3.208036,4.296288,1.7747,0.950516,0.752927,2.935345,2.367001,1.434172,0.378158,0.378859,2.577995,1.906502,0.918288,0.385215,0.399134,2.778601,1.698718,0.872787,0.383209,0.525608,2.560938,3.969815,1.826012,1.059765,0.417254,2.991177,3.60302,1.295477,1.010148,0.369321,2.61864,2.787104,1.736829,0.922079,0.385286,3.584884,3.676101,1.932195,1.745599,0.839987,concentrate
3.474229,2.725416,1.815912,1.062736,0.901825,2.426398,1.860625,1.401654,0.408141,0.442126,2.429074,1.250168,0.851981,0.434488,0.518777,2.354125,1.231011,0.795521,0.418665,0.662524,2.403933,3.245885,1.505216,1.080351,0.512225,2.772457,2.120497,0.984258,0.981388,0.423882,2.271636,2.144963,1.320851,0.893301,0.450054,3.257249,2.2435,1.806402,1.651598,0.962839,concentrate
3.322248,1.713346,1.748635,1.175818,1.021625,2.197664,1.646105,1.344127,0.434235,0.500367,2.273699,0.776596,0.796794,0.482625,0.624238,2.099237,1.02464,0.735756,0.440324,0.76394,2.318424,2.554323,1.277778,1.063342,0.582026,2.501675,1.23771,0.751845,0.919445,0.48069,1.962285,1.622089,0.992164,0.833632,0.490813,3.103896,1.519731,1.729856,1.519867,1.074803,concentrate
3.180283,1.278063,1.551687,1.235021,1.093615,2.088774,1.573039,1.248025,0.442826,0.54196,2.04152,0.519961,0.747332,0.511435,0.688307,1.878391,0.966616,0.694793,0.440689,0.8017,2.208317,1.971753,1.164417,1.039898,0.606595,2.133725,0.912354,0.630516,0.849096,0.522249,1.626615,1.250899,0.802079,0.77627,0.494246,2.975042,1.396266,1.65139,1.392647,1.152657,concentrate
2.848843,1.381065,1.290266,1.205266,1.115887,1.965418,1.54736,1.114673,0.435036,0.557938,1.718675,0.475442,0.695618,0.516694,0.695013,1.623137,0.981781,0.671985,0.427122,0.766701,2.052561,1.58681,1.137543,1.03831,0.57849,1.708586,0.993054,0.617735,0.802027,0.533315,1.306916,1.088094,0.744296,0.75273,0.458679,2.800842,1.705977,1.540982,1.300345,1.18667,concentrate
2.438719,1.895503,1.054719,1.08719,1.099843,1.826159,1.547348,0.974776,0.418666,0.544701,1.38629,0.610864,0.640012,0.502799,0.645807,1.381109,1.045522,0.671525,0.410577,0.671812,1.893371,1.439547,1.127384,1.065503,0.506707,1.318279,1.305577,0.656349,0.799858,0.51058,1.083987,1.156652,0.757896,0.773904,0.394669,2.597963,2.276788,1.368335,1.241765,1.18401,concentrate
2.172461,2.678174,0.908333,0.913797,1.059958,1.710971,1.61732,0.857857,0.400638,0.50471,1.143077,0.90675,0.58055,0.476513,0.558277,1.235978,1.195476,0.688586,0.398139,0.546518,1.770152,1.494455,1.081198,1.10233,0.412845,1.023604,1.693908,0.693428,0.83576,0.464189,0.987063,1.408413,0.777585,0.82366,0.320115,2.398003,2.946068,1.15167,1.19488,1.162954,concentrate
2.235687,3.552,0.872471,0.739787,1.00489,1.681522,1.822492,0.777531,0.384795,0.445372,1.048802,1.349944,0.516222,0.4444,0.45728,1.245372,1.501197,0.705877,0.389496,0.424087,1.719674,1.664054,1.000581,1.118321,0.321657,0.850993,2.04402,0.711342,0.878839,0.412266,1.021042,1.744637,0.777407,0.867748,0.25305,2.25664,3.555069,0.943441,1.139344,1.145444,concentrate
2.564618,4.293817,0.902579,0.608347,0.934296,1.756335,2.194212,0.725005,0.370706,0.376374,1.097982,1.895468,0.447253,0.411383,0.363857,1.403345,2.004911,0.701367,0.379423,0.327558,1.755604,1.876401,0.920412,1.08614,0.2504,0.797898,2.261433,0.7172,0.892314,0.370586,1.162625,2.087043,0.760184,0.869798,0.204326,2.226615,3.950497,0.788729,1.061629,1.144197,concentrate
3.130548,4.703524,0.918536,0.540706,0.84658,1.904487,2.677611,0.672747,0.358614,0.309367,1.222398,2.442864,0.375016,0.381682,0.289473,1.62853,2.652487,0.655184,0.363785,0.263879,1.868865,2.175146,0.860149,1.001159,0.204229,0.831973,2.298634,0.711834,0.852636,0.344309,1.351598,2.462765,0.724374,0.816641,0.17556,2.330558,4.088394,0.691005,0.963959,1.155605,concentrate
3.831608,4.742373,0.887509,0.526255,0.74818,2.073763,3.151366,0.602085,0.351835,0.256892,1.373117,2.88175,0.306481,0.355256,0.236107,1.839185,3.311444,0.565125,0.339344,0.227056,2.018159,2.682794,0.815074,0.874943,0.179443,0.996609,2.210269,0.700409,0.755304,0.327632,1.54264,2.966627,0.658778,0.716194,0.163198,2.725324,4.066332,0.635742,0.852935,1.168195,concentrate
5.108222,4.578903,0.840726,0.537935,0.663227,2.205421,3.481238,0.524384,0.355139,0.228354,1.525643,3.14296,0.265605,0.334474,0.20135,1.96015,3.825806,0.459266,0.308297,0.207574,2.187227,3.500821,0.796653,0.736977,0.170262,1.426026,2.166024,0.701745,0.625602,0.311096,1.713845,3.671448,0.586302,0.598478,0.163871,3.796563,4.127428,0.631209,0.742355,1.175314,concentrate
6.939594,4.513203,0.857228,0.564633,0.625698,2.29996,3.590297,0.479711,0.378801,0.227509,1.696692,3.213275,0.283174,0.33073,0.184404,1.992282,4.078637,0.384733,0.28311,0.201097,2.354422,4.560809,0.845395,0.624781,0.174788,2.225959,2.372588,0.750304,0.508787,0.290887,1.856166,4.513202,0.567037,0.502958,0.176716,5.806355,4.507463,0.713174,0.65618,1.182769,concentrate
9.527869,4.813908,1.000301,0.61432,0.655833,2.43168,3.521792,0.507979,0.429181,0.250364,1.918201,3.142806,0.379932,0.357311,0.183808,2.01084,4.05582,0.38811,0.279148,0.205431,2.525856,5.619707,1.001784,0.561624,0.193242,3.337874,2.975137,0.886688,0.440875,0.27188,1.979274,5.300338,0.657897,0.452305,0.20068,8.558156,5.332472,0.915499,0.613832,1.201852,concentrate
12.629735,5.486683,1.272218,0.696104,0.744695,2.605057,3.432425,0.636737,0.501103,0.286747,2.185415,3.000865,0.561003,0.416423,0.194945,2.063752,3.85831,0.502746,0.304123,0.216199,2.737481,6.36909,1.278418,0.548416,0.223819,4.514752,3.927281,1.125848,0.432554,0.26475,2.118737,5.804163,0.880741,0.44523,0.231755,11.48987,6.516457,1.238767,0.618079,1.234199,concentrate
16.549543,6.196854,1.617733,0.804644,0.857466,2.747041,3.531079,0.852483,0.581729,0.322836,2.39345,2.839578,0.797135,0.497339,0.213515,2.11924,3.661712,0.715675,0.358043,0.228082,2.997907,6.553523,1.634583,0.564793,0.261236,5.413013,4.980565,1.428975,0.468766,0.277629,2.257407,5.844519,1.198896,0.460422,0.262642,13.717968,7.679622,1.635332,0.651905,1.266941,concentrate
21.481638,6.580256,1.941694,0.916709,0.950865,2.858586,3.983824,1.096947,0.654191,0.344351,2.517919,2.697239,1.025154,0.57803,0.235148,2.18186,3.641353,0.963894,0.432569,0.235809,3.251633,6.117137,1.996016,0.589849,0.296892,5.795164,5.816267,1.71949,0.521954,0.308572,2.361918,5.388087,1.529446,0.47804,0.284943,14.932083,8.425472,2.016084,0.697575,1.283791,concentrate
28.63006,6.372272,2.142654,1.000027,0.995828,2.96132,4.779975,1.293372,0.701942,0.342888,2.584044,2.571002,1.173585,0.631415,0.254805,2.257805,3.851321,1.163578,0.510786,0.235913,3.408887,5.217644,2.266756,0.610702,0.321087,5.689473,6.1644,1.907789,0.564714,0.347324,2.379687,4.565353,1.768644,0.489871,0.293374,15.684072,8.486698,2.281254,0.743367,1.285077,concentrate
37.88903,5.560157,2.157393,1.026666,0.986137,3.070555,5.707865,1.378058,0.715423,0.318949,2.652518,2.43057,1.194845,0.636396,0.267851,2.344124,4.19536,1.247641,0.572687,0.228437,3.391871,4.176816,2.361447,0.613338,0.326781,5.292362,5.937953,1.92315,0.577958,0.379935,2.283074,3.627908,1.834423,0.493766,0.286845,16.825499,7.895094,2.354017,0.781418,1.294147,concentrate
48.753178,4.389676,1.988034,0.997067,0.934828,3.14256,6.464665,1.322425,0.697614,0.279884,2.733737,2.250312,1.08889,0.59137,0.270789,2.394437,4.496407,1.189978,0.604682,0.215787,3.162206,3.328726,2.248412,0.588909,0.313183,4.825427,5.268238,1.755353,0.562349,0.398284,2.067209,2.834279,1.708734,0.491391,0.268325,18.812742,6.967337,2.216053,0.817842,1.340566,concentrate
56.564632,3.203445,1.705952,0.940345,0.859649,3.108987,6.829117,1.144106,0.664163,0.235659,2.805902,2.031843,0.895574,0.515232,0.2619,2.352577,4.61422,1.010263,0.604645,0.200741,2.738603,2.837899,1.945042,0.533452,0.285282,4.425446,4.421607,1.455994,0.533867,0.402606,1.76296,2.306067,1.426933,0.480369,0.243576,21.226561,6.078159,1.915949,0.866189,1.435417,concentrate
59.756989,2.290961,1.407632,0.914271,0.774947,2.938794,6.781909,0.916381,0.637516,0.195686,2.800303,1.811858,0.685191,0.441357,0.242377,2.191157,4.520467,0.777094,0.582837,0.185856,2.217207,2.686426,1.520138,0.455166,0.251702,4.087542,3.692961,1.103986,0.516254,0.398607,1.443841,2.016647,1.064132,0.458637,0.21838,22.970373,5.477521,1.539443,0.937591,1.556895,concentrate
55.732254,1.753201,1.176252,0.968931,0.687051,2.651114,6.481816,0.714837,0.630864,0.166175,2.64767,1.627688,0.521256,0.397743,0.216324,1.921618,4.285893,0.558897,0.552468,0.17301,1.730534,2.759601,1.075179,0.377327,0.220403,3.702946,3.292219,0.783117,0.524861,0.39186,1.189651,1.880154,0.706731,0.428837,0.195281,22.798435,5.221532,1.176264,1.024507,1.658956,concentrate
45.577293,1.527449,1.044294,1.119051,0.597267,2.32354,6.15375,0.590284,0.638909,0.149277,2.318551,1.498592,0.433811,0.391279,0.189708,1.608624,4.029229,0.403119,0.520285,0.162955,1.38978,2.963222,0.700259,0.327221,0.196196,3.181479,3.27858,0.549032,0.560971,0.383931,1.059648,1.852394,0.423876,0.401871,0.17373,20.138163,5.206856,0.890676,1.100752,1.696447,concentrate
32.77356,1.47999,0.987148,1.33616,0.50725,2.011225,5.952601,0.543361,0.641064,0.144833,1.834936,1.426498,0.407541,0.406857,0.168208,1.293947,3.849701,0.318917,0.484238,0.156787,1.228229,3.232593,0.446551,0.326282,0.180684,2.528875,3.550997,0.406581,0.618055,0.373285,1.052921,1.918315,0.243231,0.392451,0.153626,15.490653,5.244048,0.703185,1.134619,1.649078,concentrate
19.71059,1.501568,0.94088,1.560546,0.427548,1.80417,5.868307,0.532263,0.620028,0.15263,1.316952,1.398292,0.40004,0.419199,0.154909,1.057387,3.762395,0.279165,0.440916,0.156358,1.225485,3.470876,0.313528,0.375232,0.174253,1.922356,3.901793,0.323097,0.685399,0.359173,1.144007,2.029171,0.156732,0.409544,0.139003,10.301493,5.142682,0.589471,1.109989,1.53491,concentrate
10.497242,1.603326,0.855482,1.72088,0.378372,1.738404,5.741383,0.51263,0.572376,0.171094,0.882245,1.386544,0.371138,0.407217,0.148598,0.927236,3.686754,0.252052,0.391503,0.162109,1.311892,3.569233,0.275507,0.453194,0.176088,1.522744,4.131953,0.276717,0.755924,0.344244,1.266561,2.105182,0.140067,0.452603,0.136279,5.939456,4.82144,0.524766,1.025932,1.398746,concentrate
4.987307,1.784495,0.721959,1.769398,0.374243,1.777289,5.384826,0.464859,0.516164,0.196561,0.615689,1.352018,0.31198,0.368663,0.145046,0.89461,3.504657,0.222057,0.346228,0.172122,1.420364,3.463507,0.305677,0.530611,0.184367,1.409145,4.115639,0.264739,0.832719,0.334359,1.36787,2.089326,0.175629,0.510302,0.148654,3.335638,4.302649,0.480931,0.900001,1.281447,concentrate
3.136097,2.031341,0.566642,1.686632,0.413365,1.803525,4.732998,0.396251,0.476815,0.22449,0.49265,1.267616,0.239654,0.316245,0.141327,0.89046,3.155644,0.190262,0.318488,0.183672,1.498778,3.182055,0.372327,0.581546,0.196114,1.504402,3.821665,0.292846,0.912728,0.334253,1.40946,1.988757,0.244642,0.562152,0.173327,2.367564,3.683087,0.444111,0.762038,1.198012,concentrate
2.944019,2.292678,0.434452,1.48642,0.478863,1.74864,3.915452,0.336682,0.470838,0.250264,0.457082,1.134924,0.17879,0.268267,0.137871,0.865364,2.688474,0.172512,0.316569,0.193892,1.59161,2.825647,0.444857,0.590174,0.20735,1.68666,3.309588,0.347329,0.98142,0.341973,1.414868,1.854955,0.325813,0.585605,0.201123,2.33929,3.057642,0.41672,0.639695,1.136963,concentrate
2.988357,2.469491,0.361475,1.22185,0.549468,1.638526,3.165334,0.310447,0.496759,0.269551,0.468347,0.982898,0.149361,0.239338,0.136852,0.813256,2.222033,0.181216,0.338358,0.200177,1.769349,2.517117,0.507143,0.558626,0.213868,1.840421,2.699988,0.40203,1.018363,0.349926,1.435491,1.755721,0.405727,0.568499,0.220264,2.515628,2.500266,0.40441,0.546014,1.075194,concentrate
3.087046,2.477486,0.361012,0.964311,0.607339,1.501829,2.686173,0.319645,0.533186,0.277913,0.515469,0.852638,0.152228,0.233557,0.138524,0.744598,1.877396,0.211735,0.370376,0.200781,2.083125,2.346009,0.552115,0.502769,0.212497,1.938449,2.106382,0.434329,1.005101,0.348126,1.519682,1.739035,0.474054,0.514321,0.222192,2.698449,2.042252,0.40377,0.488015,1.008053,concentrate
3.037403,2.3162,0.420971,0.777846,0.643769,1.387868,2.553102,0.35372,0.55373,0.272345,0.590524,0.77587,0.179151,0.24351,0.140756,0.686297,1.713776,0.251301,0.395192,0.195314,2.504721,2.324672,0.581016,0.444058,0.203011,1.97751,1.625109,0.438208,0.936307,0.329811,1.684924,1.814398,0.526622,0.441011,0.205688,2.97079,1.744692,0.404567,0.466859,0.959443,concentrate
2.794067,2.021111,0.520095,0.698303,0.65871,1.33357,2.690653,0.403105,0.544931,0.254023,0.682987,0.759735,0.21707,0.256968,0.140535,0.669311,1.712617,0.290667,0.401211,0.185147,2.905055,2.372646,0.597451,0.401828,0.189033,1.974951,1.325293,0.425495,0.824119,0.294577,1.862683,1.937736,0.563055,0.372792,0.177663,3.294784,1.652385,0.404487,0.476885,0.961035,concentrate
2.648647,1.672817,0.638314,0.720578,0.656836,1.329427,2.962349,0.471034,0.51721,0.228968,0.765992,0.794575,0.256649,0.265756,0.136007,0.706379,1.822483,0.334222,0.390996,0.173251,3.177715,2.377347,0.6024,0.384738,0.176746,1.995314,1.280764,0.411473,0.692302,0.250037,1.996705,2.036365,0.580172,0.329193,0.149861,3.665837,1.827152,0.397081,0.505546,1.023907,concentrate
2.139884,1.359722,0.757556,0.808455,0.643631,1.35104,3.270142,0.570392,0.499372,0.206555,0.822357,0.87043,0.296755,0.2701,0.128336,0.799508,2.014372,0.391212,0.379026,0.163563,3.249893,2.263493,0.605355,0.392452,0.1727,2.106291,1.545289,0.409995,0.566906,0.207498,2.058261,2.042872,0.579184,0.319396,0.133509,4.123679,2.289699,0.384751,0.534719,1.12909,concentrate
1.931651,1.145381,0.875501,0.914726,0.626361,1.405978,3.586479,0.696252,0.517744,0.195863,0.843536,0.977045,0.338498,0.275459,0.120592,0.948761,2.285584,0.460541,0.379094,0.159472,3.194611,2.044357,0.615552,0.420233,0.180554,2.336302,2.084754,0.430895,0.472618,0.177156,2.099116,1.938387,0.566971,0.342141,0.134528,4.65184,2.938706,0.385836,0.556959,1.235631,concentrate
1.630477,1.030242,0.985589,1.016568,0.612696,1.448025,3.947292,0.82263,0.578913,0.200107,0.827447,1.09585,0.380222,0.290061,0.115237,1.110334,2.644572,0.531214,0.395983,0.161534,3.062608,1.780378,0.630535,0.462923,0.198789,2.60455,2.741582,0.466366,0.425764,0.162942,2.156341,1.750983,0.552329,0.38997,0.151218,5.185387,3.566744,0.417057,0.579148,1.298928,concentrate
1.456506,0.953209,1.08702,1.125322,0.606414,1.492117,4.40795,0.916173,0.663772,0.214581,0.783256,1.205249,0.41977,0.320075,0.112495,1.256818,3.095614,0.586866,0.421786,0.166487,2.919219,1.532305,0.648022,0.515476,0.221621,2.803638,3.275388,0.501635,0.440002,0.162553,2.229847,1.522774,0.551365,0.451581,0.175808,5.587202,3.926944,0.491331,0.617502,1.289777,concentrate
1.672189,0.853056,1.165698,1.269158,0.607719,1.531875,5.029175,0.938747,0.739447,0.230346,0.735675,1.298065,0.44875,0.366076,0.110525,1.368075,3.644757,0.605013,0.442223,0.169329,2.727175,1.342743,0.653803,0.569673,0.242657,2.835101,3.484682,0.523712,0.52595,0.170977,2.270262,1.300997,0.559684,0.513343,0.199255,5.729537,3.859987,0.600095,0.690803,1.203991,concentrate
1.857067,0.720282,1.200703,1.460094,0.613705,1.603617,5.820845,0.872556,0.777113,0.239337,0.717037,1.37598,0.455155,0.42079,0.107118,1.459916,4.270614,0.568778,0.445064,0.165902,2.487056,1.240942,0.630716,0.615827,0.257065,2.691148,3.300253,0.526583,0.679269,0.183912,2.230499,1.138476,0.555693,0.563667,0.214914,5.621044,3.386702,0.71404,0.801823,1.061504,concentrate
2.628173,0.60524,1.178835,1.679498,0.618778,1.707799,6.652156,0.735547,0.765938,0.237559,0.754712,1.423514,0.43121,0.47027,0.101248,1.545835,4.862017,0.482889,0.427901,0.154884,2.190527,1.255104,0.582937,0.647538,0.262434,2.436095,2.790953,0.514207,0.872134,0.198449,2.08772,1.094492,0.529712,0.595977,0.219979,5.344485,2.668564,0.799438,0.932694,0.897968,concentrate
3.56588,0.555168,1.085184,1.883538,0.613094,1.864734,7.283827,0.585407,0.715276,0.225585,0.854042,1.411224,0.381728,0.500097,0.094706,1.646787,5.260747,0.380195,0.397611,0.13948,1.862089,1.407359,0.525222,0.662131,0.2582,2.183576,2.145658,0.489595,1.05696,0.212598,1.867456,1.206102,0.483176,0.608955,0.215104,5.03429,1.953757,0.828598,1.048289,0.747386,concentrate
4.807262,0.592077,0.925445,2.021153,0.588345,2.087495,7.514258,0.482442,0.643711,0.209329,1.002238,1.342071,0.318405,0.502654,0.091518,1.793405,5.376976,0.303668,0.363929,0.126964,1.53434,1.686735,0.480356,0.666666,0.246728,1.98561,1.554815,0.453058,1.187893,0.227793,1.623375,1.458491,0.427464,0.609276,0.20439,4.723489,1.430422,0.795729,1.12375,0.633936,concentrate
5.864447,0.726377,0.725792,2.05726,0.545144,2.368028,7.307019,0.459349,0.567811,0.195399,1.17079,1.267715,0.260951,0.480876,0.09464,1.980621,5.254022,0.288802,0.334265,0.123889,1.262996,2.071601,0.465598,0.672629,0.232827,1.880737,1.16242,0.409654,1.238812,0.249123,1.451245,1.791527,0.37453,0.607523,0.193567,4.445638,1.16996,0.71707,1.158372,0.571669,concentrate
6.489972,0.967425,0.544655,1.985413,0.49396,2.677923,6.791243,0.506068,0.496198,0.187476,1.328393,1.258891,0.229345,0.445164,0.103899,2.173811,5.025851,0.344,0.310759,0.132624,1.107663,2.51682,0.485017,0.686517,0.22161,1.901726,1.013313,0.374156,1.208678,0.280808,1.41671,2.120942,0.334644,0.611945,0.186915,4.26169,1.130151,0.619387,1.16719,0.567624,concentrate
6.507082,1.291121,0.440838,1.819343,0.44859,2.925328,6.166652,0.591445,0.428511,0.186001,1.452236,1.352401,0.242657,0.406573,0.11711,2.30533,4.818305,0.452303,0.289716,0.15056,1.099156,2.95184,0.535684,0.706483,0.216685,2.040795,1.062457,0.368676,1.115518,0.321729,1.525689,2.369488,0.32196,0.627239,0.185821,4.2135,1.201202,0.54025,1.164841,0.617837,concentrate
5.984212,1.663592,0.452504,1.590594,0.419772,3.072683,5.600981,0.680168,0.364945,0.189903,1.553386,1.519811,0.307367,0.37152,0.131962,2.348404,4.668738,0.5784,0.268804,0.171357,1.211169,3.269809,0.605543,0.722681,0.218554,2.238295,1.213947,0.406455,0.985182,0.364684,1.702207,2.475822,0.341926,0.651429,0.189329,4.298368,1.273884,0.509562,1.161492,0.705399,concentrate
5.161564,2.043391,0.565282,1.348879,0.414712,3.070236,5.14305,0.747973,0.314243,0.199793,1.649481,1.673652,0.410076,0.342152,0.148293,2.295261,4.50826,0.684659,0.252581,0.188375,1.377646,3.370012,0.675364,0.723881,0.22467,2.402655,1.380987,0.478882,0.840025,0.401323,1.851352,2.416573,0.381541,0.674028,0.19564,4.449967,1.303394,0.527927,1.149814,0.802447,concentrate
4.222055,2.390269,0.726126,1.14157,0.432354,2.928572,4.723513,0.787009,0.291028,0.216136,1.754142,1.714419,0.519327,0.317883,0.167535,2.181254,4.218524,0.742773,0.250226,0.196633,1.552508,3.211015,0.714288,0.701732,0.230681,2.457417,1.528605,0.554347,0.6954,0.42683,1.925764,2.220778,0.414369,0.67972,0.20283,4.548807,1.325015,0.571999,1.114447,0.87921,concentrate
3.501817,2.665704,0.866275,1.000275,0.463063,2.710999,4.247432,0.801055,0.306749,0.237076,1.859852,1.589494,0.606352,0.297761,0.189872,2.063755,3.724397,0.746598,0.269698,0.194016,1.719372,2.853763,0.710483,0.654698,0.232731,2.36499,1.679625,0.596271,0.560759,0.440185,1.935873,1.96468,0.428013,0.6591,0.209809,4.520745,1.411631,0.620162,1.048129,0.916638,concentrate
3.051924,2.824399,0.953913,0.933211,0.49442,2.483252,3.650085,0.801504,0.359119,0.257639,1.922129,1.315018,0.658219,0.283774,0.211976,1.97433,3.032405,0.713631,0.309606,0.181419,1.87645,2.437594,0.684299,0.591741,0.229432,2.164294,1.879157,0.603404,0.448179,0.44388,1.917401,1.746393,0.43112,0.614905,0.216987,4.268154,1.619703,0.696534,0.960875,0.91152,concentrate
2.788955,2.854465,0.997316,0.933011,0.517055,2.264938,2.932252,0.795202,0.431231,0.270952,1.898522,0.970529,0.677989,0.279955,0.227651,1.908388,2.237424,0.669383,0.359543,0.16251,2.016171,2.113676,0.65277,0.524436,0.222519,1.969851,2.147573,0.59652,0.372435,0.4417,1.912276,1.647758,0.428091,0.558313,0.225841,3.880712,1.954161,0.829201,0.873477,0.8735,concentrate
2.631729,2.79538,1.004391,0.975981,0.525018,2.024472,2.206018,0.788919,0.49962,0.270508,1.755691,0.683628,0.675274,0.290112,0.231418,1.80392,1.519484,0.635813,0.404925,0.141987,2.103042,1.971846,0.621615,0.461975,0.216279,1.867649,2.44715,0.588152,0.353953,0.439498,1.92294,1.686054,0.419318,0.502801,0.238217,3.470007,2.374055,1.00134,0.809207,0.818676,concentrate
2.505412,2.776897,0.990435,1.037436,0.517506,1.75286,1.675048,0.797603,0.544198,0.253642,1.500574,0.616416,0.663056,0.318571,0.222848,1.636588,1.098386,0.627551,0.432973,0.123599,2.119828,2.040753,0.592922,0.415706,0.214212,1.858884,2.707373,0.576348,0.412568,0.444312,1.946785,1.839719,0.413114,0.464023,0.255172,3.163719,2.865386,1.170009,0.781231,0.762522,concentrate
2.45185,3.043272,0.96317,1.099372,0.501695,1.530673,1.470978,0.831089,0.556556,0.224135,1.23723,0.895478,0.646652,0.36573,0.207855,1.474469,1.089972,0.641662,0.436633,0.109724,2.17507,2.325762,0.575936,0.397607,0.217432,2.003517,2.943519,0.566539,0.557273,0.461174,2.040065,2.099386,0.42441,0.454694,0.275898,3.133684,3.585308,1.289679,0.790349,0.713726,concentrate
2.799525,3.84051,0.923565,1.1598,0.489605,1.553073,1.564238,0.889857,0.544041,0.190983,1.211046,1.528319,0.619954,0.425179,0.195671,1.509821,1.433354,0.662943,0.418667,0.10189,2.523546,2.82366,0.575224,0.414086,0.224387,2.477979,3.270023,0.566378,0.785321,0.489131,2.389252,2.454374,0.461612,0.477366,0.29706,3.778151,4.769605,1.322567,0.830672,0.671963,concentrate
3.990477,5.246141,0.866518,1.221246,0.489224,2.007774,1.804527,0.965516,0.51865,0.165106,1.683411,2.386673,0.576798,0.48313,0.194096,1.948895,1.939458,0.681121,0.386235,0.101255,3.475958,3.489294,0.58961,0.459902,0.232138,3.52892,3.818817,0.570829,1.077344,0.520329,3.216687,2.860202,0.516558,0.52043,0.314089,5.57593,6.544226,1.257362,0.887285,0.634137,concentrate
6.373817,7.053576,0.803631,1.271172,0.498868,2.916657,2.036487,1.062855,0.490461,0.154219,2.734038,3.239948,0.526265,0.524794,0.205027,2.815573,2.399814,0.705201,0.34742,0.10782,5.096786,4.209467,0.624046,0.519679,0.240021,5.304382,4.659096,0.569844,1.389731,0.543665,4.566289,3.237894,0.584796,0.565219,0.324418,8.708161,8.817397,1.122382,0.946435,0.604046,concentrate
9.82959,8.83395,0.765526,1.286068,0.510278,4.09228,2.15119,1.191852,0.466665,0.159321,4.174238,3.843303,0.491308,0.540151,0.223058,3.925671,2.651293,0.752301,0.312075,0.120346,7.161282,4.802183,0.681593,0.573413,0.247918,7.692956,5.738456,0.564359,1.656005,0.548394,6.255393,3.491406,0.660216,0.594912,0.32599,12.868201,11.274675,0.984195,1.000913,0.590868,concentrate
13.840364,10.099921,0.769109,1.24399,0.512389,5.2406,2.110354,1.346323,0.447115,0.175598,5.627519,4.03958,0.494398,0.524982,0.238323,4.986462,2.626078,0.831549,0.286058,0.136639,9.143458,5.080821,0.758446,0.60504,0.255176,10.222581,6.862384,0.559996,1.807995,0.527605,7.85647,3.551619,0.732393,0.599564,0.316735,17.154541,13.418019,0.902113,1.045014,0.602482,concentrate
17.376484,10.550968,0.812515,1.136956,0.496532,6.051314,1.966016,1.497671,0.42991,0.195456,6.666904,3.831367,0.539256,0.482419,0.242322,5.693807,2.387442,0.929191,0.27092,0.153423,10.472785,4.958155,0.834534,0.614155,0.260437,12.210187,7.7342,0.56066,1.807054,0.483362,8.896686,3.433929,0.784766,0.580904,0.296025,20.405081,14.753204,0.898348,1.0738,0.636027,concentrate
19.144615,10.133368,0.855365,0.985452,0.461839,6.290261,1.78295,1.594444,0.41559,0.211147,6.963946,3.317331,0.600681,0.425501,0.232196,5.821396,2.045475,1.006009,0.266916,0.166904,10.693661,4.475136,0.872873,0.611075,0.261777,12.977069,8.052957,0.554421,1.661398,0.426257,9.027958,3.208934,0.79166,0.546405,0.266111,21.570959,14.913218,0.94149,1.087564,0.679048,concentrate
18.686518,9.071712,0.848589,0.828906,0.41508,5.906009,1.638764,1.589824,0.406946,0.216682,6.448526,2.685202,0.639242,0.371617,0.211022,5.347282,1.737239,1.022793,0.274158,0.17344,9.730859,3.857106,0.849921,0.612289,0.257699,12.230271,7.706509,0.527347,1.420542,0.370361,8.201662,3.007487,0.748779,0.505162,0.231095,20.250601,13.872327,0.973009,1.087832,0.714818,concentrate
16.075148,7.788847,0.767861,0.709054,0.368111,5.048398,1.608923,1.459407,0.40472,0.210252,5.354635,2.170234,0.622605,0.333952,0.184566,4.455523,1.595149,0.955647,0.290215,0.171442,7.921719,3.398732,0.775653,0.628149,0.249075,10.2558,6.886766,0.479029,1.154065,0.325727,6.699976,2.95516,0.675838,0.468329,0.19602,16.921141,12.012296,0.945682,1.073235,0.729288,concentrate
12.217376,6.680931,0.627408,0.650427,0.331861,3.978341,1.711143,1.216542,0.407945,0.19516,4.061426,1.927042,0.542943,0.321498,0.158769,3.424001,1.66787,0.806039,0.31248,0.162272,5.88181,3.253325,0.694659,0.656451,0.239173,7.747272,5.924137,0.427737,0.922428,0.294142,5.011153,3.06386,0.614985,0.448476,0.165464,12.671461,9.896275,0.853691,1.038834,0.715147,concentrate
8.284577,5.95284,0.471096,0.659969,0.310284,2.947599,1.906521,0.922927,0.421251,0.178723,2.91671,1.982859,0.430784,0.346991,0.138992,2.49731,1.907297,0.616306,0.345855,0.150623,4.220721,3.359851,0.638569,0.691758,0.2311,5.490793,5.184149,0.386587,0.758177,0.270885,3.624847,3.21771,0.58987,0.459681,0.141445,8.74564,8.073064,0.714376,0.982293,0.675899,concentrate
5.156803,5.630798,0.349605,0.745197,0.303491,2.123188,2.150953,0.66863,0.459311,0.169977,2.099736,2.257644,0.339741,0.433725,0.131215,1.792008,2.213819,0.453887,0.407343,0.143839,3.319183,3.521866,0.631389,0.738811,0.227285,4.093208,4.981329,0.357167,0.663645,0.250175,2.826856,3.260339,0.614333,0.518427,0.124497,6.078101,6.923047,0.559629,0.916113,0.624627,concentrate
3.255937,5.609295,0.282784,0.908067,0.309743,1.562889,2.465659,0.523197,0.536277,0.177418,1.603938,2.63794,0.306685,0.604296,0.14229,1.323145,2.518882,0.370823,0.514196,0.149774,3.13801,3.615405,0.675132,0.806075,0.231535,3.715038,5.485241,0.334587,0.623066,0.233682,2.589481,3.165915,0.679793,0.628097,0.115298,4.832301,6.672998,0.415837,0.861269,0.577819,concentrate
2.376309,5.733881,0.263585,1.128726,0.325754,1.286959,2.886918,0.500077,0.651353,0.204497,1.329076,3.018904,0.338261,0.857357,0.175524,1.070963,2.792824,0.377789,0.665878,0.173246,3.409328,3.680927,0.747199,0.894672,0.246861,4.12503,6.623458,0.3113,0.618302,0.2271,2.72572,3.049904,0.758189,0.773451,0.114117,4.623095,7.353084,0.297608,0.843358,0.548391,concentrate
2.128363,5.829062,0.273194,1.361737,0.348256,1.307759,3.365608,0.566887,0.781347,0.246665,1.214122,3.275449,0.411315,1.148108,0.226963,1.037209,2.993727,0.451651,0.833441,0.214066,3.794234,3.829637,0.826216,0.98532,0.273,4.902178,8.031577,0.291928,0.632724,0.234861,2.994975,3.040702,0.825199,0.917458,0.121187,4.904063,8.616671,0.215561,0.887,0.539748,concentrate
2.251406,5.784289,0.280413,1.543371,0.37307,1.580561,3.799078,0.65214,0.886969,0.292585,1.24108,3.335881,0.478928,1.396748,0.285253,1.197199,3.097073,0.535958,0.968512,0.26721,4.079139,4.116832,0.883081,1.040482,0.303717,5.726378,9.234398,0.282443,0.652882,0.254907,3.265803,3.180738,0.854766,1.010987,0.135447,5.340048,9.914004,0.172341,0.995057,0.5505,concentrate
2.594059,5.582463,0.274107,1.627749,0.394939,1.98794,4.072287,0.694099,0.930629,0.331507,1.382113,3.221301,0.507992,1.523145,0.335701,1.472594,3.106794,0.584094,1.025992,0.324858,4.209074,4.471845,0.900461,1.023786,0.329482,6.41259,9.818833,0.285573,0.664044,0.278774,3.499888,3.393792,0.83842,1.016562,0.155162,5.781637,10.763436,0.17782,1.140148,0.581104,concentrate
3.162564,5.221018,0.257199,1.618533,0.409806,2.392756,4.133045,0.664565,0.899203,0.358366,1.598201,3.010996,0.491903,1.489308,0.366875,1.759145,3.060103,0.58108,0.988973,0.379194,4.298167,4.73269,0.874937,0.922452,0.342078,6.928664,9.573932,0.30135,0.658366,0.296775,3.741277,3.538088,0.788569,0.92622,0.178128,6.213408,10.844119,0.23379,1.275203,0.634183,concentrate
3.85066,4.747676,0.2324,1.572599,0.415394,2.69079,4.035022,0.579532,0.813158,0.373898,1.836206,2.806274,0.447226,1.316274,0.374728,1.98489,3.015577,0.543797,0.875114,0.423914,4.541353,4.747943,0.825387,0.759289,0.33807,7.365353,8.582804,0.328667,0.640477,0.301845,4.060812,3.501014,0.73471,0.765153,0.200631,6.741684,10.10624,0.336681,1.354987,0.714889,concentrate
4.462627,4.226372,0.209228,1.570707,0.410814,2.819757,3.879022,0.482052,0.719367,0.384144,2.026256,2.661152,0.402523,1.075055,0.36323,2.11227,3.006097,0.503398,0.729789,0.454736,5.035086,4.422418,0.774812,0.584596,0.321248,7.796078,7.112793,0.361492,0.62768,0.292366,4.462852,3.228144,0.701612,0.584759,0.219564,7.423047,8.731326,0.468113,1.355255,0.828885,concentrate
4.790272,3.722914,0.195668,1.662023,0.397212,2.754319,3.743956,0.410272,0.661261,0.394994,2.106467,2.558688,0.378169,0.848773,0.341076,2.137111,3.025374,0.47871,0.601004,0.468451,5.693191,3.779541,0.740083,0.450699,0.299456,8.165003,5.524116,0.388792,0.635901,0.272152,4.849869,2.755947,0.698487,0.43863,0.233106,8.157082,7.082183,0.602263,1.280454,0.970595,concentrate
4.787507,3.268219,0.194912,1.833414,0.377881,2.523613,3.656296,0.39635,0.653737,0.408332,2.055701,2.436156,0.378703,0.691713,0.316555,2.080247,3.037112,0.478332,0.516707,0.462766,6.310993,2.996247,0.720352,0.386687,0.280132,8.36577,4.117476,0.399166,0.666551,0.248317,5.082858,2.229748,0.714225,0.358124,0.240591,8.768878,5.521082,0.713803,1.164243,1.118457,concentrate
4.48905,2.879791,0.201711,2.009484,0.358127,2.255255,3.615209,0.453708,0.676121,0.420029,1.923209,2.254714,0.397709,0.608783,0.293644,2.023328,3.025877,0.501444,0.475808,0.436995,6.715061,2.333403,0.703727,0.389089,0.266899,8.324982,3.066608,0.387165,0.704657,0.227836,5.105046,1.849181,0.726327,0.343054,0.241892,9.145556,4.300063,0.778393,1.055614,1.240082,concentrate
4.052503,2.577489,0.2178,2.092449,0.345114,2.111894,3.633423,0.577913,0.692044,0.423017,1.808263,2.033615,0.424149,0.566745,0.271524,2.059881,3.023745,0.540058,0.457861,0.393985,6.897368,1.987491,0.684514,0.428623,0.258575,8.083919,2.404282,0.362189,0.726031,0.213896,5.026018,1.752368,0.712204,0.369498,0.237757,9.322207,3.504862,0.787373,0.993122,1.302892,concentrate
3.681729,2.381345,0.242526,2.021042,0.34981,2.221305,3.750624,0.751041,0.681335,0.41302,1.800357,1.855873,0.445755,0.5258,0.248602,2.249424,3.103447,0.585532,0.444039,0.342512,7.004937,2.039257,0.67039,0.477806,0.251368,7.733581,2.090238,0.340898,0.713819,0.205383,5.048178,1.988113,0.665072,0.411549,0.231461,9.419786,3.089751,0.745375,0.992139,1.286017,concentrate
3.541491,2.287724,0.2703,1.810634,0.388481,2.623853,4.01348,0.938017,0.653075,0.392864,1.933874,1.812993,0.45393,0.469001,0.226301,2.589838,3.337916,0.630651,0.431903,0.295784,7.128515,2.425215,0.669944,0.527189,0.243193,7.287584,2.002721,0.33958,0.667706,0.198211,5.273177,2.499894,0.590468,0.455169,0.228225,9.380508,2.886499,0.676857,1.038303,1.191279,concentrate
4.393009,2.254406,0.295729,1.542096,0.477853,3.250106,4.42443,1.089077,0.633623,0.369918,2.182689,1.931005,0.447626,0.407427,0.208552,3.013625,3.730138,0.663653,0.432736,0.265424,7.238782,2.953339,0.684052,0.573842,0.235004,6.755704,1.986479,0.35624,0.603536,0.188254,5.616457,3.125703,0.5065,0.492181,0.232484,9.232495,2.696598,0.60412,1.094924,1.04851,concentrate
7.080451,2.221666,0.321069,1.30642,0.619353,3.931839,4.933657,1.161893,0.641506,0.351307,2.463548,2.165381,0.431465,0.359606,0.1979,3.404108,4.210893,0.670141,0.454043,0.2559,7.149252,3.393661,0.71286,0.615353,0.228336,6.089692,1.925218,0.3733,0.543585,0.172735,5.837903,3.65802,0.440333,0.517053,0.24422,8.716434,2.410682,0.545591,1.119715,0.904473,concentrate
12.814444,2.14775,0.3593,1.157221,0.790003,4.45753,5.46727,1.135363,0.672802,0.338358,2.655065,2.429355,0.410999,0.332797,0.192971,3.61997,4.687419,0.642775,0.487124,0.262789,6.639036,3.588579,0.771658,0.643753,0.222697,5.220057,1.793887,0.380556,0.50593,0.151739,5.669069,3.931847,0.421671,0.524728,0.258147,7.793357,2.060009,0.508752,1.091733,0.806313,concentrate
20.597746,2.044868,0.424078,1.09319,0.947847,4.652453,5.984124,1.013106,0.702953,0.326089,2.677135,2.627389,0.390095,0.320949,0.189958,3.565311,5.077896,0.581729,0.512032,0.275744,5.624024,3.490763,0.873859,0.647976,0.21631,4.175028,1.639525,0.383419,0.500122,0.130679,4.987247,3.861254,0.467662,0.509714,0.266122,6.45988,1.757594,0.492962,1.014712,0.783704,concentrate
29.16128,1.965904,0.530302,1.07362,1.044846,4.505782,6.498014,0.831268,0.703168,0.308352,2.538571,2.702969,0.375843,0.311557,0.185613,3.259915,5.351114,0.501877,0.510437,0.284445,4.314232,3.172454,1.015381,0.620989,0.20782,3.133237,1.507297,0.388254,0.523013,0.118266,3.931448,3.492286,0.578406,0.469648,0.261942,5.098219,1.587628,0.48915,0.914372,0.835921,concentrate
35.96035,1.957057,0.673846,1.057303,1.048615,4.14967,7.090562,0.645249,0.65907,0.283534,2.310256,2.68445,0.372172,0.295176,0.179511,2.838232,5.565141,0.427859,0.476955,0.283199,2.974969,2.905947,1.16241,0.563996,0.196996,2.234159,1.413468,0.396436,0.560021,0.120924,2.753333,3.082203,0.725529,0.410363,0.245627,3.915128,1.573539,0.486334,0.840069,0.930954,concentrate
38.559341,2.031941,0.819309,1.029178,0.957421,3.80513,7.796975,0.496233,0.584996,0.254403,2.085667,2.638098,0.372337,0.274662,0.173837,2.503121,5.782256,0.374141,0.428634,0.271923,1.883884,3.07445,1.26282,0.487365,0.184451,1.543993,1.370174,0.405646,0.591228,0.138188,1.718739,3.003364,0.85673,0.345514,0.222205,3.031077,1.714138,0.479143,0.850607,1.028957,concentrate
36.088661,2.200626,0.919603,0.993641,0.799899,3.631238,8.548661,0.408276,0.513924,0.226367,1.927465,2.64265,0.373567,0.26219,0.171504,2.385305,6.042655,0.351997,0.393961,0.254532,1.165129,3.933441,1.28211,0.407052,0.172372,1.062625,1.388608,0.416702,0.599239,0.162318,0.990536,3.545993,0.932248,0.290602,0.198554,2.462656,1.990073,0.480508,0.982075,1.106529,concentrate
29.245663,2.4711,0.941318,0.962194,0.626136,3.659896,9.233873,0.380199,0.469377,0.206619,1.845546,2.792129,0.367966,0.265094,0.174482,2.480553,6.390439,0.362289,0.38951,0.236247,0.795541,5.481573,1.192607,0.337274,0.163894,0.776053,1.496554,0.415304,0.574596,0.183029,0.596154,4.777726,0.920025,0.257816,0.180693,2.165273,2.398421,0.488134,1.221808,1.158253,concentrate
20.082697,2.822027,0.878877,0.94469,0.487371,3.763998,9.707022,0.396502,0.455373,0.199324,1.80121,3.125324,0.348755,0.281769,0.183126,2.656136,6.816296,0.395426,0.413042,0.220637,0.653902,7.423543,0.995832,0.286855,0.162204,0.644444,1.698521,0.387965,0.519736,0.193893,0.457215,6.464227,0.810722,0.250483,0.171583,2.000572,2.914176,0.486302,1.510845,1.188462,concentrate
11.975582,3.175911,0.758818,0.935012,0.414876,3.787232,9.811141,0.437821,0.457369,0.203109,1.745366,3.569604,0.314705,0.301386,0.195989,2.752887,7.207363,0.438821,0.44423,0.208462,0.612772,9.263411,0.737396,0.259023,0.171216,0.624085,1.942716,0.329611,0.448561,0.195642,0.455059,8.147056,0.63652,0.25947,0.170058,1.837991,3.45044,0.451801,1.758109,1.204735,concentrate
5.970176,3.441978,0.627576,0.918407,0.411142,3.578908,9.481594,0.500061,0.457825,0.212351,1.640651,3.984562,0.279949,0.310217,0.210465,2.649743,7.41081,0.491244,0.459271,0.19921,0.593521,10.480105,0.502618,0.256693,0.192994,0.68872,2.153556,0.265265,0.382012,0.194463,0.492955,9.310909,0.461333,0.273457,0.172027,1.633324,3.900392,0.394494,1.878192,1.211414,concentrate
3.058342,3.540428,0.533247,0.884074,0.454941,3.174058,8.761304,0.591064,0.449827,0.220904,1.492981,4.218989,0.261614,0.299843,0.224347,2.365374,7.29253,0.552361,0.445203,0.19315,0.587237,10.718301,0.367148,0.283794,0.227077,0.816275,2.262737,0.227616,0.338526,0.197956,0.531677,9.581135,0.337422,0.288273,0.174508,1.437877,4.158953,0.338563,1.832535,1.20931,concentrate
1.899069,3.414515,0.476145,0.825549,0.514046,2.646277,7.74569,0.69596,0.435677,0.224164,1.314354,4.159398,0.26214,0.271986,0.236187,1.960571,6.763697,0.607902,0.404812,0.191391,0.621979,9.958319,0.339938,0.342638,0.267505,0.974533,2.23595,0.227123,0.330859,0.210284,0.586838,8.900966,0.275914,0.308583,0.176527,1.355355,4.199586,0.288008,1.641423,1.18925,concentrate
1.553432,3.112532,0.445543,0.758669,0.562692,2.181601,6.606398,0.78733,0.421377,0.219594,1.148564,3.800628,0.278173,0.238102,0.244232,1.576917,5.872163,0.644386,0.352781,0.19396,0.723179,8.486647,0.403014,0.442245,0.304713,1.126723,2.080197,0.259251,0.372035,0.229479,0.7114,7.525948,0.275029,0.351444,0.179365,1.441741,4.088799,0.26188,1.395298,1.148829,concentrate
1.585182,2.746376,0.422311,0.714907,0.588124,1.951726,5.502207,0.834136,0.41507,0.206373,1.056283,3.236031,0.302899,0.214623,0.245749,1.33948,4.776065,0.650304,0.308716,0.198149,0.892763,6.758965,0.521376,0.592037,0.328674,1.248776,1.844535,0.310598,0.469455,0.248245,0.938258,5.895717,0.313844,0.435991,0.185157,1.6739,3.957031,0.281178,1.218383,1.098971,concentrate
1.751267,2.364416,0.395177,0.724127,0.590202,1.983857,4.55541,0.823002,0.422691,0.187117,1.044492,2.601208,0.329754,0.213186,0.238661,1.270403,3.694941,0.624512,0.285921,0.200322,1.095306,5.198216,0.653577,0.784767,0.333169,1.325071,1.585143,0.365744,0.614631,0.258388,1.254717,4.442548,0.364005,0.565291,0.195006,1.949024,3.903074,0.344876,1.195772,1.061534,concentrate
2.035021,2.043476,0.370083,0.796172,0.579208,2.145668,3.87542,0.763172,0.446659,0.16801,1.062563,2.041711,0.355863,0.234772,0.223254,1.279053,2.864038,0.579781,0.287236,0.198141,1.251574,4.043201,0.768436,0.988456,0.318618,1.351215,1.35043,0.424022,0.780981,0.258546,1.57921,3.437214,0.408663,0.716363,0.208398,2.147106,3.942554,0.44407,1.327154,1.060531,concentrate
2.306514,1.87813,0.370286,0.905508,0.567366,2.285509,3.503876,0.657155,0.482198,0.155461,1.081795,1.665875,0.371806,0.267957,0.202803,1.287141,2.428472,0.516173,0.304852,0.191824,1.314552,3.329568,0.847245,1.155972,0.293697,1.348125,1.190137,0.486044,0.927934,0.258975,1.823426,2.928618,0.443083,0.847295,0.224087,2.254589,4.016745,0.555019,1.528023,1.106875,concentrate
2.56562,1.89349,0.418639,1.003484,0.561846,2.332779,3.39469,0.547654,0.520238,0.153479,1.101322,1.491537,0.378473,0.29645,0.182232,1.275467,2.38444,0.451243,0.328191,0.183814,1.281026,2.959843,0.865716,1.236789,0.269877,1.344922,1.134205,0.543324,1.008306,0.273801,1.912991,2.808194,0.46379,0.91259,0.239779,2.334116,4.019396,0.648978,1.676654,1.18314,concentrate
3.104633,2.094287,0.52052,1.044969,0.562246,2.278457,3.442496,0.484482,0.551066,0.16175,1.127914,1.467543,0.378649,0.308887,0.165877,1.263003,2.607882,0.407874,0.349698,0.177397,1.24355,2.849178,0.828948,1.203564,0.255994,1.385658,1.199725,0.581217,0.991911,0.311286,1.852183,2.946846,0.473571,0.890081,0.252477,2.470665,3.892828,0.708252,1.681746,1.250944,concentrate
3.735739,2.453204,0.645233,1.015974,0.562378,2.18427,3.536659,0.479797,0.569235,0.176522,1.16142,1.50581,0.363428,0.30425,0.156052,1.285461,2.927738,0.38337,0.368891,0.175903,1.335212,2.941986,0.746468,1.067477,0.253677,1.531053,1.37922,0.578851,0.879986,0.366268,1.722474,3.230428,0.464516,0.794229,0.258391,2.723785,3.645131,0.714138,1.523825,1.272525,concentrate
4.664943,2.875013,0.737888,0.936509,0.555434,2.104116,3.616372,0.524231,0.57156,0.192764,1.186606,1.546283,0.328513,0.289394,0.152803,1.36185,3.225521,0.368888,0.387214,0.181062,1.629511,3.154446,0.631707,0.876478,0.257952,1.831568,1.626418,0.52671,0.707451,0.42154,1.61304,3.530417,0.433267,0.668604,0.255261,3.068103,3.334916,0.668095,1.263366,1.22447,concentrate
5.541631,3.245142,0.77158,0.848235,0.541011,2.041037,3.642734,0.603236,0.557279,0.206623,1.189509,1.574579,0.28798,0.273736,0.154141,1.458795,3.430767,0.372357,0.40331,0.192004,2.105801,3.375019,0.519577,0.692906,0.261561,2.287143,1.875272,0.439044,0.526642,0.457296,1.573738,3.713342,0.395555,0.562992,0.24556,3.409073,3.03749,0.600597,1.012795,1.112532,concentrate
6.373542,3.42172,0.746851,0.795182,0.526846,1.997764,3.568911,0.689864,0.529213,0.216124,1.189282,1.580692,0.251884,0.26364,0.157007,1.549735,3.48478,0.393699,0.412473,0.205349,2.710985,3.486261,0.445551,0.563459,0.260327,2.863728,2.038651,0.345506,0.381182,0.461369,1.620479,3.675578,0.369273,0.507967,0.236084,3.68925,2.796515,0.558506,0.867818,0.976209,concentrate
6.89973,3.310726,0.690925,0.804504,0.522928,1.969026,3.367303,0.751575,0.489582,0.220184,1.224826,1.556343,0.224365,0.258588,0.158867,1.62244,3.364123,0.418745,0.407324,0.216625,3.359739,3.382685,0.42064,0.499817,0.256138,3.478886,2.048222,0.278,0.290027,0.435097,1.732798,3.36413,0.360699,0.499476,0.234658,3.915956,2.597699,0.571806,0.853751,0.87434,concentrate
7.187613,2.929615,0.63375,0.872146,0.53359,1.931719,3.06693,0.770433,0.441873,0.219505,1.315641,1.504529,0.209235,0.253633,0.159449,1.668278,3.10751,0.432802,0.384252,0.222838,3.927577,3.007491,0.435168,0.480501,0.254495,4.036109,1.881715,0.261487,0.246401,0.391727,1.873019,2.800696,0.369309,0.509057,0.245865,4.143158,2.391244,0.634076,0.927399,0.860669,concentrate
7.102667,2.419643,0.601958,0.963038,0.554721,1.891818,2.774709,0.753721,0.388971,0.215673,1.461017,1.444993,0.212128,0.244574,0.160672,1.702569,2.819068,0.435598,0.344377,0.222711,4.31512,2.399573,0.469312,0.468602,0.259389,4.42516,1.575544,0.298278,0.229816,0.348464,2.004553,2.084182,0.394393,0.505565,0.26806,4.419473,2.142187,0.710604,1.01639,0.950631,concentrate
6.770217,1.983321,0.603214,1.032613,0.576042,1.884765,2.619169,0.726704,0.336846,0.210106,1.651117,1.40311,0.23542,0.233738,0.164524,1.768583,2.619535,0.442589,0.295863,0.216987,4.537626,1.706644,0.503968,0.437952,0.270319,4.605326,1.224541,0.369685,0.224473,0.316878,2.153077,1.378775,0.434495,0.473563,0.293944,4.768176,1.870312,0.773138,1.070646,1.109384,concentrate
6.392149,1.78766,0.619612,1.052996,0.585598,1.959487,2.675529,0.706173,0.298158,0.203278,1.868217,1.401862,0.272622,0.229135,0.17128,1.905345,2.593073,0.464809,0.253952,0.207046,4.720051,1.133765,0.522687,0.393871,0.281561,4.609978,0.956351,0.444235,0.227231,0.297819,2.38589,0.852529,0.484701,0.425186,0.313066,5.15725,1.652257,0.810912,1.087839,1.26859,concentrate
5.999732,1.873898,0.621816,1.029705,0.577388,2.122892,2.90836,0.692333,0.289392,0.195649,2.076445,1.454824,0.311511,0.23713,0.179233,2.10973,2.744309,0.501478,0.235281,0.193889,5.016207,0.827656,0.533948,0.361992,0.284857,4.505146,0.863294,0.503661,0.23895,0.283555,2.741648,0.591341,0.545766,0.386675,0.316069,5.493587,1.534206,0.837535,1.093623,1.358888,concentrate
5.849082,2.153657,0.589918,0.993575,0.554268,2.326024,3.185862,0.666755,0.318367,0.188281,2.224255,1.55401,0.333798,0.257375,0.1854,2.326674,2.990271,0.536368,0.247896,0.178537,5.560392,0.801569,0.543402,0.361023,0.273394,4.38232,0.95761,0.539071,0.256423,0.264646,3.209265,0.56305,0.604456,0.374432,0.298476,5.683104,1.511361,0.863462,1.111757,1.345742,concentrate
5.872088,2.513065,0.518018,0.982029,0.524556,2.501848,3.345278,0.610589,0.377494,0.181935,2.276007,1.669163,0.326701,0.282751,0.186833,2.488441,3.197789,0.548602,0.286974,0.162664,6.384787,0.946211,0.546567,0.392217,0.247021,4.303786,1.174434,0.547083,0.273329,0.237944,3.754758,0.654833,0.638292,0.387913,0.263571,5.712358,1.541223,0.883478,1.152827,1.240808,concentrate
6.032523,2.861902,0.422026,1.019,0.496495,2.594559,3.270373,0.516649,0.445861,0.176067,2.236028,1.759194,0.290943,0.302687,0.181925,2.54165,3.242467,0.522003,0.337026,0.148127,7.403901,1.125303,0.552495,0.442081,0.213696,4.286764,1.412868,0.534956,0.282745,0.208551,4.351064,0.76702,0.642313,0.415571,0.220858,5.704127,1.583934,0.897277,1.217742,1.087771,concentrate
6.354927,3.141522,0.327014,1.102481,0.475038,2.547056,2.925616,0.397235,0.497685,0.171434,2.126623,1.770375,0.236004,0.30845,0.171076,2.44944,3.045346,0.455621,0.377915,0.136874,8.363508,1.237126,0.575747,0.492519,0.184994,4.285714,1.577967,0.51497,0.282509,0.184193,4.906433,0.842354,0.630249,0.445452,0.181232,5.747985,1.630487,0.916191,1.305295,0.938518,concentrate
6.694012,3.295774,0.264197,1.209055,0.460708,2.336004,2.395997,0.281418,0.515406,0.171123,1.968118,1.667828,0.176601,0.299026,0.156826,2.202722,2.625432,0.36812,0.395052,0.130214,8.938441,1.242592,0.625166,0.527752,0.169939,4.243032,1.603978,0.492473,0.273186,0.16986,5.271874,0.868162,0.622279,0.470686,0.153186,5.872409,1.685355,0.94868,1.409176,0.831841,concentrate
6.964149,3.2725,0.251351,1.301505,0.450063,2.007892,1.893459,0.19601,0.494583,0.177994,1.786713,1.49337,0.130607,0.279947,0.142582,1.86551,2.137306,0.286413,0.384864,0.1279,8.84778,1.166877,0.688439,0.539773,0.170281,4.11462,1.488833,0.467706,0.258491,0.166009,5.317667,0.861871,0.627902,0.488324,0.139627,6.081137,1.759904,0.982994,1.512043,0.782511,concentrate
7.441155,3.033304,0.300537,1.344098,0.438423,1.689555,1.659455,0.146269,0.443877,0.192737,1.629327,1.357656,0.105472,0.260274,0.131322,1.557076,1.808992,0.226988,0.354688,0.128986,8.046258,1.06213,0.737934,0.52922,0.180552,3.854676,1.28233,0.438745,0.244868,0.169811,5.000613,0.854697,0.641464,0.496604,0.13814,6.265448,1.86259,1.010108,1.5854,0.78109,concentrate
8.250321,2.609087,0.411995,1.322219,0.424121,1.502305,1.837023,0.126045,0.379424,0.212829,1.545809,1.37647,0.101198,0.248085,0.124525,1.382735,1.816061,0.19204,0.316742,0.132594,6.701344,0.967818,0.747981,0.507655,0.193222,3.456299,1.06969,0.413582,0.241378,0.177812,4.374454,0.869235,0.6523,0.497357,0.144179,6.351503,1.994864,1.028126,1.596492,0.805614,concentrate
9.889123,2.100251,0.571149,1.248973,0.412548,1.511489,2.379974,0.126956,0.31738,0.233241,1.561633,1.580258,0.111524,0.246854,0.122527,1.391944,2.165261,0.171374,0.281816,0.138655,5.206065,0.904672,0.709644,0.492463,0.203585,2.998228,0.936391,0.397209,0.257759,0.187625,3.609413,0.916195,0.659633,0.495123,0.154864,6.334605,2.159766,1.02946,1.524642,0.839885,concentrate
12.152769,1.660032,0.754247,1.153387,0.414483,1.745207,3.094891,0.146571,0.266706,0.249582,1.667054,1.901949,0.13187,0.254536,0.125196,1.574821,2.709873,0.157694,0.256278,0.147971,3.918247,0.915078,0.635592,0.49928,0.212277,2.571701,0.924933,0.391586,0.300708,0.197554,2.895089,1.014261,0.674498,0.493345,0.170541,6.252707,2.360164,1.009151,1.388398,0.886024,concentrate
14.765149,1.42823,0.947565,1.079876,0.440256,2.213641,3.739278,0.195608,0.230069,0.262118,1.846081,2.221619,0.169194,0.266687,0.13192,1.90248,3.235254,0.168752,0.242754,0.161026,3.196214,1.060193,0.556782,0.531029,0.224053,2.335186,1.02349,0.399235,0.367128,0.20743,2.443059,1.19308,0.713628,0.49153,0.193935,6.162892,2.585901,0.984795,1.242218,0.959818,concentrate
16.705286,1.441174,1.156068,1.06387,0.49575,2.901243,4.109433,0.289583,0.207305,0.274205,2.081721,2.411611,0.232433,0.279496,0.141164,2.335454,3.543537,0.235468,0.241404,0.176764,3.136735,1.384269,0.512435,0.581004,0.244091,2.364657,1.175133,0.426446,0.445663,0.218035,2.359775,1.477354,0.79014,0.486304,0.226764,6.082781,2.781845,1.00313,1.14358,1.072703,concentrate
17.512268,1.633681,1.379901,1.113816,0.580089,3.740208,4.136603,0.431233,0.200699,0.288679,2.337741,2.413101,0.322545,0.291012,0.150245,2.817949,3.562387,0.372855,0.252546,0.192306,3.581638,1.897415,0.525871,0.643493,0.274148,2.631162,1.315899,0.47659,0.523127,0.230306,2.583831,1.872697,0.892756,0.475576,0.266421,5.971925,2.897491,1.098652,1.12429,1.213341,concentrate
16.76231,1.903158,1.60537,1.212182,0.68032,4.609417,3.9172,0.599605,0.213407,0.304431,2.59254,2.272661,0.424536,0.299495,0.156317,3.297391,3.377687,0.561438,0.275969,0.202912,4.193055,2.530682,0.593654,0.712874,0.310378,3.001861,1.398647,0.547738,0.584652,0.244286,2.958238,2.335737,0.99178,0.46013,0.305103,5.771541,2.895516,1.264408,1.175795,1.350985,concentrate
14.399844,2.148018,1.782324,1.322387,0.77445,5.303767,3.628251,0.746242,0.244622,0.317373,2.776246,2.096144,0.507905,0.304008,0.158739,3.673365,3.159965,0.745501,0.307685,0.205405,4.639712,3.128381,0.683191,0.780828,0.34679,3.324291,1.426026,0.631294,0.62136,0.25807,3.292435,2.762989,1.04387,0.444051,0.333103,5.452952,2.786135,1.453371,1.250952,1.450524,concentrate
11.2776,2.380397,1.863689,1.402361,0.838256,5.56366,3.436572,0.828899,0.287737,0.322689,2.795879,2.009173,0.548484,0.30401,0.15871,3.802086,3.076504,0.865105,0.341443,0.200097,4.730523,3.526021,0.756378,0.833721,0.378951,3.472733,1.447984,0.718932,0.632177,0.268511,3.460228,3.043102,1.024447,0.431782,0.343496,5.04289,2.629619,1.611471,1.29298,1.484387,concentrate
8.012068,2.681443,1.825096,1.414721,0.855699,5.256044,3.432911,0.827951,0.331655,0.318059,2.622203,2.116208,0.53807,0.297546,0.158074,3.614759,3.224232,0.879566,0.368612,0.19076,4.433409,3.672289,0.792527,0.856154,0.404922,3.407519,1.526947,0.798003,0.618083,0.272849,3.430426,3.139738,0.948706,0.426239,0.33535,4.624522,2.512755,1.697462,1.254892,1.43968,concentrate
5.288413,3.069352,1.68132,1.340673,0.823379,4.439111,3.598478,0.752595,0.365337,0.306224,2.319844,2.431322,0.489973,0.283013,0.158036,3.161615,3.583614,0.788612,0.383082,0.183215,3.909942,3.620295,0.78815,0.841189,0.423556,3.180516,1.665533,0.857813,0.583293,0.269953,3.26475,3.084819,0.846393,0.429544,0.313735,4.307822,2.467467,1.710311,1.134116,1.323252,concentrate
3.558612,3.472956,1.485535,1.188545,0.749468,3.335363,3.837161,0.642436,0.381475,0.293449,2.002913,2.869984,0.437244,0.262028,0.158444,2.587962,4.040283,0.636433,0.383884,0.181444,3.346062,3.464881,0.764796,0.791557,0.432882,2.871166,1.79512,0.894712,0.535861,0.261186,3.030108,2.952327,0.760509,0.440757,0.28728,4.119916,2.449334,1.676682,0.968183,1.162641,concentrate
2.551369,3.759425,1.289602,0.99332,0.651468,2.260214,4.034364,0.545332,0.378424,0.285863,1.786945,3.301483,0.411919,0.239582,0.159083,2.072676,4.44663,0.488349,0.373278,0.186517,2.91911,3.277971,0.756091,0.720345,0.429492,2.5882,1.827225,0.914842,0.486289,0.250734,2.782185,2.802841,0.726792,0.456216,0.263994,4.071639,2.384354,1.6308,0.81313,0.999623,concentrate
2.18228,3.827346,1.132464,0.801166,0.552586,1.494955,4.104274,0.490203,0.359834,0.286941,1.728761,3.601975,0.429527,0.222296,0.160688,1.738447,4.679024,0.395126,0.355423,0.197665,2.695769,3.098634,0.776892,0.645601,0.410057,2.411034,1.749588,0.931457,0.447129,0.243972,2.555518,2.671549,0.743661,0.469939,0.247647,4.134335,2.271419,1.595615,0.709923,0.873867,concentrate
2.156684,3.661687,1.01128,0.644862,0.474974,1.157048,4.046532,0.465475,0.332488,0.296509,1.783305,3.721613,0.475586,0.216614,0.164384,1.592238,4.710657,0.367546,0.334241,0.213564,2.65421,2.920489,0.814714,0.583707,0.375675,2.365292,1.636268,0.944961,0.4314,0.245044,2.356736,2.559406,0.774378,0.476641,0.237592,4.230021,2.1916,1.564799,0.670269,0.80473,concentrate
2.262284,3.467945,0.920016,0.543443,0.433822,1.210657,3.9869,0.453418,0.304483,0.30998,1.859443,3.732711,0.525212,0.226551,0.17025,1.574494,4.630547,0.389196,0.313659,0.231569,2.683841,2.761445,0.849006,0.542123,0.334142,2.393995,1.641464,0.954083,0.446791,0.254379,2.186566,2.479132,0.785584,0.473128,0.232214,4.252915,2.315331,1.531951,0.675412,0.786102,concentrate
2.483623,3.55463,0.828343,0.497351,0.433022,1.511955,4.093727,0.43097,0.281217,0.320885,1.886894,3.787448,0.549862,0.249919,0.176828,1.603066,4.587774,0.421293,0.295067,0.247715,2.703651,2.696407,0.85997,0.512503,0.296506,2.434959,1.93787,0.943172,0.485695,0.268789,2.06237,2.472178,0.760543,0.455211,0.23061,4.154487,2.833261,1.467488,0.691418,0.794014,concentrate
2.591967,4.146867,0.722993,0.498119,0.462735,1.895666,4.473127,0.391698,0.263766,0.323807,1.856074,4.010495,0.539555,0.279098,0.181295,1.630892,4.703937,0.433698,0.278166,0.257308,2.6654,2.800539,0.837728,0.475079,0.2712,2.45452,2.579613,0.894014,0.525947,0.284247,2.011353,2.581119,0.696782,0.418084,0.231508,3.926724,3.812897,1.345302,0.680826,0.799012,concentrate
2.852568,5.213766,0.636112,0.543504,0.505243,2.262777,5.089447,0.347241,0.24977,0.315913,1.807925,4.399586,0.504044,0.302678,0.180476,1.667571,4.986652,0.416263,0.259647,0.255895,2.602815,3.054413,0.785172,0.419201,0.261076,2.454985,3.424044,0.806795,0.543219,0.298145,2.04633,2.783579,0.600462,0.363181,0.234215,3.640301,5.086101,1.167208,0.63514,0.786109,concentrate
3.045302,6.418115,0.576098,0.632662,0.54223,2.528574,5.725441,0.308853,0.23874,0.296021,1.798891,4.800647,0.45464,0.311733,0.172224,1.724753,5.294086,0.369871,0.236971,0.240778,2.562304,3.360286,0.721552,0.35206,0.263516,2.449617,4.186385,0.696193,0.526457,0.309353,2.168142,3.010355,0.489833,0.300031,0.23741,3.362717,6.280128,0.964774,0.579568,0.753563,concentrate
3.320348,7.270426,0.544538,0.757597,0.559754,2.62329,6.057071,0.282994,0.231,0.265095,1.825911,4.969706,0.405523,0.303604,0.157495,1.782376,5.392546,0.309317,0.210674,0.213232,2.656196,3.563503,0.66397,0.290518,0.272203,2.480861,4.58149,0.586604,0.479543,0.317755,2.366822,3.136367,0.38438,0.24157,0.238206,3.219601,6.982697,0.774863,0.547583,0.707686,concentrate
3.457314,7.388246,0.52876,0.902199,0.553693,2.54181,5.842035,0.27648,0.227733,0.227402,1.869533,4.7197,0.36982,0.28237,0.140187,1.812308,5.094942,0.25864,0.184899,0.178856,2.93059,3.517241,0.612907,0.249271,0.281597,2.547755,4.462275,0.502584,0.415486,0.322409,2.611763,3.031178,0.293335,0.198165,0.233823,3.267524,6.950004,0.626366,0.559827,0.663554,concentrate
3.377585,6.707937,0.523145,1.041615,0.533557,2.363683,5.074397,0.294478,0.233927,0.190962,1.883828,4.050471,0.35217,0.258141,0.125789,1.807589,4.389352,0.236813,0.168054,0.146344,3.339575,3.198289,0.560925,0.23233,0.291857,2.618169,3.878754,0.465643,0.351498,0.322597,2.877181,2.666857,0.221454,0.173627,0.226774,3.504853,6.210252,0.529113,0.613607,0.642919,concentrate
3.215592,5.434782,0.52467,1.142846,0.517618,2.138178,3.956528,0.326449,0.254027,0.164416,1.834577,3.126479,0.344947,0.24128,0.118711,1.748647,3.43873,0.243564,0.168457,0.12391,3.762411,2.730162,0.505937,0.232705,0.306713,2.659039,3.026115,0.475689,0.300356,0.319235,3.095312,2.132307,0.172825,0.163014,0.223974,3.868566,5.024214,0.477071,0.685744,0.663211,concentrate
2.899516,3.967131,0.544832,1.175438,0.519394,1.987729,2.839154,0.360987,0.285732,0.153736,1.761898,2.219161,0.345266,0.235592,0.119712,1.701545,2.529621,0.271259,0.187943,0.115846,4.00599,2.337877,0.454159,0.238771,0.327764,2.585061,2.174005,0.521026,0.270248,0.314299,3.191728,1.615677,0.153033,0.156921,0.231503,4.192242,3.785833,0.453987,0.754786,0.729688,concentrate
2.692237,2.695213,0.602221,1.124653,0.538101,1.979187,2.065588,0.383828,0.317562,0.158655,1.736597,1.567141,0.351339,0.23597,0.125674,1.712945,1.932388,0.303381,0.218574,0.120551,4.001044,2.200495,0.413364,0.23975,0.351931,2.439508,1.537885,0.581261,0.258825,0.310131,3.14425,1.28859,0.160595,0.146388,0.25009,4.373105,2.813488,0.438742,0.814833,0.831289,concentrate
2.678383,1.857125,0.715975,0.999106,0.560066,2.157725,1.82947,0.392625,0.337401,0.17261,1.812745,1.280574,0.375268,0.234194,0.132384,1.815834,1.785044,0.335264,0.249442,0.131835,3.799657,2.346619,0.388888,0.232712,0.372036,2.283736,1.190415,0.653258,0.258248,0.309002,3.00008,1.228191,0.187279,0.129535,0.273896,4.383274,2.236254,0.429065,0.871509,0.94215,concentrate
2.862707,1.488279,0.904218,0.833206,0.569402,2.488662,2.10609,0.406748,0.337904,0.186808,1.994562,1.310685,0.440854,0.22439,0.136838,1.996929,2.037735,0.381842,0.270666,0.142727,3.60109,2.653069,0.382011,0.222479,0.379204,2.21553,1.06262,0.752065,0.262185,0.311253,2.867778,1.396704,0.226095,0.112104,0.292333,4.31792,1.983832,0.447371,0.93363,1.029045,concentrate
3.207072,1.461087,1.145233,0.672222,0.555564,2.84553,2.675086,0.444793,0.318791,0.194062,2.209584,1.507769,0.553744,0.206939,0.137632,2.175457,2.491324,0.455308,0.277132,0.14823,3.581106,2.937291,0.38708,0.215568,0.367531,2.285281,1.053992,0.873965,0.266083,0.314573,2.829854,1.680855,0.271937,0.101264,0.295146,4.254642,1.918951,0.506112,1.002029,1.064513,concentrate
3.416946,1.604302,1.386631,0.557088,0.517107,3.046495,3.259482,0.513431,0.290265,0.19197,2.316311,1.723574,0.693589,0.189025,0.13408,2.234105,2.921829,0.553682,0.273,0.146622,3.726393,3.064579,0.39567,0.217134,0.338489,2.425441,1.10732,0.991614,0.26697,0.315655,2.860224,1.955524,0.31805,0.102374,0.278712,4.17318,1.913558,0.591978,1.060313,1.037651,concentrate
3.323282,1.752919,1.577522,0.507111,0.462362,3.004943,3.634188,0.613532,0.267591,0.183369,2.200616,1.852382,0.835133,0.179373,0.126351,2.11217,3.161583,0.669407,0.267272,0.138819,3.871713,3.005877,0.409503,0.227166,0.299149,2.498293,1.198514,1.080718,0.265447,0.311393,2.8481,2.133414,0.362573,0.116575,0.248856,3.937033,1.891487,0.685764,1.084613,0.961697,concentrate
2.998107,1.810703,1.673928,0.515106,0.405492,2.78502,3.669692,0.729394,0.261578,0.174625,1.889214,1.841687,0.944598,0.182265,0.115662,1.875425,3.131111,0.777012,0.266323,0.127451,3.830077,2.859291,0.441215,0.241923,0.258557,2.42939,1.339972,1.119949,0.269284,0.300725,2.687264,2.208506,0.409461,0.141425,0.218054,3.488316,1.897608,0.758885,1.058789,0.871122,concentrate
2.61632,1.740123,1.648717,0.559114,0.363783,2.560287,3.355676,0.83829,0.273154,0.172656,1.522728,1.685378,0.993962,0.196961,0.104142,1.666467,2.839046,0.848033,0.271338,0.116415,3.548718,2.79315,0.498963,0.257376,0.223884,2.316065,1.541963,1.098482,0.289912,0.284662,2.358023,2.242004,0.459148,0.174613,0.1986,2.929988,1.999613,0.779411,0.988279,0.807359,concentrate
2.427894,1.583032,1.515496,0.619127,0.353501,2.527483,2.785588,0.914234,0.292574,0.181459,1.278488,1.413809,0.973413,0.217876,0.094996,1.63145,2.361465,0.861949,0.277783,0.109973,3.126616,2.94962,0.574244,0.27205,0.198862,2.327309,1.786359,1.025602,0.331839,0.26461,1.943578,2.303125,0.501842,0.216577,0.195987,2.46566,2.223654,0.743036,0.897075,0.80121,concentrate
2.929228,1.446383,1.326929,0.685989,0.378962,2.752117,2.120614,0.941546,0.312445,0.199314,1.269392,1.088207,0.891901,0.241239,0.091166,1.826879,1.81999,0.816868,0.283951,0.111331,2.715996,3.395975,0.650931,0.285166,0.183246,2.585058,2.039504,0.922944,0.386374,0.241366,1.556978,2.451675,0.527388,0.270047,0.20597,2.26239,2.54267,0.673054,0.815657,0.867075,concentrate
4.542812,1.436463,1.153972,0.75817,0.429782,3.131862,1.521322,0.920879,0.329925,0.219887,1.448479,0.779528,0.77487,0.265993,0.09361,2.153407,1.336558,0.730486,0.292041,0.121193,2.414149,4.10347,0.705382,0.297397,0.173519,3.028238,2.245482,0.819774,0.435124,0.216133,1.285851,2.732347,0.526497,0.335568,0.2175,2.320867,2.871997,0.605111,0.767175,0.999702,concentrate
7.06179,1.595401,1.047487,0.836133,0.488046,3.447531,1.075244,0.860193,0.350158,0.235448,1.677611,0.537011,0.646048,0.292418,0.100708,2.418061,0.979067,0.623917,0.308603,0.137325,2.233193,4.91713,0.716459,0.311058,0.166858,3.466292,2.352395,0.742698,0.459611,0.191861,1.176221,3.122811,0.496755,0.407793,0.219932,2.505454,3.10913,0.576134,0.75987,1.176897,concentrate
10.019354,1.897329,1.011655,0.920276,0.53788,3.507708,0.816328,0.772311,0.381359,0.240704,1.787733,0.394248,0.515098,0.31885,0.110215,2.469722,0.774465,0.513747,0.34077,0.1558,2.119088,5.62643,0.670197,0.326914,0.16385,3.665798,2.332093,0.694725,0.453729,0.173012,1.2033,3.547514,0.442912,0.475561,0.209366,2.611637,3.18871,0.600839,0.787939,1.364574,concentrate
12.736197,2.294956,1.006058,1.008381,0.568357,3.254646,0.757279,0.67556,0.427123,0.234406,1.704968,0.373548,0.389098,0.342929,0.120314,2.270066,0.726434,0.42005,0.390537,0.172116,2.047722,6.049507,0.58161,0.344739,0.167152,3.570478,2.214055,0.672797,0.430699,0.163764,1.3223,3.908681,0.383715,0.526298,0.190075,2.577213,3.122908,0.665283,0.834622,1.524634,concentrate
14.175183,2.775422,1.003826,1.108621,0.574877,2.778656,0.892384,0.594718,0.495689,0.219838,1.469363,0.491784,0.288136,0.372276,0.131415,1.909638,0.819223,0.365581,0.462278,0.183057,2.047419,6.076826,0.489463,0.366644,0.179146,3.333372,2.117138,0.688514,0.420164,0.16646,1.484854,4.099558,0.343714,0.554407,0.171242,2.535285,3.020176,0.74951,0.88649,1.626128,concentrate
14.05589,3.396276,1.009567,1.227266,0.559711,2.2054,1.253585,0.549763,0.590079,0.202348,1.161561,0.775373,0.23457,0.415098,0.145258,1.494769,1.081206,0.35906,0.554541,0.187404,2.186268,5.730935,0.440209,0.3977,0.200002,3.260248,2.235783,0.750555,0.446686,0.180204,1.678048,4.065856,0.342741,0.565036,0.162305,2.811361,3.09616,0.821283,0.940109,1.649166,concentrate
12.644737,4.22243,1.029796,1.354967,0.529489,1.707352,1.879916,0.553704,0.705672,0.187082,0.886733,1.234927,0.242655,0.473226,0.162943,1.184981,1.564154,0.403064,0.658291,0.18639,2.498973,5.144051,0.458897,0.440666,0.226177,3.588959,2.744298,0.858113,0.512794,0.201384,1.912098,3.822413,0.384706,0.568484,0.167252,3.700481,3.569002,0.862015,0.999439,1.588806,concentrate
10.179759,5.155876,1.047439,1.468857,0.492968,1.390292,2.73032,0.602721,0.82212,0.177014,0.713949,1.81441,0.308702,0.537336,0.182662,1.076528,2.256424,0.489867,0.752099,0.182903,2.952736,4.471482,0.533372,0.490775,0.251656,4.297879,3.673591,0.978057,0.595677,0.22508,2.211514,3.418746,0.451454,0.572724,0.182784,5.239876,4.464275,0.866839,1.070968,1.457786,concentrate
7.582136,5.966627,1.035365,1.539392,0.456223,1.276232,3.648771,0.667144,0.913402,0.172225,0.669502,2.38602,0.404581,0.592588,0.199184,1.183829,3.038892,0.589855,0.812184,0.179629,3.455944,3.836668,0.623969,0.536111,0.271057,5.131713,4.866066,1.054705,0.65707,0.246425,2.611177,2.935922,0.517344,0.579557,0.201205,7.138366,5.559054,0.839483,1.15641,1.288503,concentrate
5.719491,6.430822,0.975781,1.539578,0.42189,1.326851,4.420637,0.709017,0.959019,0.170895,0.745384,2.795086,0.489848,0.622879,0.206609,1.451113,3.721292,0.664676,0.823165,0.178839,3.906445,3.316144,0.693993,0.561368,0.281176,5.767409,6.081874,1.051507,0.66529,0.261077,3.086168,2.464126,0.565188,0.582825,0.214445,8.89052,6.542825,0.794259,1.247744,1.124069,concentrate
4.564427,6.414674,0.866501,1.456445,0.391056,1.485381,4.862425,0.705932,0.947981,0.171468,0.91403,2.924487,0.53117,0.618126,0.201504,1.781863,4.124146,0.687032,0.782061,0.181927,4.2012,2.964786,0.729454,0.553441,0.280814,5.938912,7.083918,0.96915,0.614262,0.265269,3.520157,2.093723,0.594449,0.57081,0.217366,9.91993,7.143341,0.749989,1.321964,0.99863,concentrate
4.335468,5.96566,0.723416,1.300422,0.365675,1.682151,4.911137,0.657553,0.882534,0.174561,1.15003,2.752458,0.518617,0.580292,0.185529,2.072155,4.170928,0.654613,0.69918,0.189663,4.282836,2.847578,0.734454,0.509661,0.270671,5.597203,7.698411,0.830268,0.524675,0.257338,3.75544,1.918064,0.613119,0.536562,0.209099,9.856784,7.21534,0.716038,1.35195,0.922977,concentrate
4.356217,5.265203,0.580548,1.104663,0.351802,1.857896,4.673523,0.588605,0.78041,0.182162,1.439705,2.373244,0.471298,0.521329,0.164707,2.254822,3.945263,0.590217,0.596189,0.201418,4.137857,3.000704,0.71664,0.440189,0.252808,4.911633,7.868562,0.662716,0.429231,0.238605,3.682763,1.973109,0.619781,0.483117,0.192239,8.733749,6.807901,0.678001,1.312798,0.886728,concentrate
4.526269,4.534017,0.481784,0.916535,0.355041,1.979661,4.342783,0.534665,0.664955,0.194871,1.771476,1.945257,0.423576,0.45544,0.146438,2.320173,3.627633,0.527898,0.49449,0.214351,3.808255,3.372653,0.683772,0.363244,0.22994,4.221914,7.670504,0.492105,0.358657,0.212601,3.313306,2.209445,0.611186,0.421417,0.171415,6.98464,6.129714,0.631356,1.198406,0.871339,concentrate
4.915645,3.975943,0.44838,0.785015,0.377287,2.038932,4.085175,0.527418,0.557619,0.209791,2.118817,1.613413,0.403929,0.393299,0.135117,2.300555,3.385755,0.498743,0.408407,0.223781,3.328651,3.806214,0.656449,0.300973,0.204863,3.780352,7.209451,0.34831,0.332042,0.184756,2.74491,2.504975,0.595215,0.369046,0.151013,5.168923,5.407017,0.589956,1.037224,0.865898,concentrate
5.419229,3.674443,0.469485,0.738428,0.416416,2.040403,3.953554,0.572899,0.467664,0.221554,2.425373,1.438494,0.416571,0.337846,0.130197,2.240589,3.279957,0.510368,0.340199,0.224828,2.732461,4.099818,0.640727,0.270793,0.180645,3.622655,6.581544,0.248416,0.347917,0.161484,2.105097,2.71529,0.572667,0.344499,0.133599,3.692054,4.765072,0.56812,0.877383,0.863959,concentrate
5.617647,3.569634,0.516067,0.777759,0.467197,2.007257,3.884435,0.641301,0.393597,0.224853,2.63678,1.385383,0.442811,0.288939,0.128583,2.176554,3.247555,0.539008,0.28412,0.21505,2.137325,4.117423,0.620445,0.278073,0.160709,3.647638,5.856999,0.194904,0.393844,0.148385,1.572525,2.749674,0.537413,0.358325,0.119524,2.781625,4.212643,0.576494,0.775705,0.863136,concentrate
5.362424,3.517499,0.553693,0.880473,0.520919,1.959016,3.761767,0.683468,0.332463,0.217173,2.701278,1.369264,0.452938,0.248155,0.127298,2.122453,3.160295,0.546717,0.236131,0.195635,1.62253,3.809905,0.584159,0.314195,0.147892,3.658159,5.084572,0.178146,0.451615,0.149171,1.194044,2.578876,0.499622,0.406779,0.108508,2.34276,3.675035,0.610319,0.768954,0.863152,concentrate
4.747642,3.429211,0.565447,1.00643,0.56528,1.886104,3.512363,0.653838,0.284068,0.200477,2.59831,1.334597,0.421062,0.222338,0.124882,2.044178,2.947568,0.501127,0.197489,0.170347,1.232492,3.262678,0.532682,0.359728,0.143139,3.509013,4.300835,0.181949,0.502556,0.164696,0.953804,2.266698,0.477569,0.469251,0.100791,2.175676,3.096558,0.645699,0.854374,0.862244,concentrate
4.05211,3.295272,0.564226,1.107932,0.587003,1.756557,3.1882,0.551678,0.25299,0.180392,2.334455,1.297421,0.351884,0.22165,0.121576,1.896041,2.677056,0.406127,0.175808,0.144405,0.963581,2.637425,0.477711,0.397202,0.145781,3.147344,3.548771,0.194412,0.536162,0.193005,0.78817,1.916605,0.484713,0.521679,0.096823,2.049846,2.509412,0.655579,1.001193,0.85524,concentrate
3.823542,3.132971,0.578915,1.144892,0.57761,1.553623,2.980189,0.415386,0.237745,0.163078,1.947104,1.337206,0.271146,0.245204,0.118092,1.648594,2.549319,0.295968,0.172686,0.122939,0.788622,2.09764,0.43543,0.4114,0.153712,2.622964,2.850016,0.209805,0.546923,0.230291,0.655711,1.620512,0.52435,0.540988,0.09674,1.843106,1.99615,0.624793,1.150471,0.835432,concentrate
4.179641,2.968058,0.623929,1.102375,0.536302,1.300182,3.109794,0.301094,0.234074,0.151828,1.520719,1.548283,0.207347,0.283991,0.114501,1.331229,2.773944,0.21372,0.184082,0.109019,0.702293,1.745402,0.424244,0.397353,0.163735,2.062981,2.203425,0.226,0.537098,0.27145,0.563081,1.42408,0.590966,0.514702,0.100048,1.548001,1.621715,0.567285,1.246869,0.805977,concentrate
5.193906,2.840917,0.695482,0.999711,0.47387,1.038764,3.719716,0.258514,0.23919,0.146348,1.143948,1.98005,0.186975,0.32566,0.110951,1.010802,3.457206,0.194755,0.20468,0.103771,0.725611,1.609927,0.450757,0.364383,0.172816,1.597073,1.619267,0.245796,0.515255,0.309796,0.543523,1.339828,0.668499,0.448261,0.106156,1.256917,1.419964,0.509148,1.263205,0.790975,concentrate
5.858435,2.792429,0.763506,0.873633,0.407399,0.833156,4.781807,0.303338,0.253714,0.143562,0.891976,2.597003,0.214975,0.361141,0.107683,0.765622,4.530761,0.245442,0.231738,0.106352,0.862025,1.65007,0.508965,0.333303,0.179594,1.308881,1.157401,0.271315,0.492055,0.3378,0.618398,1.34926,0.737973,0.36458,0.114714,1.050189,1.407264,0.482558,1.210212,0.823938,concentrate
6.043749,2.852532,0.79064,0.758289,0.353525,0.713979,6.068748,0.404041,0.27737,0.140536,0.755751,3.262783,0.268751,0.386454,0.105368,0.621186,5.756457,0.334772,0.263501,0.114541,1.094579,1.79622,0.583504,0.326418,0.185699,1.21488,0.909558,0.301648,0.476002,0.349305,0.755206,1.424238,0.781744,0.29279,0.125961,0.969375,1.579752,0.500641,1.131817,0.923218,concentrate
5.566599,3.014276,0.767169,0.674894,0.326778,0.678444,7.207557,0.512761,0.30876,0.137079,0.709181,3.780587,0.33145,0.402583,0.105442,0.561341,6.787634,0.429366,0.298774,0.125918,1.377461,1.995881,0.66286,0.353542,0.194638,1.281929,0.963979,0.33931,0.467827,0.341572,0.89683,1.53916,0.798058,0.256085,0.139918,1.088938,1.946049,0.560193,1.078303,1.073015,concentrate
4.89677,3.247622,0.709547,0.629867,0.335733,0.698301,7.826219,0.592407,0.341204,0.135429,0.717614,3.981983,0.401085,0.408775,0.109423,0.542797,7.308115,0.512153,0.330734,0.138281,1.617608,2.185679,0.721311,0.404437,0.210088,1.435928,1.326186,0.38418,0.459734,0.315844,0.989523,1.65128,0.783445,0.259502,0.155405,1.515539,2.458876,0.639442,1.07682,1.230251,concentrate
5.247784,3.486558,0.652241,0.616241,0.377605,0.726976,7.710015,0.624643,0.362657,0.138785,0.767913,3.812946,0.481263,0.401436,0.11813,0.540771,7.163863,0.58028,0.348656,0.150504,1.734142,2.309038,0.740896,0.455033,0.234478,1.628939,1.891039,0.431951,0.443238,0.280426,1.004171,1.718609,0.738872,0.29018,0.170051,2.353948,3.009229,0.70739,1.117982,1.344322,concentrate
6.643427,3.642903,0.623482,0.621755,0.439981,0.722511,6.890492,0.617668,0.363748,0.14958,0.846796,3.352994,0.570631,0.378244,0.130626,0.53084,6.415672,0.639821,0.344945,0.162704,1.697287,2.374275,0.717218,0.480682,0.266772,1.836121,2.481187,0.471714,0.41589,0.248185,0.958734,1.756529,0.670899,0.325871,0.181166,3.573284,3.463971,0.734504,1.173786,1.383917,concentrate
9.456496,3.646801,0.628861,0.635085,0.505466,0.665167,5.647311,0.585613,0.346677,0.167677,0.927667,2.782772,0.655767,0.343007,0.144459,0.499463,5.326067,0.68623,0.320911,0.175392,1.572677,2.43561,0.661833,0.472307,0.301927,2.051431,2.923727,0.502842,0.382305,0.23127,0.943491,1.833721,0.587861,0.349837,0.187249,4.924584,3.698449,0.714583,1.219837,1.349608,concentrate
14.257391,3.46144,0.645776,0.646039,0.556788,0.566927,4.394532,0.541959,0.323858,0.189258,0.990154,2.293472,0.711638,0.306089,0.156502,0.457025,4.248955,0.706771,0.286892,0.187867,1.470895,2.544904,0.604626,0.441521,0.332676,2.273956,3.135827,0.528678,0.35321,0.23821,1.048521,2.023109,0.508998,0.35814,0.188474,6.037868,3.665257,0.668886,1.242848,1.265408,concentrate
19.014292,3.122214,0.64618,0.644786,0.58396,0.479159,3.478969,0.503922,0.309295,0.207775,1.010378,1.997602,0.716085,0.280704,0.163544,0.428705,3.465749,0.697928,0.257637,0.197472,1.520932,2.715532,0.582747,0.414833,0.350956,2.497975,3.148475,0.552238,0.338909,0.270357,1.348848,2.344876,0.459617,0.355545,0.185957,6.62105,3.399205,0.621503,1.231086,1.162405,concentrate
24.282639,2.688005,0.592731,0.62724,0.588096,0.435073,3.021644,0.471298,0.311884,0.216984,0.978136,1.893781,0.659506,0.277378,0.163321,0.437607,3.070212,0.655261,0.243967,0.2002,1.744883,2.908241,0.639262,0.43195,0.351005,2.673941,3.060028,0.586198,0.355946,0.320207,1.787861,2.749303,0.471905,0.357957,0.181182,6.514547,2.953489,0.594037,1.18498,1.063137,concentrate
26.930489,2.220384,0.48844,0.609518,0.579224,0.477479,2.949213,0.435011,0.337456,0.21468,0.943039,1.915743,0.55099,0.297667,0.155562,0.510966,2.998557,0.578145,0.249996,0.193361,2.041462,3.133509,0.788571,0.530179,0.331801,2.822943,3.02659,0.638794,0.422747,0.371765,2.216558,3.218029,0.556747,0.385385,0.175313,6.109681,2.440296,0.598994,1.120649,0.980632,concentrate
28.337729,1.817736,0.359174,0.619556,0.568078,0.655923,3.133177,0.410954,0.384784,0.203461,1.016096,2.008105,0.428355,0.332588,0.142327,0.692382,3.150742,0.489398,0.271917,0.177628,2.347028,3.59002,1.007138,0.718839,0.299166,3.112069,3.197926,0.708679,0.550112,0.409262,2.518456,3.865328,0.704194,0.446925,0.169224,6.229771,2.056699,0.637945,1.059224,0.921791,concentrate
27.031023,1.5413,0.258372,0.67495,0.560046,0.996248,3.527457,0.435915,0.446566,0.188821,1.279136,2.16774,0.34001,0.366814,0.127102,0.994428,3.5024,0.42854,0.3012,0.157292,2.663098,4.586645,1.258883,0.963209,0.263944,3.760642,3.636942,0.783456,0.731951,0.424704,2.689703,4.881434,0.882976,0.53144,0.163875,7.622469,1.982803,0.710219,1.009665,0.887938,concentrate
24.906958,1.390004,0.222649,0.765657,0.553581,1.441978,4.188169,0.543792,0.509507,0.175793,1.734418,2.439518,0.321022,0.385979,0.113092,1.394914,4.117566,0.430903,0.328565,0.138,3.048065,6.271484,1.498146,1.197489,0.237251,4.892442,4.244631,0.852975,0.945633,0.418944,2.817802,6.334422,1.046766,0.611837,0.160387,10.510795,2.25394,0.804921,0.970473,0.878051,concentrate
21.925053,1.381922,0.26244,0.867367,0.542619,1.873923,5.175185,0.737616,0.555188,0.167358,2.241818,2.854113,0.373307,0.383937,0.102305,1.768887,5.042365,0.505317,0.346927,0.124392,3.531181,8.420685,1.709882,1.360984,0.225498,6.412059,4.803177,0.924078,1.158822,0.39883,2.980016,8.023091,1.169426,0.666091,0.159633,14.394457,2.771163,0.925458,0.944555,0.891979,concentrate
18.659653,1.629849,0.361506,0.972817,0.526472,2.150026,6.451138,0.980208,0.572612,0.164946,2.616849,3.379187,0.462239,0.368955,0.095745,2.009851,6.198431,0.627555,0.355504,0.119026,4.07369,10.476748,1.894018,1.435025,0.228556,8.031596,5.125499,1.012377,1.34694,0.372853,3.243323,9.525601,1.240699,0.699495,0.162221,18.213062,3.487403,1.080665,0.957606,0.923326,concentrate
15.591846,2.343829,0.514757,1.087462,0.516294,2.311403,7.937573,1.232291,0.562128,0.168457,2.74485,3.946774,0.559122,0.35614,0.093973,2.100356,7.41354,0.776612,0.358826,0.121839,4.653647,11.831218,2.067149,1.440386,0.241697,9.342511,5.162601,1.140792,1.494927,0.347844,3.687427,10.421557,1.28783,0.733934,0.168224,20.836037,4.506785,1.277992,1.040494,0.956945,concentrate
12.649118,3.742613,0.723477,1.214925,0.52776,2.568722,9.599414,1.462663,0.535825,0.176206,2.745201,4.518459,0.663369,0.359435,0.097822,2.20688,8.545545,0.938253,0.364303,0.131175,5.453234,12.129623,2.264842,1.408857,0.258822,10.094542,5.010768,1.330726,1.593706,0.32677,4.529078,10.502575,1.366763,0.785294,0.176358,21.769831,6.018933,1.534712,1.203068,0.973931,concentrate
10.474226,5.9034,0.982314,1.340231,0.568709,3.17783,11.537529,1.653431,0.509641,0.185731,2.853339,5.163473,0.800108,0.382529,0.107218,2.5516,9.642962,1.105675,0.376543,0.144359,6.723206,11.422771,2.523921,1.370065,0.275772,10.3104,4.856948,1.593889,1.648884,0.30958,5.938226,9.851664,1.533049,0.85472,0.185051,21.315437,8.132142,1.84075,1.416396,0.963807,concentrate
9.047615,8.717922,1.263073,1.432188,0.630766,4.32609,13.906569,1.786908,0.491808,0.194201,3.282413,6.020488,0.98539,0.417152,0.120469,3.319161,10.918368,1.260646,0.391625,0.158059,8.573161,10.14476,2.826046,1.333191,0.291823,10.22248,4.922162,1.900031,1.671467,0.295933,7.910762,8.791778,1.786717,0.924948,0.193981,20.244734,10.773585,2.149337,1.610942,0.927488,concentrate
8.715312,11.756516,1.518562,1.456126,0.690927,6.046715,16.693075,1.842853,0.481725,0.198305,4.106412,7.157859,1.200902,0.450271,0.134328,4.577063,12.532133,1.368616,0.400639,0.168256,10.840355,8.847015,3.10736,1.288554,0.307346,10.127903,5.344232,2.193328,1.669998,0.28739,10.167331,7.698855,2.073467,0.968809,0.204043,19.257261,13.571701,2.388448,1.717007,0.877276,concentrate
9.056686,14.548878,1.706473,1.394763,0.722786,8.088383,19.638227,1.820234,0.473403,0.195726,5.17102,8.507866,1.401538,0.470998,0.145024,6.154551,14.437775,1.404042,0.395991,0.172139,13.005671,7.875043,3.293483,1.21984,0.32157,10.148893,6.088973,2.430313,1.648776,0.28486,12.163511,6.782202,2.303916,0.96401,0.215827,18.518286,15.905376,2.50199,1.703058,0.83346,concentrate
10.197149,16.735142,1.779083,1.265227,0.710295,9.978562,22.227346,1.716889,0.455239,0.186012,6.223635,9.831655,1.515237,0.472527,0.149837,7.689147,16.292425,1.348775,0.373916,0.169455,14.532417,7.313463,3.306987,1.122837,0.331609,10.288263,6.981733,2.586724,1.605202,0.28751,13.437617,6.104756,2.389624,0.910281,0.22801,17.913147,17.252901,2.455308,1.584703,0.8136,concentrate
11.627064,18.139051,1.720799,1.123898,0.65427,11.203957,23.777002,1.54152,0.419211,0.170944,6.972595,10.744553,1.488995,0.455165,0.148873,8.735342,17.493246,1.204261,0.336661,0.162078,15.111721,7.109628,3.099291,1.020685,0.335374,10.435098,7.768407,2.668917,1.538972,0.292798,13.868197,5.750528,2.279022,0.833731,0.239117,17.299416,17.458029,2.250344,1.421588,0.82308,concentrate
13.017477,18.653017,1.563434,1.038938,0.570473,11.352672,23.738638,1.341,0.369246,0.154457,7.168577,10.882,1.326157,0.425456,0.145081,8.916331,17.47554,1.009415,0.292547,0.15319,14.753585,7.411913,2.72538,0.949361,0.332656,10.379367,8.260031,2.708282,1.462225,0.297341,13.612927,6.046102,2.017936,0.772914,0.248946,16.482857,16.862581,1.961707,1.282313,0.854147,concentrate
14.430894,18.310432,1.364573,1.053539,0.482183,10.427638,21.990705,1.181196,0.320707,0.141188,6.815837,10.128372,1.083712,0.392355,0.142217,8.195896,16.047194,0.828939,0.254406,0.145847,13.818826,8.537564,2.256208,0.923491,0.325391,10.056672,8.479411,2.708387,1.381178,0.297386,13.037801,7.377839,1.681778,0.749427,0.258159,15.498126,16.118891,1.66793,1.204207,0.89022,concentrate
15.336897,17.247875,1.183535,1.154615,0.408826,8.763559,18.945127,1.097915,0.28405,0.133932,6.142305,8.729643,0.838698,0.359577,0.142533,6.87639,13.56166,0.707511,0.229217,0.141239,12.832251,10.572842,1.753417,0.926064,0.317535,9.634216,8.583793,2.627818,1.290939,0.292003,12.518411,9.734799,1.331917,0.758345,0.267698,14.718537,15.818849,1.425103,1.177419,0.913991,concentrate
15.853475,15.548002,1.065611,1.283245,0.358474,6.892744,15.295396,1.078578,0.258313,0.132062,5.404518,7.097497,0.649972,0.325814,0.144904,5.402336,10.685256,0.656127,0.214329,0.138107,11.998242,13.065928,1.32533,0.931712,0.311787,9.400084,8.715047,2.451764,1.187727,0.285164,12.010949,12.484197,1.047567,0.784422,0.278109,14.310197,16.084749,1.274274,1.166006,0.915519,concentrate
15.275667,13.236437,1.020359,1.367707,0.329961,5.14854,11.701555,1.077646,0.237875,0.132302,4.70526,5.570023,0.531772,0.290303,0.145698,4.088158,8.046511,0.652634,0.202612,0.133737,11.201327,15.096826,1.045968,0.919321,0.306288,9.510198,8.865787,2.214029,1.071526,0.282474,11.213947,14.583307,0.875862,0.809419,0.287263,14.05755,16.443611,1.231494,1.13143,0.896754,concentrate
13.513641,10.470188,1.022851,1.364839,0.320819,3.796495,8.705925,1.051444,0.223956,0.132771,4.062086,4.350032,0.461184,0.256909,0.14181,3.10069,6.097435,0.663427,0.191482,0.127346,10.167919,15.781083,0.929483,0.886305,0.296739,9.860549,8.831442,1.966601,0.949397,0.288101,9.902112,15.155547,0.812646,0.824006,0.291331,13.508187,16.140989,1.277213,1.069624,0.868525,concentrate
11.571173,7.635387,1.0524,1.278363,0.33481,2.89414,6.66153,1.01745,0.233112,0.134625,3.468735,3.482771,0.415573,0.234727,0.133218,2.480603,5.011894,0.689555,0.19118,0.121722,8.854459,14.762937,0.920745,0.845431,0.279889,10.216179,8.392596,1.749029,0.834913,0.302113,8.170074,13.982597,0.809491,0.829103,0.285983,12.441306,14.744617,1.364891,1.020249,0.840553,concentrate
8.901211,5.180151,1.103847,1.14688,0.380425,2.46699,5.707156,1.046135,0.285879,0.140907,3.00011,2.932863,0.404914,0.232277,0.123474,2.21191,4.725579,0.770111,0.216265,0.122222,7.480613,12.391341,0.95311,0.810796,0.257055,10.321067,7.510801,1.588966,0.745289,0.320739,6.424946,11.581451,0.81499,0.825754,0.269278,10.972587,12.436987,1.449396,1.028127,0.812836,concentrate
7.798139,3.491996,1.186638,1.02537,0.459336,2.341063,5.752166,1.168484,0.385172,0.154366,2.695521,2.634758,0.448004,0.250616,0.117182,2.176983,5.018769,0.916657,0.271232,0.132979,6.378014,9.516037,1.000225,0.788703,0.233904,10.135497,6.355483,1.500973,0.68812,0.337941,5.09815,8.914557,0.818584,0.812517,0.2432,9.761656,9.860584,1.522374,1.103845,0.780626,concentrate
7.010715,2.682022,1.289885,0.952792,0.560966,2.363955,6.437844,1.367107,0.507538,0.174721,2.60755,2.493662,0.557716,0.283677,0.116406,2.259344,5.56134,1.111524,0.344008,0.153129,5.755174,7.117293,1.051162,0.776487,0.216693,9.784608,5.202056,1.483679,0.6625,0.347429,4.415552,6.957211,0.825004,0.787535,0.212796,9.60534,7.699868,1.579977,1.210058,0.747737,concentrate
8.140915,2.580326,1.413834,0.938264,0.665527,2.450784,7.301778,1.584779,0.612131,0.197771,2.699198,2.426796,0.728469,0.321294,0.119468,2.37915,6.04482,1.305183,0.411213,0.176601,5.642501,5.886012,1.098725,0.766466,0.210488,9.463471,4.278722,1.52213,0.658037,0.346374,4.338301,6.281225,0.842589,0.75248,0.18597,10.983685,6.34461,1.609545,1.283326,0.735382,concentrate
9.687771,2.897101,1.57618,0.956679,0.751376,2.527059,7.961457,1.75918,0.660858,0.21779,2.887348,2.403287,0.945463,0.354382,0.122362,2.499879,6.281851,1.445452,0.449539,0.19574,5.908343,5.911148,1.149166,0.748251,0.216397,9.269416,3.66698,1.619218,0.659221,0.336917,4.6499,6.796874,0.881602,0.709014,0.169725,13.586149,5.788692,1.623026,1.266762,0.771285,concentrate
11.473856,3.39415,1.823583,0.970545,0.802674,2.598423,8.25794,1.862857,0.637575,0.230845,3.05647,2.460994,1.193444,0.379135,0.121895,2.578617,6.267171,1.511044,0.447814,0.205396,6.347867,6.692072,1.224642,0.713729,0.230579,9.101021,3.309538,1.804422,0.652669,0.324658,5.130135,7.854474,0.952069,0.657935,0.166537,16.445518,5.719768,1.656559,1.140881,0.87043,concentrate
12.61165,3.929205,2.126009,0.954445,0.812795,2.619428,8.192321,1.882934,0.556695,0.236207,3.119631,2.640141,1.436954,0.396026,0.117986,2.592981,6.089777,1.498788,0.411669,0.204586,6.736943,7.570745,1.319894,0.655466,0.245992,8.808805,3.153723,2.055354,0.629387,0.314385,5.586721,8.725637,1.040561,0.597062,0.172913,18.490631,5.803156,1.706885,0.942839,1.020158,concentrate
12.791767,4.388849,2.437482,0.898692,0.786074,2.593295,7.800892,1.844284,0.452715,0.236224,3.032929,2.891341,1.636677,0.405253,0.113684,2.53709,5.80363,1.436963,0.357778,0.196482,6.821541,8.052551,1.411808,0.569263,0.256695,8.179811,3.148058,2.296866,0.584538,0.307394,5.776324,8.946925,1.120968,0.522326,0.182592,18.880148,5.801162,1.758983,0.746809,1.176601,concentrate
11.73805,4.622608,2.651911,0.814596,0.734104,2.45162,7.110613,1.758515,0.361877,0.23451,2.766238,3.077039,1.739174,0.40763,0.113011,2.37675,5.388244,1.344901,0.304347,0.186741,6.415366,7.927718,1.448887,0.462679,0.259632,7.03552,3.198637,2.414089,0.52682,0.301122,5.534653,8.397336,1.152582,0.43468,0.190031,17.301964,5.561303,1.762999,0.638944,1.282777,concentrate
9.721314,4.494781,2.683866,0.725697,0.671037,2.172401,6.19167,1.633258,0.306458,0.232849,2.377077,3.065103,1.710034,0.405423,0.118342,2.11198,4.823307,1.238858,0.263246,0.180088,5.511188,7.281096,1.393748,0.355389,0.253722,5.469083,3.196511,2.324352,0.471595,0.289695,4.834056,7.287248,1.107853,0.342064,0.191689,14.231501,5.027571,1.671826,0.675656,1.298963,concentrate
7.372003,3.979179,2.498382,0.657564,0.60899,1.836924,5.198268,1.483987,0.289463,0.229648,1.95292,2.822491,1.559631,0.404422,0.128646,1.781548,4.158673,1.142125,0.239723,0.177486,4.308945,6.433467,1.264861,0.26877,0.239988,3.804987,3.058095,2.022043,0.429183,0.268462,3.846104,6.053927,1.005409,0.256912,0.186496,10.718551,4.272923,1.466808,0.854981,1.224575,concentrate
5.228141,3.174334,2.127791,0.628919,0.556279,1.554326,4.330259,1.306693,0.297986,0.221441,1.576026,2.423452,1.320144,0.408029,0.140151,1.456878,3.52058,1.054901,0.231342,0.176022,3.146658,5.747958,1.115112,0.218116,0.221347,2.427882,2.765771,1.594144,0.401617,0.238769,2.856904,5.111206,0.894118,0.193732,0.175898,7.746283,3.478902,1.191668,1.124691,1.093773,concentrate
3.753445,2.314472,1.669753,0.645731,0.516169,1.452059,3.737679,1.116294,0.315373,0.205157,1.304315,2.019125,1.04864,0.415055,0.148607,1.224787,3.051491,0.97951,0.232661,0.170855,2.329,5.4202,0.983461,0.20871,0.20153,1.554403,2.377093,1.164248,0.385363,0.206175,2.121778,4.640612,0.81448,0.164078,0.162814,5.828966,2.853995,0.903647,1.407377,0.951537,concentrate
2.895007,1.608569,1.230562,0.699542,0.487703,1.520223,3.435859,0.948318,0.332994,0.181346,1.126632,1.749003,0.807607,0.420523,0.151287,1.102043,2.811212,0.925757,0.241559,0.158821,2.008555,5.382246,0.904795,0.237117,0.183648,1.17959,1.958244,0.831054,0.376727,0.176943,1.773523,4.522099,0.809642,0.172588,0.14987,4.808331,2.482114,0.657032,1.651882,0.835661,concentrate
2.342383,1.166958,0.890006,0.76732,0.466358,1.640932,3.305079,0.818096,0.349109,0.15556,1.001046,1.665335,0.635708,0.41776,0.148238,1.04659,2.743008,0.884407,0.258077,0.140909,2.145819,5.355795,0.89716,0.296883,0.169962,1.208792,1.556439,0.640976,0.374814,0.156503,1.78686,4.43812,0.903652,0.21576,0.138673,4.285857,2.271327,0.506634,1.850035,0.762326,concentrate
1.918374,0.974046,0.680685,0.817076,0.445646,1.645858,3.186323,0.724787,0.362488,0.135243,0.877053,1.713414,0.536025,0.400586,0.141622,0.972864,2.723362,0.838712,0.280704,0.121391,2.559557,5.106936,0.960646,0.378537,0.161912,1.54521,1.21743,0.58444,0.382628,0.14772,2.03625,4.15205,1.089272,0.283242,0.130641,3.983979,2.099941,0.481693,2.016444,0.722237,concentrate
1.528306,0.937659,0.58799,0.823217,0.422644,1.501011,2.96461,0.655827,0.371467,0.125904,0.768304,1.77971,0.480988,0.369466,0.134427,0.878495,2.640179,0.773612,0.308621,0.105033,3.06053,4.549709,1.086117,0.471544,0.159879,2.135002,0.965494,0.612077,0.407868,0.151136,2.397401,3.606576,1.335595,0.362686,0.127507,3.933883,1.855085,0.569949,2.165141,0.690344,concentrate
1.256291,0.961277,0.555712,0.780027,0.398235,1.233199,2.606497,0.584264,0.37356,0.127644,0.709363,1.768559,0.432901,0.33345,0.128944,0.779359,2.448468,0.675184,0.340727,0.094491,3.50932,3.782387,1.237178,0.563924,0.163046,2.908039,0.805444,0.664095,0.456022,0.163961,2.793568,2.923059,1.575362,0.442916,0.130831,4.248037,1.532576,0.713268,2.295553,0.647085,concentrate
1.159755,1.009036,0.538816,0.712385,0.375733,0.970947,2.22587,0.493628,0.368255,0.135024,0.740875,1.678597,0.37332,0.307629,0.125728,0.730137,2.226158,0.54524,0.37486,0.089194,3.837909,2.990576,1.362504,0.639361,0.168047,3.692596,0.742242,0.699425,0.524205,0.181042,3.175043,2.274348,1.737851,0.512013,0.139765,4.817451,1.207531,0.851616,2.375576,0.58589,concentrate
1.213316,1.124388,0.520583,0.663928,0.360477,0.880798,2.005262,0.39061,0.357303,0.141422,0.90012,1.592253,0.307584,0.30293,0.123856,0.816185,2.109291,0.40502,0.405879,0.087075,3.999512,2.335989,1.420449,0.680192,0.170187,4.28825,0.788051,0.70587,0.598473,0.19774,3.489755,1.784043,1.773263,0.557876,0.15082,5.39041,0.985584,0.942766,2.349643,0.511071,concentrate
1.429021,1.402865,0.491587,0.674397,0.355285,1.086692,2.060423,0.292499,0.34909,0.142857,1.212095,1.602513,0.245582,0.323039,0.122004,1.096726,2.190185,0.28184,0.43147,0.086386,4.026616,1.904809,1.390144,0.678834,0.16585,4.599062,0.957066,0.689469,0.663462,0.210416,3.698552,1.500968,1.66684,0.576565,0.159043,5.768476,0.961056,0.970746,2.188054,0.434856,concentrate
1.859675,1.930208,0.450213,0.767094,0.360428,1.60935,2.38124,0.214638,0.351185,0.140057,1.666607,1.761759,0.199068,0.360171,0.119655,1.58176,2.464081,0.193771,0.449419,0.086903,4.02456,1.754089,1.28744,0.640512,0.155422,4.667706,1.284075,0.666969,0.708055,0.217467,3.810556,1.448805,1.456017,0.571384,0.160464,5.91285,1.194806,0.949851,1.915973,0.372867,concentrate
2.474759,2.684342,0.400466,0.935473,0.376037,2.354155,2.833077,0.159371,0.365021,0.137746,2.202739,2.037737,0.174398,0.398424,0.117882,2.197826,2.829265,0.143031,0.456648,0.090671,4.13439,1.882935,1.154858,0.579387,0.142887,4.661454,1.771576,0.652032,0.72603,0.220136,3.913713,1.617697,1.207635,0.548066,0.154734,5.975165,1.665531,0.905471,1.61078,0.341402,concentrate
3.295944,3.50686,0.348311,1.142992,0.403321,3.140935,3.224114,0.125934,0.387666,0.141265,2.726062,2.322375,0.172389,0.423057,0.118745,2.835302,3.134376,0.122338,0.451281,0.100257,4.363239,2.202927,1.033052,0.522806,0.13328,4.729965,2.356625,0.643995,0.724906,0.223117,4.029958,1.944487,0.980715,0.517533,0.144953,6.089439,2.271708,0.850985,1.366059,0.356644,concentrate
4.199852,4.178555,0.303341,1.342186,0.442216,3.809928,3.425146,0.113488,0.415408,0.152925,3.159961,2.51282,0.189906,0.429987,0.123745,3.395782,3.272892,0.123252,0.435249,0.116121,4.631523,2.579515,0.937076,0.499755,0.131106,4.928215,2.937335,0.631824,0.722104,0.232612,4.173668,2.326335,0.80891,0.493413,0.136616,6.345789,2.872674,0.788404,1.244388,0.428299,concentrate
5.034835,4.48156,0.273862,1.494659,0.486673,4.250071,3.428741,0.12186,0.443495,0.169722,3.444242,2.540107,0.219504,0.426013,0.133087,3.800662,3.224362,0.139624,0.413429,0.135196,4.805946,2.848447,0.862978,0.526846,0.138077,5.163479,3.361084,0.605155,0.736139,0.252753,4.289547,2.617977,0.693804,0.486322,0.135084,6.688017,3.297536,0.710307,1.246711,0.55329,concentrate
5.606109,4.294335,0.265054,1.572227,0.524491,4.409812,3.315664,0.145529,0.465724,0.184501,3.54115,2.395947,0.249287,0.420611,0.145992,4.000951,3.046427,0.163044,0.390278,0.151887,4.732389,2.906328,0.792449,0.598712,0.153205,5.254138,3.50823,0.56501,0.772905,0.2828,4.272786,2.714617,0.618093,0.49727,0.143425,6.914692,3.413695,0.612891,1.313113,0.719236,concentrate
5.746597,3.657337,0.271807,1.559746,0.543856,4.27723,3.20153,0.172598,0.475167,0.189849,3.43036,2.12844,0.267275,0.41889,0.160357,3.958852,2.832474,0.182802,0.367136,0.160813,4.351232,2.784501,0.705947,0.689809,0.173575,5.070282,3.345084,0.515844,0.823458,0.317067,4.022132,2.629285,0.559027,0.516207,0.160728,6.851587,3.217219,0.498617,1.365229,0.911509,concentrate
5.435678,2.760365,0.285812,1.461434,0.539175,3.885569,3.161435,0.192086,0.466407,0.182392,3.113619,1.812319,0.268411,0.418757,0.173096,3.661919,2.651295,0.193164,0.342398,0.159542,3.691608,2.612599,0.615003,0.76573,0.1943,4.587119,2.925295,0.466855,0.870137,0.346704,3.519518,2.467972,0.516591,0.527328,0.181661,6.482797,2.838461,0.39155,1.355729,1.111453,concentrate
4.805165,1.885274,0.299659,1.295976,0.514681,3.288842,3.185897,0.199883,0.439184,0.164576,2.635641,1.514179,0.251935,0.415025,0.181272,3.132362,2.512645,0.194148,0.314731,0.149775,2.893339,2.491074,0.555298,0.797783,0.210398,3.978765,2.397497,0.42812,0.897719,0.362817,2.854095,2.323346,0.505709,0.518153,0.199731,6.012642,2.477004,0.318873,1.280555,1.291413,concentrate
4.185328,1.279832,0.317637,1.093379,0.480373,2.572144,3.219655,0.202002,0.402695,0.142871,2.068661,1.269095,0.223294,0.405919,0.183196,2.449393,2.389866,0.192141,0.287516,0.136593,2.171246,2.531687,0.566247,0.774184,0.218474,3.483013,1.953657,0.408144,0.904627,0.36186,2.205522,2.313502,0.538683,0.485472,0.210277,5.689566,2.328463,0.298544,1.165017,1.415757,concentrate
4.046878,1.098757,0.348323,0.891942,0.444624,1.865288,3.22086,0.206179,0.373151,0.123608,1.508375,1.079677,0.19233,0.394938,0.178472,1.743665,2.263994,0.193635,0.267104,0.125589,1.70601,2.846935,0.663305,0.705938,0.216931,3.259401,1.726926,0.410621,0.89732,0.34823,1.732059,2.548219,0.613478,0.437583,0.211911,5.619895,2.494096,0.333534,1.048638,1.454707,concentrate
4.792958,1.378058,0.4098,0.728155,0.410227,1.30592,3.216818,0.221342,0.364705,0.110509,1.048833,0.936539,0.16994,0.386495,0.167669,1.157251,2.165144,0.203385,0.257981,0.119862,1.52433,3.459514,0.826038,0.620932,0.206891,3.28441,1.710077,0.433035,0.883394,0.332967,1.476326,3.049267,0.711699,0.390659,0.206231,5.705698,2.886345,0.409934,0.955913,1.396167,concentrate
6.585163,2.013021,0.520488,0.626487,0.375504,1.012627,3.280168,0.25276,0.383162,0.104613,0.764456,0.843178,0.163981,0.383077,0.152623,0.81066,2.145196,0.223596,0.261853,0.119417,1.51904,4.313134,1.01741,0.550982,0.19287,3.384102,1.782078,0.46768,0.863383,0.3286,1.377313,3.774606,0.815499,0.364306,0.196862,5.688495,3.291833,0.505,0.886272,1.25232,concentrate
9.073052,2.811156,0.683569,0.592242,0.33935,1.031271,3.426986,0.305301,0.421083,0.105142,0.663692,0.7955,0.174732,0.382062,0.13606,0.745736,2.205122,0.257022,0.276113,0.122048,1.5563,5.300606,1.175415,0.514736,0.181618,3.355847,1.80357,0.497186,0.834756,0.343078,1.346315,4.628789,0.897534,0.370416,0.188028,5.325155,3.508919,0.586869,0.822614,1.062157,concentrate
11.411193,3.544647,0.867088,0.610607,0.303787,1.289302,3.585898,0.370879,0.459648,0.110781,0.711682,0.780381,0.191799,0.375423,0.120715,0.909641,2.292371,0.297431,0.294114,0.125003,1.57013,6.271441,1.245685,0.511828,0.179426,3.126001,1.72785,0.512175,0.794149,0.374013,1.337509,5.471461,0.931181,0.405946,0.182531,4.590572,3.452201,0.638375,0.75296,0.88461,concentrate
12.959803,4.002541,1.019543,0.658633,0.275118,1.637107,3.627934,0.435733,0.478524,0.120818,0.834111,0.788515,0.208029,0.354152,0.108937,1.184045,2.328303,0.335957,0.306993,0.12664,1.538116,7.030618,1.206352,0.52688,0.188426,2.733044,1.575709,0.512114,0.73934,0.408234,1.327152,6.130004,0.90522,0.456059,0.180948,3.650496,3.134967,0.666563,0.67891,0.778893,concentrate
12.855512,4.076841,1.091206,0.71244,0.262251,1.927695,3.433071,0.483466,0.465919,0.135283,0.979478,0.811275,0.220873,0.315583,0.102117,1.472137,2.236344,0.363183,0.308362,0.127787,1.472299,7.389279,1.069175,0.542819,0.204753,2.288152,1.434553,0.501588,0.674026,0.429097,1.302643,6.433959,0.821477,0.504542,0.181942,2.75381,2.662443,0.684217,0.617963,0.787082,concentrate
11.100355,3.757392,1.062388,0.753051,0.27082,2.101465,2.960478,0.51114,0.425921,0.154731,1.136277,0.832349,0.23548,0.269607,0.100462,1.737425,1.981815,0.381838,0.299958,0.131513,1.396701,7.237617,0.888563,0.54723,0.220452,1.891739,1.370287,0.500663,0.60759,0.425862,1.252656,6.291907,0.707042,0.538153,0.183774,2.081214,2.151391,0.715728,0.585168,0.91739,concentrate
8.418887,3.177143,0.981286,0.77814,0.297404,2.15607,2.312746,0.535848,0.379563,0.180481,1.296079,0.863609,0.267276,0.236925,0.103409,1.964686,1.63268,0.408061,0.293425,0.141098,1.341099,6.613843,0.754669,0.535276,0.227741,1.585635,1.417416,0.534047,0.548375,0.398735,1.170218,5.752756,0.624344,0.548329,0.185733,1.676849,1.724142,0.816287,0.592198,1.135079,concentrate
5.510261,2.601333,0.977257,0.800269,0.330976,2.150298,1.704208,0.630502,0.355736,0.215699,1.4467,0.945744,0.363418,0.235604,0.110803,2.152552,1.325577,0.493552,0.303775,0.158545,1.338742,5.721038,0.774182,0.512196,0.223485,1.398303,1.632479,0.638925,0.497689,0.357656,1.06944,5.015782,0.670904,0.535761,0.188141,1.51001,1.528646,1.057593,0.639843,1.376623,concentrate
3.410563,2.28762,1.177466,0.83299,0.35967,2.14245,1.365945,0.892561,0.375639,0.261516,1.55705,1.122295,0.58812,0.269976,0.121838,2.27728,1.201265,0.712814,0.340403,0.1823,1.408481,4.8606,1.044254,0.488888,0.211327,1.326109,2.033558,0.873278,0.452127,0.316751,0.982041,4.371337,0.947189,0.509824,0.191744,1.507073,1.670358,1.51199,0.725816,1.575922,concentrate
2.051585,2.382958,1.633242,0.881259,0.376989,2.138437,1.467914,1.332696,0.442071,0.313619,1.590471,1.416177,0.955971,0.329484,0.134074,2.298524,1.356418,1.079536,0.401949,0.207336,1.570034,4.325158,1.563143,0.474743,0.200156,1.361636,2.604356,1.258715,0.40998,0.287682,0.961769,4.073427,1.454309,0.48417,0.196406,1.617111,2.190042,2.173095,0.847812,1.683116,concentrate
1.710298,2.83258,2.254558,0.935772,0.384293,2.115351,2.078918,1.862432,0.534923,0.363384,1.531305,1.814592,1.405123,0.393589,0.144636,2.193611,1.822956,1.524923,0.473408,0.228351,1.832392,4.194776,2.21656,0.471965,0.199931,1.516001,3.255121,1.743916,0.376296,0.273696,1.058705,4.168644,2.075758,0.467902,0.200591,1.863122,3.007477,2.925972,0.999827,1.676483,concentrate
1.85089,3.413768,2.842079,0.976594,0.390116,2.042475,3.095989,2.337787,0.62078,0.401115,1.399458,2.253566,1.813118,0.443344,0.151846,1.983029,2.523411,1.930265,0.533216,0.243002,2.162725,4.334257,2.818329,0.475811,0.216882,1.827722,3.84305,2.196793,0.360903,0.269208,1.274685,4.49727,2.621871,0.464186,0.202785,2.297345,3.909648,3.554189,1.164168,1.56695,concentrate
2.266976,3.840268,3.173874,0.986232,0.404792,1.900908,4.249912,2.602132,0.675298,0.42013,1.239436,2.631124,2.05008,0.47118,0.15551,1.718489,3.276574,2.167419,0.56628,0.252561,2.477024,4.534179,3.173944,0.476947,0.249186,2.278423,4.250874,2.474028,0.367525,0.265376,1.545982,4.812325,2.904351,0.467134,0.201537,2.897901,4.635382,3.843321,1.310643,1.390026,concentrate
2.797076,3.941787,3.115932,0.960194,0.435609,1.703367,5.2224,2.540556,0.689448,0.418439,1.100278,2.842377,2.029369,0.479741,0.156066,1.4592,3.875678,2.142922,0.56832,0.259053,2.720531,4.637264,3.162327,0.472416,0.286254,2.816365,4.481946,2.48172,0.389812,0.255432,1.807679,4.911586,2.81899,0.469519,0.195083,3.585606,5.075924,3.691011,1.418602,1.188476,concentrate
3.198952,3.735295,2.69591,0.91165,0.483322,1.494806,5.778351,2.180808,0.672107,0.398687,1.012195,2.830792,1.764348,0.476913,0.1539,1.249756,4.178314,1.869223,0.547557,0.262621,2.887994,4.597575,2.818491,0.471322,0.314616,3.369286,4.64261,2.224865,0.420949,0.238229,1.996243,4.732949,2.419133,0.4714,0.18479,4.281463,5.31858,3.163163,1.487452,0.996737,concentrate
3.653811,3.368743,2.084962,0.860798,0.54277,1.347105,5.811393,1.666534,0.637976,0.366358,0.996573,2.609231,1.356498,0.46874,0.149977,1.13092,4.13554,1.451426,0.516132,0.261771,3.027188,4.433994,2.304232,0.483956,0.325722,3.908295,4.835875,1.805456,0.457986,0.221888,2.087215,4.322171,1.870552,0.471881,0.175268,4.905842,5.525795,2.45759,1.524296,0.832398,concentrate
3.860431,3.068071,1.563481,0.83913,0.605624,1.298726,5.417176,1.20293,0.603699,0.327551,1.061092,2.296925,0.973882,0.463716,0.14646,1.11169,3.841812,1.047187,0.48836,0.255225,3.233707,4.283265,1.841192,0.515748,0.321034,4.450149,5.141254,1.397229,0.506179,0.221551,2.133436,3.876281,1.393996,0.468068,0.173487,5.484262,5.868079,1.870461,1.541532,0.700532,concentrate
4.218563,3.078496,1.363081,0.88057,0.662877,1.352591,4.846746,0.959169,0.583098,0.287132,1.196467,2.105261,0.763414,0.469558,0.145296,1.155768,3.497703,0.792809,0.47337,0.242856,3.662754,4.462755,1.564256,0.568492,0.309718,5.075053,5.698245,1.129676,0.580069,0.247838,2.279676,3.749902,1.125644,0.459424,0.184419,6.16082,6.545793,1.601392,1.546441,0.600261,concentrate
4.538173,3.529721,1.548011,1.001963,0.706215,1.467874,4.377017,0.997898,0.583051,0.248371,1.396613,2.230569,0.793026,0.492129,0.147115,1.248448,3.305121,0.756787,0.4738,0.226265,4.397662,5.345405,1.500832,0.638512,0.302164,5.831506,6.626726,1.054343,0.691719,0.299242,2.637958,4.302052,1.081106,0.448958,0.207455,7.065698,7.643802,1.676105,1.538065,0.527436,concentrate
5.068359,4.346388,1.990252,1.183444,0.727398,1.597685,4.17147,1.228321,0.602309,0.213385,1.616597,2.712891,1.008499,0.533547,0.151049,1.336577,3.356669,0.89197,0.487542,0.208141,5.233082,7.068402,1.574421,0.714047,0.304484,6.579464,7.894962,1.13801,0.83172,0.362677,3.132248,5.650917,1.173045,0.438353,0.23668,8.042175,9.023759,1.970404,1.500809,0.481394,concentrate
5.374248,5.289851,2.445909,1.376232,0.720341,1.719636,4.241863,1.477862,0.629145,0.183958,1.818596,3.395405,1.272033,0.587337,0.154537,1.416297,3.60426,1.078929,0.507128,0.190799,5.94885,9.374264,1.648655,0.778368,0.314373,7.179658,9.322417,1.276025,0.966385,0.41743,3.619501,7.530817,1.260264,0.426674,0.263605,8.901594,10.393702,2.270814,1.413398,0.465509,concentrate
5.662357,6.048794,2.702841,1.522698,0.684604,1.832089,4.485945,1.620106,0.646541,0.162282,1.938673,4.00434,1.452891,0.636725,0.154587,1.46132,3.909724,1.215196,0.521521,0.175136,6.20977,11.629649,1.630985,0.815997,0.322638,7.374446,10.570711,1.355988,1.053619,0.443432,3.867678,9.364254,1.25764,0.414083,0.28002,9.256561,11.387865,2.394057,1.270312,0.482426,concentrate
5.601537,6.337193,2.645015,1.582989,0.62732,1.94008,4.742898,1.592566,0.641095,0.149637,1.929077,4.267842,1.475962,0.662244,0.149545,1.466534,4.112668,1.240984,0.522132,0.160659,5.870504,13.070684,1.492584,0.818787,0.31947,7.002449,11.2094,1.315089,1.066559,0.432613,3.735214,10.502532,1.154252,0.404161,0.280793,8.850246,11.666566,2.255882,1.091082,0.533257,concentrate
5.158149,6.061092,2.312017,1.548635,0.561328,2.033282,4.909471,1.390858,0.607086,0.143885,1.77165,4.059141,1.325586,0.649897,0.139362,1.426728,4.127546,1.127131,0.504819,0.146327,4.953473,13.138392,1.26501,0.78615,0.30228,6.058277,10.91925,1.160623,1.002301,0.39246,3.21191,10.5169,0.982102,0.398814,0.26613,7.71077,11.064253,1.901551,0.914737,0.615045,concentrate
4.458897,5.283383,1.862505,1.434382,0.504344,2.092779,4.999936,1.095857,0.545308,0.142177,1.487328,3.458793,1.053211,0.595497,0.126354,1.347433,3.99845,0.91267,0.467864,0.133031,3.686269,11.726396,1.011899,0.721862,0.279456,4.730849,9.659263,0.935231,0.883335,0.341916,2.423441,9.371099,0.797571,0.395463,0.241986,6.123537,9.657886,1.451642,0.781152,0.717383,concentrate
3.582966,4.218258,1.497284,1.284063,0.478809,2.115828,5.056232,0.820486,0.462924,0.144753,1.146731,2.710795,0.754283,0.507502,0.115598,1.260845,3.825515,0.681209,0.413397,0.124477,2.41104,9.248958,0.795572,0.632454,0.264036,3.368586,7.748497,0.706347,0.745842,0.301611,1.594083,7.426115,0.653066,0.387701,0.217393,4.517545,7.761673,1.043733,0.709565,0.821387,concentrate
2.760631,3.112526,1.36382,1.154899,0.49826,2.124406,5.045277,0.649129,0.376317,0.154546,0.827051,2.048327,0.519268,0.407217,0.112385,1.191771,3.646077,0.51478,0.351701,0.125391,1.491737,6.448716,0.674931,0.527419,0.264315,2.319582,5.681684,0.544511,0.623875,0.282417,0.99367,5.265509,0.600131,0.369648,0.20005,3.295474,5.779391,0.799358,0.695604,0.902975,concentrate
2.251252,2.170242,1.49452,1.093534,0.55854,2.158733,4.877097,0.613113,0.306129,0.173462,0.590069,1.593682,0.404215,0.321487,0.119075,1.1677,3.421655,0.459649,0.299988,0.137965,1.113056,4.08324,0.674325,0.421575,0.278884,1.759294,3.963634,0.494288,0.537723,0.280986,0.772854,3.45124,0.656356,0.339793,0.193024,2.610325,4.099785,0.793209,0.728569,0.941041,concentrate
1.8194,1.480806,1.790447,1.112337,0.635989,2.209776,4.506608,0.707132,0.269333,0.198388,0.461393,1.344152,0.415535,0.271774,0.133026,1.177711,3.112131,0.524042,0.275821,0.158824,1.218856,2.605324,0.783512,0.336372,0.297315,1.644063,2.90173,0.547425,0.490669,0.284224,0.898002,2.30258,0.804238,0.30815,0.194477,2.354281,2.964743,1.002566,0.808384,0.928952,concentrate
1.693683,1.009015,2.096935,1.185716,0.69751,2.244728,4.001692,0.897345,0.276662,0.221664,0.43977,1.215971,0.522412,0.271348,0.148372,1.192194,2.731332,0.68101,0.293219,0.180739,1.610796,2.032914,0.971344,0.288309,0.306091,1.777156,2.462169,0.666021,0.472086,0.27777,1.222041,1.829386,1.0046,0.290669,0.200011,2.291702,2.364439,1.32587,0.931205,0.880282,concentrate
1.510776,0.692188,2.288078,1.264741,0.716351,2.225908,3.541127,1.109466,0.328013,0.235168,0.503234,1.127537,0.665535,0.322209,0.159173,1.207082,2.374444,0.85745,0.353938,0.196905,2.047555,2.027317,1.178056,0.281149,0.297745,1.951114,2.367907,0.800428,0.470317,0.255543,1.561807,1.798849,1.193288,0.298666,0.206907,2.196998,2.090733,1.639223,1.078753,0.820906,concentrate
1.446445,0.480499,2.302843,1.308467,0.683836,2.183712,3.339692,1.268773,0.415505,0.234175,0.628057,1.060019,0.790196,0.412204,0.161864,1.2468,2.190284,0.982626,0.447763,0.203735,2.332395,2.180235,1.322423,0.315831,0.273873,2.105685,2.313196,0.892708,0.492378,0.221488,1.775459,1.942206,1.293831,0.342463,0.214249,2.025711,1.920542,1.825533,1.232015,0.77964,concentrate
1.465443,0.37453,2.161321,1.300074,0.611929,2.210011,3.487975,1.32134,0.521291,0.21963,0.800735,1.038208,0.858837,0.513726,0.156785,1.364977,2.265065,1.014972,0.553047,0.201579,2.353528,2.247316,1.351034,0.383965,0.242666,2.312596,2.158019,0.909434,0.54679,0.183667,1.788972,2.096184,1.267118,0.422826,0.222115,1.920408,1.758568,1.824055,1.375759,0.773014,concentrate
1.807792,0.349328,1.940868,1.251415,0.527272,2.41534,3.880615,1.2471,0.622923,0.197316,1.027889,1.051473,0.85147,0.594426,0.148865,1.629617,2.54828,0.946877,0.645293,0.194112,2.125022,2.182563,1.26412,0.466249,0.215068,2.669063,1.917729,0.850435,0.631947,0.15202,1.619922,2.207789,1.130591,0.525516,0.231615,2.083398,1.611545,1.665057,1.495682,0.795409,concentrate
2.566865,0.379158,1.73345,1.186273,0.458229,2.870584,4.290854,1.067986,0.695967,0.175638,1.307226,1.058577,0.768212,0.627771,0.145021,2.044728,2.891307,0.803098,0.702171,0.186463,1.763442,2.041617,1.102071,0.539176,0.200574,3.173984,1.678452,0.734437,0.73341,0.134723,1.366936,2.271403,0.938461,0.624814,0.245381,2.59193,1.517246,1.42948,1.57853,0.823609,concentrate
3.659279,0.448208,1.585424,1.131494,0.426503,3.520709,4.51066,0.833282,0.724892,0.162627,1.621034,1.016917,0.632715,0.603117,0.149689,2.564306,3.138315,0.624887,0.713464,0.183156,1.411027,1.950411,0.948758,0.585967,0.204648,3.693587,1.53345,0.612152,0.827898,0.134424,1.143783,2.340996,0.776994,0.698176,0.266508,3.338832,1.49974,1.23024,1.632177,0.832998,concentrate
4.900737,0.541337,1.509987,1.097186,0.437606,4.227906,4.415699,0.592227,0.709299,0.162236,1.945831,0.904149,0.477162,0.528618,0.162473,3.088983,3.183524,0.447137,0.684863,0.186523,1.171575,2.027986,0.887573,0.60108,0.226974,4.016832,1.525383,0.553823,0.889665,0.148871,1.021059,2.47547,0.718327,0.735877,0.294532,4.079739,1.570441,1.16856,1.681472,0.811877,concentrate
5.864954,0.637703,1.466493,1.072741,0.478003,4.860172,4.033723,0.386879,0.660163,0.171883,2.27358,0.751954,0.338267,0.426864,0.178209,3.565826,3.032802,0.299081,0.632218,0.195454,1.066976,2.321306,0.957182,0.59349,0.263075,3.975478,1.603587,0.603752,0.900493,0.175265,0.991849,2.694844,0.786059,0.742822,0.325952,4.545605,1.693047,1.265136,1.752103,0.766575,concentrate
6.266312,0.710608,1.399612,1.037378,0.527297,5.300923,3.545017,0.251832,0.594308,0.185409,2.569041,0.626502,0.245533,0.325038,0.191755,3.933252,2.801764,0.201205,0.572837,0.208286,1.095586,2.787244,1.127347,0.580765,0.310638,3.525356,1.66253,0.75706,0.857454,0.213874,1.030416,2.984212,0.946063,0.734086,0.363541,4.540113,1.817791,1.450238,1.85902,0.719767,concentrate
5.977096,0.73636,1.274697,0.976775,0.571474,5.414654,3.155548,0.193182,0.525988,0.19826,2.757381,0.577061,0.205985,0.244914,0.202042,4.114388,2.615519,0.158117,0.517349,0.225718,1.260182,3.283728,1.302662,0.574916,0.368641,2.866922,1.623342,0.956694,0.77378,0.265957,1.150962,3.264468,1.113166,0.722368,0.416654,4.118755,1.896233,1.602051,1.990061,0.698604,concentrate
5.151622,0.711039,1.089607,0.895158,0.60665,5.188082,2.998131,0.189746,0.465515,0.210987,2.794291,0.624991,0.203696,0.197792,0.211625,4.054004,2.542264,0.15618,0.469138,0.250049,1.573647,3.666223,1.385937,0.578717,0.430961,2.329504,1.491348,1.115969,0.67277,0.327908,1.401211,3.459408,1.201101,0.714106,0.492282,3.566852,1.924199,1.616311,2.106894,0.720857,concentrate
4.327665,0.672205,0.884533,0.814903,0.633257,4.665964,3.065511,0.213455,0.421017,0.229688,2.66413,0.752248,0.217772,0.185392,0.224829,3.761747,2.561127,0.176451,0.428059,0.283473,2.042167,3.824436,1.338442,0.59487,0.486827,2.184448,1.336617,1.178738,0.585983,0.390758,1.818823,3.51426,1.169115,0.712385,0.585099,3.240176,1.925218,1.47037,2.16536,0.787251,concentrate
3.625474,0.676546,0.707418,0.75594,0.655172,3.978058,3.228695,0.245848,0.395209,0.262041,2.390246,0.905717,0.239264,0.203391,0.244076,3.264981,2.586723,0.20601,0.393211,0.324557,2.602663,3.709644,1.177383,0.630726,0.527954,2.492898,1.244222,1.12082,0.55185,0.447064,2.369673,3.410415,1.024025,0.71599,0.676686,3.338138,1.920183,1.198276,2.131011,0.883733,concentrate
3.46112,0.822175,0.607069,0.726449,0.673974,3.319034,3.326414,0.293157,0.386883,0.309997,2.057861,1.039748,0.267102,0.249644,0.266168,2.721524,2.541822,0.244822,0.369779,0.365393,3.141857,3.431877,1.001648,0.700792,0.550525,3.101158,1.36249,0.987494,0.601996,0.493027,2.950315,3.243756,0.849314,0.724652,0.740279,3.900132,2.031389,0.932063,1.990058,0.981866,concentrate
3.554835,1.227349,0.616583,0.728363,0.687631,2.842354,3.268204,0.377666,0.392953,0.367325,1.739408,1.134714,0.300637,0.320589,0.2829,2.258394,2.405121,0.298928,0.365577,0.394669,3.518241,3.248179,1.021004,0.821132,0.555565,3.780821,1.897749,0.922406,0.744188,0.526514,3.381374,3.22103,0.835397,0.74376,0.751277,4.699685,2.503051,0.900479,1.76716,1.052918,concentrate
3.789484,1.923335,0.743155,0.760392,0.695802,2.702291,3.042145,0.514988,0.409079,0.422388,1.512687,1.184835,0.346011,0.40504,0.286077,2.063552,2.193206,0.374411,0.383772,0.403818,3.695284,3.377189,1.429046,0.992184,0.54955,4.461433,2.986412,1.08814,0.959273,0.547519,3.538625,3.491826,1.170327,0.780803,0.702335,5.482754,3.515453,1.288776,1.517545,1.08115,concentrate
3.853449,2.790402,0.959128,0.81736,0.699827,2.928811,2.684122,0.702646,0.431772,0.463652,1.416475,1.18679,0.411276,0.484823,0.273182,2.195374,1.934812,0.473389,0.420647,0.391649,3.75415,3.867778,2.282522,1.186678,0.540703,5.223639,4.574487,1.58151,1.19715,0.555282,3.408828,4.044535,1.911581,0.835285,0.608098,6.056613,5.028546,2.127899,1.299373,1.076261,concentrate
3.682482,3.587811,1.212002,0.891964,0.701148,3.414509,2.323808,0.921608,0.453451,0.485042,1.453138,1.167339,0.501296,0.539796,0.24987,2.600852,1.706458,0.594373,0.460963,0.365523,3.806786,4.557076,3.421147,1.353951,0.533607,6.120038,6.366059,2.346604,1.391517,0.549659,3.091269,4.695072,2.918664,0.891299,0.498243,6.398989,6.70008,3.239438,1.146507,1.071466,concentrate
3.306562,4.130484,1.44176,0.970132,0.704057,3.908884,2.276004,1.137854,0.465412,0.488311,1.551592,1.216571,0.615954,0.557771,0.227155,3.056572,1.698105,0.729921,0.484981,0.337989,3.913843,5.157431,4.505733,1.446494,0.527495,7.042148,7.943503,3.173593,1.488331,0.531714,2.726124,5.178673,3.882469,0.92665,0.404034,6.495936,8.077291,4.282424,1.063963,1.106573,concentrate
2.797908,4.389744,1.595754,1.032508,0.716291,4.151653,2.883914,1.312937,0.461443,0.479808,1.62675,1.442564,0.742093,0.538057,0.214091,3.316897,2.127629,0.863865,0.477947,0.319113,4.048697,5.419466,5.188253,1.442334,0.517083,7.764636,8.919127,3.789478,1.474266,0.501759,2.414404,5.287142,4.481127,0.924749,0.344349,6.382806,8.787126,4.922475,1.036499,1.206701,concentrate
2.439231,4.473337,1.645445,1.05604,0.742149,3.996583,4.344882,1.433035,0.447103,0.465043,1.638378,1.923799,0.871442,0.494979,0.212888,3.238876,3.135424,0.990975,0.443824,0.310849,4.160632,5.246807,5.256386,1.350273,0.494613,8.060875,9.048105,3.989218,1.382642,0.460925,2.227509,4.973583,4.524318,0.88332,0.317749,6.184721,8.629619,4.962045,1.045226,1.362527,concentrate
2.37945,4.542436,1.593409,1.020074,0.775549,3.461404,6.532464,1.496929,0.440805,0.444157,1.595664,2.637182,0.995329,0.45064,0.218043,2.829391,4.657882,1.105638,0.404637,0.306173,4.236193,4.72447,4.70628,1.205464,0.455167,7.834961,8.329696,3.704242,1.272074,0.413675,2.186781,4.361449,4.020809,0.817055,0.307182,6.002502,7.694241,4.412948,1.078809,1.527801,concentrate
2.575298,4.744404,1.491586,0.918277,0.802848,2.701204,8.99937,1.521688,0.464766,0.413564,1.535479,3.469512,1.120808,0.427248,0.22051,2.241471,6.404171,1.208587,0.390411,0.294998,4.323788,4.061473,3.766568,1.051375,0.40052,7.151346,7.005495,3.065295,1.194187,0.365406,2.304031,3.681356,3.183405,0.747943,0.293309,5.953926,6.33626,3.503669,1.132788,1.637305,concentrate
2.807269,5.130355,1.408312,0.766332,0.809547,1.902061,11.12466,1.505063,0.529972,0.370176,1.456376,4.25351,1.247513,0.43612,0.213435,1.63337,7.940739,1.279406,0.421272,0.271537,4.454181,3.475947,2.788552,0.913764,0.339611,6.192855,5.456193,2.352003,1.161448,0.320055,2.541741,3.158142,2.322704,0.688046,0.26739,6.02533,5.008191,2.575558,1.193436,1.637638,concentrate
3.046429,5.617902,1.391537,0.598774,0.785144,1.283696,12.352165,1.443747,0.625973,0.315935,1.377178,4.80123,1.363361,0.472917,0.196289,1.18254,8.850966,1.298741,0.493465,0.237637,4.649249,3.100684,2.084853,0.797962,0.28366,5.26691,4.050692,1.830745,1.143305,0.278908,2.88853,2.898388,1.699783,0.638647,0.231646,6.216711,4.04424,1.918288,1.231946,1.514636,concentrate
3.174149,6.029596,1.460053,0.45479,0.727069,0.960007,12.424486,1.36615,0.723183,0.259025,1.302763,4.996884,1.457794,0.521703,0.173327,0.958221,8.920406,1.276733,0.579546,0.200845,4.809379,2.949741,1.790022,0.696924,0.241236,4.628074,3.021042,1.618181,1.091772,0.241597,3.229084,2.871934,1.41956,0.59333,0.192453,6.433367,3.532944,1.63562,1.210774,1.305378,concentrate
3.568039,6.249285,1.595075,0.373413,0.646217,0.902235,11.445057,1.291875,0.792411,0.213295,1.237967,4.833186,1.506831,0.5642,0.152102,0.919492,8.209635,1.223562,0.644037,0.171424,4.802468,2.904752,1.815164,0.609024,0.219327,4.307362,2.388285,1.653555,0.977635,0.210052,3.442346,2.917242,1.393438,0.545792,0.157406,6.545221,3.360287,1.630706,1.115697,1.079411,concentrate
5.111561,6.26825,1.751534,0.376059,0.564912,0.963515,9.885944,1.268542,0.823049,0.195173,1.175745,4.437611,1.496354,0.588745,0.140718,0.949574,7.07619,1.171322,0.663034,0.157407,4.508366,2.869343,1.952302,0.54859,0.222438,4.181257,2.030687,1.762083,0.80858,0.188877,3.413193,2.932869,1.441658,0.500469,0.133636,6.529533,3.303232,1.706013,0.965825,0.901163,concentrate
8.412022,6.2012,1.891578,0.459776,0.508976,1.019087,8.343354,1.353099,0.823445,0.217235,1.11427,4.010586,1.444898,0.594209,0.14536,0.965637,5.985715,1.174126,0.633987,0.162224,3.949321,2.877045,2.034558,0.535951,0.248682,4.139056,1.865516,1.778389,0.62087,0.181539,3.129193,2.967988,1.436588,0.47068,0.125711,6.464225,3.232968,1.702994,0.816615,0.80606,concentrate
13.643507,6.155728,1.994069,0.595918,0.49945,1.046611,7.237604,1.545774,0.812911,0.279675,1.061023,3.711687,1.380737,0.58686,0.167371,0.956272,5.265232,1.253701,0.575175,0.183275,3.28087,2.986438,2.020629,0.575419,0.288797,4.171155,1.858232,1.644958,0.457717,0.187624,2.692911,3.107723,1.346065,0.468502,0.134692,6.513631,3.114787,1.574228,0.720785,0.80377,concentrate
19.626999,6.135055,2.02147,0.739721,0.540723,1.085451,6.673966,1.806876,0.806766,0.367548,1.046182,3.611637,1.323104,0.572803,0.202657,0.956024,5.004848,1.39815,0.512145,0.213347,2.685658,3.212571,1.964322,0.649535,0.328983,4.280103,1.923418,1.399948,0.345696,0.203328,2.245643,3.375427,1.194465,0.491495,0.158731,6.659237,2.928412,1.338523,0.695242,0.89992,concentrate
24.767906,6.107998,1.962944,0.851969,0.61644,1.223837,6.542605,2.069622,0.803189,0.455047,1.124421,3.728753,1.291642,0.554654,0.243657,1.045266,5.143592,1.574955,0.463821,0.244135,2.275386,3.555595,1.94862,0.727496,0.356938,4.393702,1.997476,1.147041,0.286054,0.222854,1.924842,3.749259,1.036942,0.520627,0.19393,6.823081,2.768803,1.089768,0.723633,1.100866,concentrate
27.484476,6.074486,1.820996,0.91694,0.6979,1.526998,6.687403,2.213166,0.786046,0.514357,1.327419,4.038874,1.267362,0.529486,0.28118,1.282326,5.577787,1.697166,0.435217,0.268267,2.032888,3.929537,2.011888,0.780246,0.364322,4.420693,2.048541,0.988173,0.264552,0.240478,1.742844,4.113,0.914389,0.532177,0.233088,6.823458,2.775,0.934636,0.768878,1.395752,concentrate
26.817711,6.030737,1.611418,0.948522,0.756162,1.939214,6.962793,2.157521,0.733963,0.527017,1.613567,4.443545,1.22275,0.491146,0.306555,1.618175,6.17057,1.690857,0.416214,0.281184,1.848483,4.205782,2.130852,0.78969,0.349149,4.262898,2.083594,0.993593,0.26463,0.252015,1.630271,4.305665,0.842114,0.510995,0.26742,6.818541,3.016461,0.954551,0.795138,1.735716,concentrate
23.247709,5.920265,1.399042,0.982749,0.775727,2.351963,7.265615,1.93235,0.643165,0.491279,1.881439,4.778094,1.158607,0.442039,0.314084,1.943156,6.773971,1.559754,0.396858,0.281501,1.637156,4.300371,2.252412,0.759569,0.317032,3.880625,2.11482,1.183998,0.281556,0.25545,1.476332,4.234557,0.833937,0.46169,0.289947,6.408425,3.400543,1.193704,0.790048,2.039956,concentrate
17.464218,5.693081,1.238749,1.044622,0.759651,2.619197,7.5698,1.597644,0.532851,0.422682,2.046819,4.897578,1.06789,0.390181,0.302512,2.138242,7.284061,1.335577,0.373488,0.270912,1.429492,4.22631,2.306545,0.712453,0.278738,3.331661,2.140352,1.515229,0.320063,0.250406,1.297675,3.954338,0.88851,0.409772,0.298391,5.978219,3.752831,1.61961,0.774834,2.225816,concentrate
11.935607,5.352644,1.158885,1.134407,0.721701,2.648814,7.893109,1.240037,0.43221,0.347,2.046262,4.750101,0.956426,0.350465,0.277057,2.138227,7.637789,1.075047,0.349677,0.254635,1.322775,4.073624,2.252714,0.678582,0.246467,2.700073,2.136925,1.886413,0.39138,0.237627,1.17196,3.624292,1.002304,0.389388,0.295369,5.433288,3.903892,2.120447,0.792631,2.250091,concentrate
7.66936,4.976788,1.163457,1.246898,0.679169,2.535071,8.22751,0.967097,0.359887,0.287396,1.946677,4.399844,0.852262,0.336726,0.246647,2.043047,7.799694,0.858806,0.327599,0.238549,1.421895,3.922254,2.117376,0.681168,0.228796,2.158939,2.090117,2.179263,0.515103,0.21982,1.236163,3.378828,1.175037,0.424177,0.286122,4.975726,3.78833,2.555296,0.888091,2.143026,concentrate
5.157209,4.708842,1.243312,1.402169,0.648797,2.830285,8.616204,0.812743,0.318611,0.254906,2.06488,4.067229,0.782732,0.354909,0.219415,2.317633,7.8245,0.722582,0.307877,0.226228,1.79915,3.818271,1.952316,0.72585,0.227789,1.886347,2.024806,2.350183,0.707665,0.202182,1.591755,3.262237,1.385291,0.513688,0.276467,4.711248,3.480786,2.840547,1.074297,1.99036,concentrate
4.721026,4.720025,1.397998,1.642802,0.641752,4.466449,9.271016,0.788608,0.305883,0.248387,2.892983,4.08522,0.793137,0.406929,0.200387,3.680082,7.919717,0.687095,0.296549,0.21913,2.444965,3.875382,1.803225,0.804025,0.238739,2.098938,2.183027,2.451302,0.962908,0.189525,2.306232,3.278432,1.587487,0.635736,0.269744,4.780924,3.210518,2.965839,1.322003,1.879785,concentrate
5.950029,5.171085,1.611149,1.992115,0.657123,8.2815,10.557704,0.84998,0.321355,0.257883,4.856044,4.738686,0.893343,0.489266,0.189717,6.738282,8.40503,0.728464,0.306679,0.216115,3.246492,4.248419,1.685342,0.900664,0.252712,2.914748,2.893752,2.550079,1.241749,0.184162,3.325227,3.408423,1.728271,0.759159,0.264823,5.279854,3.222972,2.969419,1.575433,1.849481,concentrate
8.402124,6.203612,1.869124,2.418701,0.684637,14.327215,12.754394,0.953592,0.368699,0.272309,7.934392,6.133629,1.070555,0.595875,0.184823,11.424343,9.552102,0.817454,0.352852,0.214368,4.061787,5.094151,1.583341,1.001948,0.259814,4.284919,4.331863,2.687917,1.484172,0.185395,4.478113,3.683451,1.766036,0.858108,0.256887,6.197929,3.697799,2.915648,1.766066,1.868058,concentrate
11.481656,7.798194,2.126523,2.830184,0.710559,21.549353,15.728627,1.065148,0.457101,0.283898,11.54929,8.090699,1.271962,0.715986,0.181929,16.846371,11.338756,0.925194,0.443872,0.210501,4.820549,6.416833,1.482521,1.097954,0.253227,5.912388,6.353349,2.847878,1.63054,0.189604,5.576908,4.1325,1.697309,0.925558,0.241732,7.354968,4.694389,2.863929,1.84913,1.873111,concentrate
14.287593,9.719923,2.31518,3.103748,0.722617,28.116865,18.802332,1.154145,0.589274,0.287298,14.773077,10.148917,1.427604,0.837505,0.177891,21.578901,13.337962,1.021151,0.573047,0.201865,5.576311,7.999927,1.371717,1.178524,0.232518,7.405531,8.494498,2.955605,1.649359,0.192952,6.529261,4.733747,1.547179,0.971477,0.220402,8.417718,6.094663,2.832341,1.819444,1.824746,concentrate
16.073067,11.66989,2.361067,3.139643,0.710635,32.180798,21.116829,1.206298,0.753308,0.279,16.770021,11.822616,1.470902,0.944317,0.171687,24.309977,14.983121,1.084986,0.716582,0.187534,6.410352,9.436635,1.262111,1.230301,0.204383,8.406606,10.1744,2.921412,1.553552,0.193829,7.338665,5.406511,1.365008,1.007907,0.196991,9.145433,7.661653,2.787861,1.705714,1.735171,concentrate
16.76403,13.430667,2.247051,2.911781,0.668101,32.812103,22.046209,1.229716,0.921454,0.259049,17.201574,12.784704,1.384498,1.024015,0.163949,24.483923,15.84891,1.111305,0.84169,0.169002,7.471317,10.233063,1.182174,1.243185,0.179121,8.915105,10.945848,2.709985,1.399691,0.193887,8.178427,5.990359,1.203001,1.037756,0.176444,9.852219,9.106855,2.687594,1.555392,1.649131,concentrate
17.031801,14.767495,2.029635,2.487545,0.604237,30.3377,21.348175,1.232779,1.057027,0.232587,16.311642,12.939687,1.209573,1.07118,0.157726,22.47121,15.73562,1.095047,0.919731,0.151231,8.897215,10.147909,1.151355,1.210842,0.165111,9.198678,10.735286,2.361862,1.262354,0.198144,9.29992,6.368294,1.103456,1.054865,0.161576,11.196252,10.190126,2.509625,1.416345,1.597812,concentrate
17.831375,15.670871,1.796176,2.004957,0.540375,26.141848,19.452951,1.232593,1.133091,0.208553,14.784925,12.488417,1.012599,1.091965,0.15678,19.350279,14.857151,1.045134,0.942711,0.141103,10.70759,9.371575,1.159594,1.138924,0.165217,9.65185,9.88939,1.955846,1.200836,0.210673,10.839695,6.607442,1.094674,1.05043,0.151359,13.778472,10.960117,2.247806,1.317559,1.581198,concentrate
19.608173,16.316013,1.656993,1.611995,0.497187,21.95125,17.219391,1.248682,1.1466,0.195319,13.392316,11.725217,0.857502,1.105667,0.163271,16.387236,13.692175,0.983494,0.927472,0.144113,12.675165,8.419373,1.19341,1.054234,0.177531,10.714251,8.978731,1.620971,1.245672,0.230838,12.632293,6.94693,1.200487,1.02659,0.143089,17.851318,11.61116,1.968239,1.274722,1.578559,concentrate
22.720068,16.748186,1.684497,1.390429,0.483483,19.024956,15.423574,1.28836,1.117287,0.19605,12.585603,10.898001,0.787076,1.134098,0.176177,14.435194,12.660297,0.931684,0.90469,0.160343,14.425507,7.875657,1.240754,0.990354,0.198043,12.480441,8.570018,1.440302,1.390548,0.255273,14.262836,7.631183,1.426149,0.997089,0.134717,22.892168,12.43314,1.755959,1.303138,1.567481,concentrate
26.401213,17.063967,1.873575,1.338375,0.492731,17.604689,14.384526,1.367698,1.075426,0.207845,12.315305,10.165977,0.819297,1.188119,0.192349,13.554831,11.932021,0.921485,0.90106,0.184619,15.538435,8.009046,1.285896,0.964367,0.22413,14.639391,8.890094,1.413521,1.593993,0.281621,15.239877,8.679643,1.736823,0.974188,0.126824,27.94817,13.607362,1.64719,1.422521,1.537091,concentrate
30.17075,17.388374,2.200738,1.391092,0.506732,16.858257,13.827784,1.512404,1.04148,0.223172,12.065207,9.534079,0.95356,1.257882,0.207876,13.033595,11.357725,0.995438,0.922022,0.208244,15.678576,8.615772,1.344389,0.970325,0.254471,16.456833,9.781414,1.49299,1.790701,0.310101,15.171694,9.818167,2.091231,0.95938,0.121607,31.698338,14.936712,1.636248,1.644426,1.497604,concentrate
32.419479,17.625587,2.561244,1.46565,0.506113,15.69176,13.199904,1.689203,1.013604,0.233377,11.351325,8.938674,1.141046,1.310133,0.218489,12.062461,10.658879,1.13856,0.945939,0.222032,14.73917,9.142404,1.426938,0.98623,0.286591,17.333094,10.853752,1.600756,1.913889,0.341454,13.965664,10.537314,2.421464,0.94476,0.121595,33.266613,15.912744,1.660422,1.952236,1.466602,concentrate
32.855061,17.380022,2.871476,1.509796,0.479656,13.55644,11.947771,1.852182,0.972986,0.232652,10.017165,8.218372,1.319551,1.30207,0.220326,10.310314,9.550451,1.303151,0.938164,0.220318,12.846128,9.095105,1.514873,0.990889,0.31507,16.871971,11.591249,1.667152,1.914311,0.373731,11.8551,10.416394,2.650265,0.923147,0.128229,32.246784,15.793266,1.665935,2.297028,1.442774,concentrate
31.314247,16.36536,3.0446,1.508143,0.429881,10.711887,9.952356,1.925554,0.894101,0.220982,8.280519,7.279724,1.421089,1.203447,0.211442,8.040386,8.002316,1.41218,0.86986,0.203692,10.444856,8.409893,1.590119,0.964201,0.332728,15.140837,11.634332,1.636945,1.771662,0.401884,9.394473,9.46956,2.738291,0.881326,0.140708,29.102959,14.245469,1.62812,2.591461,1.402465,concentrate
27.760328,14.449658,3.037268,1.46978,0.36992,7.864006,7.570946,1.890992,0.771051,0.201259,6.571115,6.174119,1.412072,1.019082,0.192099,5.819063,6.276149,1.423601,0.741321,0.177145,8.228948,7.399781,1.620463,0.896569,0.333409,12.715457,10.912623,1.491412,1.508356,0.419025,7.305167,8.084997,2.682022,0.810898,0.155754,25.020563,11.591475,1.569427,2.751045,1.315404,concentrate
23.120073,12.046939,2.906366,1.413001,0.315957,5.794518,5.524971,1.779607,0.620537,0.177681,5.292798,5.162403,1.322534,0.790221,0.164972,4.224385,4.860449,1.349758,0.581025,0.147831,6.817008,6.512389,1.577154,0.792985,0.315226,10.365484,9.760486,1.273554,1.187223,0.418219,6.131532,6.760846,2.507904,0.719714,0.169043,21.31251,8.756557,1.525637,2.740506,1.171335,concentrate
18.393084,9.786166,2.669777,1.34847,0.280651,4.878306,4.506047,1.622131,0.469523,0.154576,4.62887,4.539915,1.188057,0.567787,0.134049,3.536728,4.194012,1.2147,0.42458,0.122248,6.46274,6.152738,1.466196,0.67021,0.28289,8.760787,8.803189,1.031084,0.878539,0.397314,5.976492,5.912101,2.273237,0.62603,0.177346,18.846756,6.87316,1.50904,2.57814,0.993743,concentrate
14.509122,8.163667,2.362417,1.275653,0.267975,4.905673,4.72779,1.449354,0.34732,0.136338,4.46573,4.413995,1.046713,0.393033,0.104771,3.602835,4.374697,1.054945,0.303278,0.104653,6.942693,6.442011,1.33877,0.551209,0.246176,8.161494,8.550822,0.814888,0.63859,0.361997,6.478454,5.672689,2.052742,0.547829,0.179247,17.697273,6.550079,1.517108,2.323371,0.825436,concentrate
12.16258,7.361532,2.017842,1.184788,0.276162,5.282249,5.889041,1.277072,0.2697,0.124878,4.505436,4.693031,0.921669,0.282229,0.081654,3.97894,5.166253,0.900663,0.2312,0.094992,7.638659,7.125254,1.235731,0.450306,0.215231,8.284335,9.139448,0.66295,0.488308,0.321534,6.985682,5.818585,1.875867,0.487279,0.17579,17.189587,7.647409,1.531153,2.03203,0.700352,concentrate
11.341338,7.182305,1.680464,1.066337,0.305485,5.454525,7.345313,1.103702,0.232759,0.120246,4.471436,5.128739,0.815865,0.227144,0.067582,4.240622,6.129507,0.764683,0.202122,0.091119,7.959424,7.767406,1.173493,0.375585,0.195588,8.573741,10.238487,0.585334,0.413943,0.284707,6.98613,5.96818,1.735354,0.440538,0.170125,16.505655,9.420672,1.520263,1.742777,0.630451,concentrate
11.754912,7.226433,1.371564,0.930723,0.358335,5.238936,8.468403,0.926893,0.217666,0.122529,4.255881,5.438594,0.717793,0.207042,0.063302,4.189756,6.841575,0.642649,0.19632,0.091377,7.651332,8.054828,1.148977,0.331522,0.18672,8.612331,11.249351,0.577363,0.388429,0.256596,6.356214,5.865365,1.606444,0.402189,0.16542,15.263602,10.995877,1.475087,1.489573,0.608609,concentrate
12.682218,7.122094,1.109311,0.819523,0.436596,4.803062,8.848392,0.754103,0.210477,0.131541,3.919284,5.405675,0.61478,0.206141,0.068249,3.91925,7.01141,0.527234,0.197721,0.095723,6.829268,7.892667,1.141141,0.31898,0.184189,8.238793,11.573439,0.638549,0.388371,0.237581,5.292028,5.483707,1.467844,0.374428,0.163967,13.497827,11.7345,1.409567,1.312579,0.620792,concentrate
13.503901,6.697027,0.936678,0.771283,0.534203,4.49634,8.419284,0.599645,0.207478,0.145462,3.611011,5.014222,0.529477,0.215741,0.080828,3.642453,6.595837,0.424584,0.197953,0.104605,5.905286,7.379337,1.15647,0.328105,0.183621,7.651034,10.951858,0.808621,0.397026,0.226849,4.215845,4.955259,1.341062,0.357433,0.167048,11.673337,11.475232,1.398252,1.265997,0.65116,concentrate
14.065966,6.034017,0.920808,0.805262,0.631847,4.489967,7.449065,0.500791,0.213178,0.160474,3.429169,4.455626,0.525492,0.233576,0.098,3.504771,5.817796,0.369817,0.195803,0.117241,5.279362,6.661534,1.223066,0.34725,0.183619,7.064416,9.54836,1.164382,0.422255,0.224586,3.510712,4.393572,1.258645,0.350129,0.174904,10.20783,10.365979,1.501814,1.413724,0.680467,concentrate
14.065249,5.321054,1.086419,0.904698,0.702835,4.771224,6.401012,0.482048,0.236289,0.172493,3.395608,3.997534,0.646614,0.263542,0.116384,3.539295,5.045327,0.392649,0.197295,0.131659,5.120298,5.907204,1.359747,0.374108,0.185399,6.55882,7.889876,1.719371,0.485929,0.230331,3.345625,3.877984,1.245634,0.359522,0.186787,9.22905,8.819818,1.731646,1.778162,0.692313,concentrate
13.499502,4.760413,1.390608,1.029093,0.725419,5.218074,5.77854,0.543285,0.286339,0.17865,3.460854,3.828894,0.87763,0.311884,0.133564,3.720773,4.652747,0.495563,0.212207,0.144885,5.306947,5.288135,1.540128,0.415236,0.18974,6.089373,6.635708,2.369466,0.605697,0.242562,3.620808,3.489537,1.287511,0.392851,0.200285,8.630704,7.390485,2.01816,2.294681,0.681993,concentrate
12.226614,4.470455,1.744681,1.13521,0.692472,5.726885,5.914852,0.690187,0.366153,0.178118,3.536352,3.960442,1.159024,0.380134,0.148689,4.015462,4.853195,0.670409,0.247507,0.154379,5.460901,4.914807,1.708662,0.472884,0.195582,5.526558,6.230869,2.930045,0.779598,0.259824,4.005317,3.268215,1.344187,0.44831,0.211334,8.091125,6.472657,2.246896,2.814055,0.65603,concentrate
10.449486,4.367479,2.055134,1.194804,0.615154,6.224119,6.775795,0.92461,0.46637,0.17176,3.509189,4.199696,1.406627,0.458895,0.161655,4.361032,5.556713,0.891138,0.300817,0.158596,5.299555,4.771218,1.808511,0.537243,0.200279,4.877635,6.710663,3.217929,0.979724,0.279873,4.177638,3.162169,1.366418,0.511999,0.215212,7.358456,6.146528,2.316162,3.156658,0.626832,concentrate
7.931275,4.284405,2.255085,1.200562,0.518771,6.694468,8.022623,1.237698,0.563525,0.161462,3.318923,4.313171,1.552531,0.528177,0.171912,4.731998,6.46133,1.123812,0.357527,0.157058,4.760854,4.703403,1.793916,0.587625,0.20134,4.208635,7.68314,3.123762,1.161801,0.299239,4.011722,3.060433,1.309375,0.562169,0.208575,6.305815,6.170188,2.170861,3.191662,0.608916,concentrate
5.324565,4.166198,2.325536,1.160322,0.433108,7.192789,9.227862,1.602006,0.629207,0.150222,3.006193,4.231219,1.580237,0.566736,0.178327,5.122844,7.251627,1.342631,0.397654,0.151104,3.957514,4.564762,1.658518,0.607803,0.199231,3.663131,8.63817,2.669075,1.280821,0.314166,3.528199,2.893563,1.164936,0.580758,0.191487,5.087929,6.232252,1.83668,2.894243,0.610222,concentrate
3.337112,4.045139,2.278092,1.091174,0.383214,7.665364,10.005288,1.947705,0.644139,0.140868,2.66287,4.030612,1.509759,0.566266,0.179891,5.505467,7.697105,1.519796,0.408453,0.143596,3.071461,4.321351,1.440226,0.593277,0.197097,3.342737,9.201611,1.993028,1.30569,0.321877,2.846215,2.677107,0.967636,0.560866,0.167881,3.930882,6.133159,1.402802,2.355242,0.624763,concentrate
1.979265,3.968455,2.132928,1.013888,0.386016,8.044799,10.176273,2.173289,0.608276,0.135211,2.385926,3.843888,1.380359,0.5392,0.176467,5.810722,7.73788,1.618712,0.391938,0.137269,2.260344,4.014862,1.21393,0.553698,0.197925,3.212344,9.222946,1.307146,1.233015,0.322063,2.122769,2.462068,0.780135,0.50721,0.144197,3.070066,5.795693,0.999777,1.736285,0.640135,concentrate
1.59523,3.973757,1.931296,0.943077,0.447161,8.239532,9.87494,2.236178,0.542546,0.132703,2.251092,3.795019,1.252126,0.510458,0.168687,5.978508,7.50332,1.639745,0.364164,0.133034,1.614228,3.714856,1.028678,0.510139,0.201753,3.057921,8.71874,0.76974,1.083828,0.316716,1.531402,2.31124,0.65434,0.436493,0.126524,2.539522,5.286663,0.735471,1.198103,0.647216,concentrate
1.725731,4.082444,1.681383,0.890209,0.556959,8.210955,9.4509,2.145003,0.478506,0.131426,2.341638,3.930544,1.146932,0.502418,0.158048,6.003155,7.217144,1.596117,0.34527,0.130153,1.161563,3.482302,0.898652,0.483711,0.205875,2.668283,7.879226,0.44766,0.897506,0.3115,1.199287,2.252573,0.611668,0.369736,0.118302,2.26692,4.784675,0.640418,0.834761,0.645631,concentrate
2.640571,4.4347,1.399238,0.868842,0.691955,7.992553,9.295731,1.950992,0.442414,0.130306,2.730728,4.223681,1.058638,0.522181,0.147056,5.93628,7.08839,1.509147,0.346923,0.127389,0.937787,3.387789,0.797626,0.48343,0.207608,2.160542,7.128562,0.309882,0.72387,0.320917,1.19014,2.305943,0.630996,0.322805,0.119188,2.451581,4.651498,0.66431,0.649674,0.643884,concentrate
4.745719,5.318876,1.112263,0.89655,0.821198,7.70872,9.614388,1.715904,0.439755,0.130405,3.445308,4.615708,0.968055,0.562376,0.139655,5.880096,7.187998,1.394211,0.364822,0.124642,0.989921,3.54592,0.688883,0.500681,0.208171,1.96274,7.099004,0.277442,0.610749,0.367766,1.505395,2.531089,0.665313,0.297681,0.126561,3.823674,5.444455,0.714551,0.583374,0.651013,concentrate
8.327213,7.03161,0.884502,0.969631,0.914579,7.599144,10.359548,1.485992,0.455099,0.133937,4.44828,5.087178,0.877585,0.603568,0.13988,6.000206,7.478162,1.261399,0.38069,0.124027,1.360198,4.08151,0.56729,0.515053,0.211971,2.498224,8.348788,0.313843,0.578841,0.468011,2.072498,3.024983,0.6739,0.283444,0.137805,7.116227,7.612223,0.732306,0.556632,0.671169,concentrate
13.215068,9.664278,0.770299,1.055392,0.952906,7.795031,11.153619,1.253787,0.462292,0.144016,5.603987,5.644229,0.791999,0.624792,0.149736,6.370636,7.776683,1.095766,0.375149,0.129725,2.013418,4.984878,0.465027,0.508661,0.222812,3.881811,10.943358,0.417031,0.619708,0.615899,2.742668,3.806481,0.647302,0.265987,0.151367,12.439553,11.051267,0.716099,0.513057,0.697415,concentrate
18.548424,13.018298,0.79076,1.110005,0.933895,8.125438,11.533906,1.008258,0.442574,0.162145,6.656293,6.297738,0.71981,0.613016,0.167217,6.835644,7.881006,0.894127,0.339664,0.144581,2.770598,6.024961,0.421016,0.480512,0.240211,5.798705,14.273905,0.580088,0.699603,0.78015,3.308428,4.743447,0.601008,0.240974,0.16605,18.774168,14.979358,0.69909,0.445299,0.716004,concentrate
23.422344,16.435087,0.904485,1.102751,0.871641,8.257014,11.212988,0.772454,0.397853,0.186489,7.323244,6.973316,0.663836,0.569521,0.187283,7.111887,7.675463,0.68701,0.284428,0.16754,3.355545,6.836883,0.45192,0.443846,0.258181,7.580396,17.270983,0.762052,0.769901,0.913672,3.581018,5.586188,0.561973,0.215576,0.179483,24.270563,18.202187,0.71612,0.378496,0.717947,concentrate
26.612867,19.056744,1.03687,1.024475,0.788918,7.887298,10.204789,0.592589,0.341881,0.211033,7.398171,7.496577,0.621271,0.503459,0.202997,6.934194,7.167671,0.514283,0.228749,0.192762,3.617055,7.118101,0.540706,0.416324,0.267279,8.594782,18.88175,0.920624,0.797724,0.972012,3.497731,6.081546,0.552173,0.200103,0.18842,27.050537,19.662361,0.795155,0.341897,0.70562,concentrate
27.819939,20.222725,1.118301,0.88996,0.707108,6.955812,8.79607,0.524088,0.288744,0.228254,6.864019,7.689701,0.591586,0.426467,0.208676,6.232697,6.473551,0.413788,0.1894,0.211821,3.558338,6.810803,0.659232,0.41,0.26041,8.491256,18.588863,1.023428,0.777728,0.934464,3.128488,6.120058,0.58489,0.204726,0.190815,26.139019,18.936001,0.938276,0.357629,0.691989,concentrate
26.707813,19.684479,1.1066,0.733176,0.639465,5.599974,7.341288,0.59725,0.246221,0.233375,5.878431,7.441904,0.581223,0.348911,0.202153,5.124716,5.718451,0.409191,0.172992,0.217404,3.283665,6.073446,0.769431,0.422519,0.237717,7.362463,16.554983,1.056743,0.727188,0.813005,2.600842,5.745993,0.652637,0.234061,0.187793,21.847321,16.331736,1.115854,0.434497,0.695142,concentrate
23.87948,17.673618,1.009047,0.593054,0.591434,4.134798,6.082268,0.773457,0.218549,0.227339,4.688099,6.746073,0.598795,0.280309,0.185632,3.847984,4.972604,0.485213,0.176394,0.207376,2.961321,5.21602,0.842299,0.441979,0.206649,5.65997,13.489089,1.043838,0.674015,0.647432,2.053345,5.134705,0.730188,0.283727,0.183569,15.725486,12.780052,1.279251,0.56143,0.726501,concentrate
20.128422,14.760041,0.871348,0.497576,0.564425,2.853915,5.074588,0.969911,0.208326,0.215527,3.569575,5.711729,0.643691,0.227377,0.164578,2.679245,4.251422,0.598418,0.191867,0.185804,2.751226,4.527053,0.879771,0.451326,0.178365,4.029719,10.321692,1.025942,0.633836,0.48888,1.618363,4.501222,0.800177,0.34191,0.183317,9.805995,9.361498,1.382938,0.71241,0.783359,concentrate
15.984392,11.552692,0.753978,0.456239,0.557233,2.030289,4.208095,1.097233,0.214968,0.20386,2.760492,4.486854,0.700724,0.19217,0.14492,1.863424,3.509676,0.690575,0.211532,0.16023,2.737329,4.095216,0.904004,0.43939,0.161994,2.94828,7.764911,1.03909,0.606538,0.376882,1.373274,3.95674,0.858051,0.394086,0.189586,5.644341,6.781206,1.40508,0.848838,0.847978,concentrate
12.395658,8.494369,0.704299,0.468169,0.565085,1.785971,3.350624,1.114728,0.23243,0.194757,2.392567,3.215703,0.755551,0.172244,0.129587,1.552093,2.709153,0.728796,0.227883,0.137157,2.887439,3.82522,0.945324,0.406567,0.159356,2.563969,6.08528,1.097155,0.580857,0.322474,1.334414,3.503284,0.911989,0.428786,0.200747,3.777989,5.205026,1.364449,0.936421,0.898905,concentrate
9.603815,5.885548,0.726214,0.529567,0.575577,2.033112,2.519607,1.032715,0.250643,0.186709,2.433021,2.070006,0.795276,0.162076,0.117887,1.68185,1.921982,0.71065,0.234581,0.119678,3.07993,3.542728,1.012369,0.363754,0.165507,2.680489,5.130086,1.172669,0.54957,0.308904,1.449902,3.074221,0.962274,0.439843,0.212014,3.690217,4.351646,1.287912,0.970081,0.92318,concentrate
8.107796,3.890042,0.789901,0.637736,0.577321,2.527265,1.861791,0.904236,0.260913,0.176757,2.701851,1.213194,0.813584,0.156507,0.107369,2.060298,1.29767,0.657254,0.228836,0.107282,3.184959,3.121216,1.078314,0.325637,0.174192,2.93172,4.538796,1.211781,0.515486,0.308678,1.654453,2.611076,0.997472,0.427738,0.219403,4.318708,3.799336,1.200906,0.972297,0.920784,concentrate
7.740466,2.554406,0.849777,0.782965,0.571589,2.987534,1.507431,0.781266,0.263805,0.163306,2.972825,0.729984,0.810946,0.154025,0.096385,2.443226,0.966891,0.594784,0.21509,0.09767,3.124086,2.57369,1.104544,0.299905,0.181965,3.034957,4.023844,1.174839,0.484847,0.301669,1.902064,2.139976,1.008893,0.396819,0.22248,4.857442,3.280547,1.12509,0.973197,0.896971,concentrate
7.907417,1.79494,0.866343,0.940701,0.56956,3.192174,1.467464,0.694046,0.267018,0.147382,3.046245,0.592821,0.788201,0.155686,0.085334,2.628353,0.958119,0.545578,0.201501,0.089397,2.88131,2.002074,1.065706,0.284037,0.188253,2.863939,3.454081,1.047534,0.461175,0.281486,2.144131,1.729926,0.989441,0.351259,0.223018,5.069461,2.727129,1.053935,0.995301,0.858385,concentrate
8.229262,1.423037,0.831031,1.076996,0.57846,3.089666,1.613694,0.644023,0.278162,0.132733,2.849487,0.661884,0.74584,0.160966,0.076299,2.562837,1.167876,0.518331,0.195546,0.083729,2.487061,1.511103,0.969944,0.27282,0.193426,2.420587,2.798948,0.859233,0.44046,0.252392,2.312662,1.437211,0.942479,0.296799,0.223252,4.873375,2.152901,0.974641,1.040182,0.809973,concentrate
7.870828,1.186322,0.761018,1.161016,0.597048,2.772377,1.777541,0.609088,0.29967,0.123319,2.47134,0.782858,0.682194,0.167307,0.071953,2.334211,1.442665,0.507134,0.201158,0.083202,2.042649,1.146603,0.846012,0.26643,0.197828,1.839385,2.092294,0.652304,0.416625,0.223746,2.354034,1.259561,0.874762,0.24513,0.22395,4.291368,1.578759,0.867804,1.090259,0.75445,concentrate
7.031388,0.978224,0.7011,1.177161,0.618394,2.417885,1.858377,0.567044,0.325053,0.120104,2.077193,0.874615,0.604801,0.172626,0.074685,2.0852,1.663605,0.501216,0.215541,0.089023,1.659719,0.89575,0.730073,0.269835,0.202896,1.282617,1.415556,0.47423,0.388907,0.205999,2.273486,1.158937,0.799308,0.211289,0.225353,3.446474,1.056947,0.737669,1.122711,0.693644,concentrate
5.742728,0.804085,0.68023,1.125065,0.635656,2.200691,1.807362,0.509803,0.342604,0.121835,1.817046,0.899017,0.524048,0.175746,0.085626,1.947211,1.745416,0.492234,0.230443,0.100549,1.4222,0.713102,0.63744,0.28584,0.210631,0.872025,0.854599,0.347452,0.362591,0.205478,2.149763,1.080965,0.719544,0.205012,0.227687,2.547489,0.636136,0.593673,1.121601,0.632021,concentrate
4.772616,0.68393,0.712812,1.024928,0.647153,2.212569,1.631358,0.450678,0.340847,0.127051,1.743654,0.86076,0.452506,0.175716,0.103919,1.971795,1.660621,0.478782,0.235934,0.115955,1.363892,0.566981,0.565545,0.312127,0.222998,0.657716,0.472613,0.272919,0.345259,0.223367,2.099465,0.990376,0.634753,0.227442,0.232334,1.831167,0.36115,0.455476,1.088005,0.578108,concentrate
4.128673,0.620618,0.774089,0.909745,0.654117,2.431827,1.378822,0.40557,0.315543,0.134619,1.801678,0.786381,0.399842,0.171955,0.126311,2.126084,1.439005,0.462878,0.226028,0.132651,1.449423,0.445753,0.512442,0.340853,0.241119,0.625401,0.273948,0.237378,0.339299,0.256828,2.198398,0.870518,0.554981,0.267723,0.241828,1.469095,0.226198,0.346221,1.04408,0.54188,concentrate
3.610989,0.591523,0.820267,0.810758,0.662835,2.687705,1.105937,0.375517,0.273724,0.143691,1.856839,0.70144,0.363273,0.164784,0.149199,2.275995,1.144184,0.442732,0.202617,0.14833,1.590663,0.337642,0.473372,0.362829,0.265291,0.705425,0.203386,0.215091,0.340789,0.300198,2.42791,0.71246,0.492826,0.30883,0.259421,1.490532,0.183777,0.275782,1.02125,0.535986,concentrate
3.391337,0.582405,0.804908,0.748462,0.680715,2.814562,0.861587,0.354275,0.232932,0.154915,1.808416,0.623356,0.336212,0.156697,0.170667,2.285483,0.851612,0.416411,0.175656,0.162507,1.694932,0.237132,0.444948,0.375452,0.294853,0.832996,0.195413,0.193649,0.346573,0.346727,2.663531,0.525253,0.457076,0.338801,0.286572,1.881266,0.206205,0.239615,1.04274,0.569304,concentrate
3.56349,0.617811,0.714792,0.723427,0.709521,2.707393,0.66687,0.342736,0.213911,0.172001,1.668437,0.553016,0.319706,0.154131,0.191197,2.120294,0.614761,0.387707,0.159624,0.177166,1.725615,0.166568,0.43452,0.38917,0.327102,0.98929,0.214397,0.186253,0.360137,0.388333,2.788189,0.350237,0.45881,0.35816,0.320017,2.807849,0.302341,0.231354,1.129002,0.640104,concentrate
4.627061,0.73711,0.579297,0.720085,0.746601,2.421162,0.537384,0.347287,0.232192,0.203282,1.539548,0.494979,0.318695,0.163929,0.212678,1.827376,0.462782,0.364386,0.166548,0.197196,1.690249,0.175885,0.450531,0.418019,0.35714,1.209267,0.256981,0.211784,0.390381,0.416393,2.717316,0.244348,0.50073,0.376891,0.351515,4.626892,0.502972,0.262479,1.29288,0.736152,concentrate
7.317952,0.943423,0.446198,0.716073,0.786666,2.053208,0.474768,0.375408,0.292383,0.25764,1.516154,0.457859,0.335304,0.187893,0.235511,1.524996,0.390614,0.353305,0.20235,0.227896,1.579265,0.308338,0.492503,0.464839,0.378085,1.489158,0.342761,0.276274,0.442616,0.423946,2.439419,0.243233,0.567785,0.402537,0.370615,7.435175,0.834796,0.348749,1.518679,0.83741,concentrate
10.44166,1.224148,0.359869,0.700058,0.825562,1.715175,0.451976,0.422193,0.38691,0.337187,1.625156,0.445199,0.360599,0.221915,0.257901,1.288125,0.36624,0.353193,0.264925,0.270587,1.418674,0.57121,0.538446,0.516074,0.38418,1.796253,0.503565,0.362083,0.51037,0.41006,2.018459,0.346664,0.628643,0.432721,0.369913,10.828785,1.273997,0.484277,1.76042,0.920472,concentrate
13.97582,1.540234,0.327287,0.681046,0.85952,1.476272,0.447513,0.472049,0.495792,0.430927,1.81637,0.463979,0.376567,0.256325,0.275353,1.16861,0.365627,0.355691,0.34358,0.319096,1.260231,0.92719,0.563247,0.550084,0.373523,2.071324,0.759007,0.436936,0.576801,0.380954,1.586072,0.5239,0.651428,0.456393,0.348466,13.960048,1.746228,0.636033,1.955416,0.964829,concentrate
15.849413,1.854295,0.337502,0.678782,0.882686,1.330824,0.45552,0.507826,0.588417,0.515112,1.985429,0.515344,0.370848,0.278751,0.28205,1.136246,0.382915,0.352689,0.418258,0.361122,1.17815,1.293727,0.554517,0.549588,0.349364,2.277788,1.083892,0.473122,0.624152,0.347416,1.273784,0.718955,0.616734,0.461023,0.312718,15.851404,2.153131,0.764471,2.049068,0.960728,concentrate
15.86112,2.120338,0.370832,0.710599,0.886055,1.230257,0.463535,0.524247,0.637768,0.563066,2.021264,0.588605,0.347668,0.282258,0.274132,1.130888,0.407,0.343968,0.468108,0.383751,1.216733,1.564747,0.520744,0.517563,0.31867,2.398928,1.408758,0.464138,0.646261,0.319247,1.150441,0.863775,0.530724,0.44583,0.273847,15.792701,2.388984,0.843562,2.026495,0.915323,concentrate
13.652555,2.279273,0.416053,0.772665,0.861791,1.127556,0.465174,0.52071,0.628864,0.557693,1.894676,0.664938,0.316782,0.267388,0.252931,1.109635,0.427803,0.331007,0.478359,0.379552,1.391177,1.663737,0.482637,0.473383,0.288197,2.438066,1.65,0.419634,0.647117,0.300824,1.212531,0.91472,0.417341,0.421345,0.242081,13.746751,2.395817,0.858442,1.916502,0.847598,concentrate
10.292858,2.323749,0.466345,0.843457,0.809599,1.025916,0.488395,0.504982,0.566064,0.499323,1.653706,0.746519,0.291258,0.243288,0.224981,1.069828,0.466469,0.320612,0.447448,0.349857,1.720985,1.617536,0.452835,0.435367,0.261478,2.41052,1.75703,0.359916,0.637701,0.290591,1.424345,0.890285,0.30402,0.398356,0.221809,10.380498,2.229397,0.808724,1.764082,0.77806,concentrate
7.169129,2.309395,0.518918,0.892652,0.739913,0.968573,0.579686,0.481857,0.472368,0.405842,1.383862,0.854445,0.275373,0.224082,0.199133,1.037577,0.564821,0.313377,0.388014,0.30393,2.137148,1.543402,0.430898,0.414225,0.239152,2.309716,1.733562,0.30367,0.628926,0.283453,1.696468,0.859469,0.210189,0.381579,0.211006,6.805178,2.012722,0.713947,1.610507,0.725523,concentrate
5.168293,2.304946,0.561223,0.896881,0.669899,0.979031,0.772695,0.44938,0.376804,0.304971,1.171483,1.007497,0.265747,0.220772,0.181954,1.035822,0.758474,0.304089,0.321738,0.255001,2.545426,1.559989,0.426126,0.409199,0.220962,2.143664,1.622071,0.268003,0.624549,0.274342,1.943049,0.884743,0.160747,0.368024,0.205519,4.034932,1.868251,0.616663,1.482092,0.707246,concentrate
4.745104,2.355645,0.581397,0.859228,0.618126,1.050468,1.075373,0.419714,0.306132,0.224919,1.044401,1.205506,0.262448,0.235235,0.175973,1.059831,1.058575,0.300588,0.270619,0.216353,2.81702,1.726122,0.492243,0.411699,0.209623,1.900614,1.478627,0.274627,0.618992,0.261542,2.070418,0.995415,0.211159,0.35375,0.205746,2.514183,1.861458,0.581518,1.394132,0.732748,concentrate
5.140468,2.459186,0.590419,0.81817,0.612649,1.114227,1.448188,0.422095,0.281489,0.185852,0.972531,1.417184,0.275625,0.263192,0.18331,1.06161,1.423537,0.323552,0.247826,0.198791,2.872812,2.003864,0.708501,0.412498,0.213229,1.586188,1.352304,0.34665,0.610869,0.251819,2.057282,1.168267,0.421884,0.337053,0.219188,2.020624,1.96551,0.668016,1.346606,0.798798,concentrate
5.705053,2.583857,0.637805,0.839809,0.695995,1.122711,1.822013,0.48428,0.311253,0.196495,0.938127,1.605585,0.330222,0.302046,0.211611,1.007837,1.779129,0.395553,0.257005,0.209793,2.741669,2.266461,1.121126,0.405596,0.241753,1.276448,1.271998,0.500324,0.60187,0.256755,1.950647,1.325778,0.811786,0.320596,0.254715,1.958481,2.105002,0.886724,1.324159,0.891518,concentrate
5.759298,2.681563,0.778004,0.975508,0.895387,1.085638,2.117505,0.606924,0.391254,0.251663,0.952638,1.735739,0.447348,0.351817,0.268135,0.912753,2.039714,0.521328,0.291835,0.249394,2.541317,2.374561,1.697904,0.394995,0.299625,1.073672,1.239388,0.737298,0.596375,0.285148,1.848042,1.390039,1.328935,0.311365,0.314714,1.893018,2.195593,1.194824,1.30788,0.990078,concentrate
5.436767,2.683505,1.019595,1.223705,1.192657,1.035087,2.266689,0.759604,0.504897,0.334271,1.034096,1.778074,0.621149,0.411117,0.349982,0.81297,2.13364,0.678325,0.340175,0.308536,2.375869,2.242889,2.324572,0.394998,0.378931,1.056142,1.238663,1.025697,0.596789,0.335567,1.8293,1.321912,1.8536,0.320193,0.389452,1.766045,2.178737,1.515144,1.294093,1.072698,concentrate
4.939564,2.551255,1.300878,1.528833,1.518556,1.01171,2.250741,0.89049,0.624029,0.419408,1.160009,1.721079,0.806747,0.471764,0.439612,0.742202,2.04415,0.81951,0.388539,0.37032,2.321877,1.926118,2.834136,0.418986,0.459049,1.201499,1.25734,1.29505,0.599435,0.394576,1.915393,1.165213,2.236976,0.351466,0.458785,1.648778,2.049023,1.750116,1.274883,1.12339,concentrate
4.266713,2.302401,1.528452,1.8126,1.773666,1.021355,2.10517,0.946576,0.716852,0.48156,1.283138,1.584508,0.940623,0.521106,0.509874,0.718809,1.825106,0.891756,0.427272,0.414898,2.400042,1.582802,3.066374,0.470317,0.514984,1.411447,1.290022,1.463248,0.595157,0.442469,2.070555,1.014814,2.35827,0.399261,0.501724,1.551246,1.852345,1.816111,1.231831,1.132992,concentrate
3.658469,2.006505,1.632195,2.001202,1.870522,1.045809,1.942665,0.914321,0.759616,0.501679,1.363264,1.443613,0.974145,0.54512,0.535322,0.736879,1.618196,0.872699,0.449359,0.425824,2.497152,1.360721,2.937543,0.541471,0.528448,1.569733,1.321561,1.474589,0.574037,0.461697,2.180754,0.949786,2.176891,0.449972,0.505586,1.435026,1.643907,1.681026,1.151458,1.100814,concentrate
3.295951,1.744594,1.587223,2.051832,1.773325,1.119053,1.936582,0.809958,0.742984,0.473995,1.412043,1.402596,0.890735,0.534006,0.503907,0.83146,1.609174,0.768948,0.449547,0.397049,2.553802,1.328626,2.486716,0.62084,0.496171,1.618183,1.321474,1.323759,0.534186,0.444959,2.199392,0.992208,1.756372,0.49036,0.471228,1.340741,1.46253,1.383024,1.0403,1.036708,concentrate
3.046566,1.581644,1.439195,1.964109,1.515446,1.299767,2.222879,0.676261,0.674268,0.407866,1.46765,1.550053,0.723715,0.48777,0.423311,1.028226,1.930942,0.619395,0.427312,0.335996,2.530525,1.451349,1.855526,0.69746,0.43084,1.59869,1.264285,1.060351,0.48493,0.398198,2.09462,1.095996,1.234536,0.513102,0.412289,1.284826,1.308784,1.014762,0.92706,0.964195,concentrate
3.127791,1.493066,1.264152,1.774841,1.181599,1.648901,2.844975,0.568372,0.573813,0.322937,1.575233,1.902122,0.538353,0.417856,0.318051,1.340317,2.598566,0.480713,0.388051,0.260331,2.451892,1.657012,1.226844,0.75716,0.352528,1.625729,1.150725,0.764336,0.439414,0.337153,1.912729,1.214294,0.760495,0.515508,0.346516,1.327839,1.152801,0.680029,0.834881,0.907806,concentrate
3.352984,1.449195,1.123771,1.556121,0.865473,2.196748,3.72489,0.518285,0.473985,0.240382,1.762466,2.402192,0.389837,0.347952,0.218705,1.755616,3.502204,0.387014,0.345457,0.19026,2.419126,1.900162,0.751947,0.787702,0.279538,1.812391,1.01736,0.517635,0.413306,0.279643,1.776448,1.340026,0.44569,0.50035,0.287154,1.630339,0.996939,0.446172,0.775086,0.883869,concentrate
3.786609,1.456908,1.045889,1.387695,0.629203,2.974694,4.747807,0.527013,0.405002,0.175173,2.026604,2.980278,0.31291,0.305862,0.148683,2.279141,4.507233,0.346988,0.315053,0.139707,2.508986,2.172502,0.495831,0.783699,0.22319,2.229598,0.909975,0.375653,0.418576,0.239302,1.760225,1.49218,0.328014,0.475643,0.239591,2.428795,0.87668,0.3289,0.755088,0.893992,concentrate
4.48136,1.516712,1.0195,1.31626,0.486837,3.940071,5.829703,0.577314,0.381424,0.132031,2.33969,3.5668,0.313861,0.308179,0.115372,2.888057,5.518893,0.354287,0.306648,0.111744,2.728869,2.430248,0.451474,0.750865,0.185989,2.895353,0.83571,0.356965,0.458756,0.220898,1.877172,1.661313,0.374707,0.451916,0.20269,3.932978,0.798991,0.305832,0.784645,0.924986,concentrate
5.677319,1.612699,0.999482,1.338169,0.414928,4.940732,6.878151,0.634524,0.396141,0.107575,2.59752,4.094873,0.363302,0.350834,0.109932,3.498934,6.45563,0.382764,0.318487,0.100214,3.068826,2.696056,0.557099,0.706333,0.163878,3.712352,0.807063,0.437941,0.526548,0.220294,2.11821,1.869921,0.511875,0.437637,0.172364,6.12641,0.779567,0.342477,0.874648,0.95407,concentrate
7.218658,1.731903,0.966504,1.410035,0.380098,5.742968,7.767876,0.672831,0.426854,0.096063,2.701056,4.500247,0.425829,0.41186,0.116646,3.976799,7.218675,0.410802,0.339139,0.095902,3.567282,3.033401,0.744058,0.667322,0.152522,4.551214,0.844136,0.578406,0.608359,0.229852,2.504679,2.149629,0.667586,0.436755,0.147197,8.698408,0.842922,0.417436,1.017609,0.955469,concentrate
8.930935,1.874962,0.940329,1.470145,0.364351,6.154069,8.360919,0.686818,0.452402,0.092758,2.626795,4.733407,0.485352,0.462407,0.124209,4.224124,7.709066,0.437315,0.355508,0.092592,4.205266,3.460243,0.955547,0.644079,0.151884,5.280913,0.960628,0.744678,0.688064,0.244478,3.011708,2.483725,0.791103,0.448507,0.129791,11.093611,1.003019,0.521486,1.177811,0.913469,concentrate
10.661897,2.049398,0.948335,1.461672,0.362894,6.095866,8.534502,0.682993,0.461797,0.094441,2.447284,4.775105,0.538944,0.48048,0.128645,4.221882,7.854832,0.466223,0.360176,0.089186,4.867797,3.895872,1.138169,0.63693,0.164199,5.733974,1.14459,0.914562,0.749041,0.260352,3.552221,2.801649,0.849944,0.466553,0.123327,12.602287,1.246138,0.647651,1.304897,0.832934,concentrate
11.8408,2.239602,1.002471,1.35881,0.369322,5.630251,8.22609,0.690145,0.454328,0.097988,2.27671,4.634919,0.587539,0.459919,0.128519,4.03651,7.6316,0.508602,0.353094,0.086688,5.349057,4.190005,1.251256,0.636912,0.189892,5.811118,1.334337,1.064699,0.776053,0.273214,3.958864,3.005515,0.837568,0.480709,0.128365,12.730076,1.504787,0.777957,1.359197,0.73849,concentrate
12.215803,2.387757,1.10064,1.177468,0.376973,4.92409,7.480369,0.749303,0.438291,0.101436,2.198786,4.344486,0.634933,0.411505,0.124429,3.753725,7.08066,0.58221,0.339632,0.086973,5.465345,4.194337,1.273798,0.632231,0.225151,5.561104,1.447581,1.16736,0.763692,0.280806,4.07141,2.994085,0.770412,0.480966,0.142275,11.533457,1.671335,0.887045,1.326845,0.659621,concentrate
11.877074,2.43262,1.214802,0.966314,0.384165,4.260605,6.430742,0.880077,0.423933,0.104523,2.234344,3.942075,0.680011,0.355694,0.118987,3.491781,6.300159,0.689173,0.326636,0.091551,5.168013,3.861617,1.202487,0.612381,0.263625,5.156023,1.440299,1.199373,0.719189,0.2838,3.854541,2.739927,0.674499,0.460917,0.160918,9.582918,1.68363,0.953112,1.221253,0.613258,concentrate
10.937222,2.355917,1.312306,0.779526,0.392982,3.888325,5.285933,1.062292,0.41552,0.107863,2.338922,3.483692,0.71538,0.310728,0.115512,3.344102,5.436045,0.809112,0.318337,0.100444,4.632409,3.248251,1.056149,0.571113,0.297387,4.784376,1.323377,1.151303,0.657468,0.283944,3.453243,2.279031,0.57239,0.42078,0.179152,7.656858,1.543446,0.963357,1.07535,0.594961,concentrate
9.70339,2.187532,1.374159,0.649375,0.406173,3.901711,4.271529,1.247507,0.40865,0.111885,2.44197,3.037547,0.732322,0.284862,0.115958,3.343925,4.640234,0.914253,0.313568,0.111649,4.170464,2.479548,0.872251,0.510946,0.319574,4.571175,1.163787,1.038931,0.595256,0.282467,3.100736,1.690607,0.480531,0.367926,0.192291,6.457071,1.30917,0.927527,0.927609,0.5859,concentrate
8.407041,1.982742,1.384008,0.581336,0.422263,4.229027,3.542377,1.3701,0.393911,0.115725,2.47741,2.655761,0.720347,0.275679,0.119587,3.457493,4.007588,0.969743,0.307341,0.121776,4.036135,1.742237,0.692996,0.438378,0.325896,4.485111,1.082734,0.892795,0.540751,0.278506,2.990233,1.105606,0.408321,0.311883,0.197,6.110421,1.095644,0.881869,0.80606,0.565727,concentrate
7.203213,1.795467,1.331162,0.566122,0.435001,4.61306,3.089698,1.381325,0.364647,0.117555,2.388802,2.326275,0.67432,0.276376,0.123836,3.554944,3.512381,0.954707,0.2952,0.127901,4.345459,1.210332,0.552641,0.361735,0.315606,4.436727,1.18652,0.74448,0.49169,0.270762,3.207386,0.662087,0.357445,0.260532,0.192666,6.307181,1.017542,0.866702,0.719096,0.525171,concentrate
6.678075,1.719762,1.245285,0.594239,0.438207,4.768822,2.818647,1.278129,0.325757,0.116013,2.173021,2.018195,0.605038,0.282289,0.125677,3.49752,3.088116,0.876916,0.277984,0.128768,5.006865,0.958417,0.471482,0.293072,0.291397,4.330976,1.484885,0.622829,0.442612,0.2601,3.690329,0.436535,0.326354,0.218927,0.181365,6.521262,1.118053,0.907182,0.664555,0.470066,concentrate
7.589569,1.880324,1.164679,0.662988,0.430457,4.532388,2.644009,1.094528,0.293139,0.113671,1.868558,1.730547,0.528573,0.297212,0.125255,3.207169,2.705193,0.758291,0.26228,0.126584,5.688209,0.932315,0.456633,0.252765,0.260733,4.10148,1.879697,0.540254,0.398411,0.251126,4.213499,0.40021,0.311984,0.190279,0.168198,6.356981,1.391939,1.006631,0.641607,0.416095,concentrate
10.4477,2.360816,1.112937,0.764531,0.416617,3.89905,2.520189,0.88491,0.278045,0.116057,1.550776,1.502813,0.459475,0.322934,0.12591,2.697445,2.383948,0.62847,0.251734,0.125912,6.006433,1.007234,0.502997,0.257003,0.231606,3.799469,2.223154,0.489992,0.369268,0.249131,4.501056,0.456614,0.304982,0.174986,0.158851,5.719779,1.797235,1.140142,0.64957,0.376845,concentrate
14.700172,3.141235,1.097391,0.879807,0.405694,3.054934,2.432406,0.701822,0.287878,0.128866,1.305261,1.381015,0.411667,0.35545,0.131194,2.10204,2.161093,0.515833,0.249927,0.130832,5.790491,1.067286,0.586439,0.308293,0.209404,3.505646,2.378034,0.463794,0.363604,0.2556,4.409475,0.515301,0.293488,0.170641,0.157042,4.79441,2.256817,1.276097,0.688916,0.355804,concentrate
19.818253,4.035615,1.105295,0.985529,0.405359,2.238781,2.371398,0.582147,0.324462,0.154484,1.189222,1.381542,0.397932,0.3874,0.141913,1.577307,2.05273,0.439941,0.262772,0.143122,5.127459,1.080863,0.670102,0.39055,0.197014,3.281701,2.316573,0.456078,0.383403,0.26675,3.993316,0.559625,0.273631,0.1734,0.16377,3.925769,2.683116,1.386318,0.757035,0.347589,concentrate
23.997198,4.791858,1.129737,1.061509,0.415493,1.659024,2.347504,0.531549,0.384947,0.189679,1.19923,1.504001,0.427691,0.41217,0.155718,1.240568,2.068485,0.408297,0.29758,0.161125,4.24991,1.085869,0.724323,0.477142,0.197629,3.135971,2.141763,0.468674,0.419206,0.274823,3.434284,0.625851,0.257302,0.183634,0.178188,3.386034,3.013409,1.44925,0.841115,0.344004,concentrate
25.249634,5.190729,1.150703,1.093558,0.428124,1.387432,2.38632,0.522717,0.464584,0.227469,1.288908,1.733755,0.488373,0.426518,0.168835,1.101885,2.208475,0.404067,0.358954,0.181068,3.407349,1.142044,0.736789,0.547856,0.213302,3.046108,2.006155,0.502627,0.456488,0.271274,2.917419,0.75738,0.263432,0.207835,0.199122,3.261365,3.204758,1.455099,0.923134,0.338603,concentrate
24.035305,5.163656,1.150384,1.078397,0.433649,1.344436,2.534307,0.520317,0.554729,0.260566,1.386786,2.045261,0.549265,0.431195,0.177751,1.088344,2.476207,0.401972,0.441966,0.198177,2.75815,1.278865,0.705852,0.59816,0.2431,2.997876,2.001426,0.549161,0.481276,0.252915,2.550607,0.970358,0.302757,0.25418,0.224895,3.44082,3.218393,1.408762,0.988464,0.33014,concentrate
19.615065,4.785712,1.123161,1.020206,0.427201,1.421857,2.809783,0.508346,0.640831,0.282937,1.442631,2.393431,0.582966,0.427433,0.18056,1.117437,2.846234,0.38884,0.529936,0.207719,2.391961,1.48309,0.649471,0.636092,0.282343,2.965297,2.111639,0.593162,0.488623,0.224589,2.383647,1.233722,0.370459,0.323872,0.25248,3.689714,3.041594,1.322382,1.030929,0.321174,concentrate
14.682611,4.227899,1.082488,0.930525,0.412942,1.504926,3.145341,0.485138,0.705818,0.291777,1.451019,2.703657,0.575067,0.415368,0.178583,1.127672,3.223938,0.364439,0.602173,0.208462,2.25285,1.703614,0.592358,0.671006,0.323911,2.972033,2.249022,0.622716,0.486679,0.197601,2.339764,1.480232,0.451081,0.408796,0.278355,3.795304,2.720415,1.217109,1.055167,0.317482,concentrate
9.907149,3.73168,1.053995,0.823155,0.399811,1.54616,3.439646,0.461592,0.732552,0.287248,1.424519,2.915109,0.535285,0.394278,0.175432,1.101302,3.493852,0.33995,0.641354,0.203635,2.211228,1.904564,0.567082,0.702583,0.358387,3.002068,2.331131,0.641517,0.490328,0.181869,2.31431,1.654404,0.529793,0.491555,0.298422,3.634662,2.369904,1.122781,1.07638,0.321844,concentrate
6.687251,3.48241,1.077461,0.707186,0.39397,1.517835,3.580991,0.462206,0.711631,0.272338,1.365052,2.978175,0.5047,0.364173,0.174283,1.034302,3.55094,0.34541,0.638339,0.199583,2.138534,2.061344,0.603759,0.720555,0.376787,3.005175,2.316843,0.67938,0.514952,0.180183,2.214306,1.726695,0.595905,0.552981,0.308626,3.211539,2.117355,1.077765,1.111817,0.3345,concentrate
4.927599,3.505776,1.172724,0.594537,0.397076,1.404042,3.495527,0.511617,0.646848,0.250964,1.26278,2.878234,0.527252,0.329115,0.176108,0.931582,3.351787,0.411132,0.596983,0.202233,1.967631,2.178689,0.701326,0.714242,0.373933,2.9201,2.230467,0.745509,0.567249,0.189147,2.005517,1.718555,0.639299,0.583175,0.305893,2.61773,2.066773,1.093897,1.173781,0.35401,concentrate
4.240412,3.667114,1.33361,0.501544,0.407285,1.227419,3.18181,0.613936,0.553427,0.227299,1.12766,2.640238,0.619445,0.295742,0.179215,0.810398,2.935179,0.541866,0.530968,0.213742,1.704622,2.270094,0.832728,0.682974,0.34987,2.730086,2.130507,0.834174,0.63972,0.202078,1.711918,1.673012,0.657,0.588384,0.289154,1.988999,2.239491,1.161879,1.258397,0.381358,concentrate
3.906889,3.734925,1.53409,0.447006,0.421143,1.066522,2.710788,0.758648,0.452854,0.205314,1.004981,2.313117,0.771869,0.272016,0.181013,0.715033,2.404386,0.721918,0.457828,0.230837,1.439133,2.328312,0.971469,0.637011,0.310175,2.528189,2.057884,0.919672,0.717196,0.214219,1.418602,1.622569,0.665515,0.582951,0.26133,1.541592,2.557412,1.260381,1.346218,0.422545,concentrate
3.662307,3.603917,1.737577,0.43907,0.43677,1.018497,2.189621,0.915598,0.36557,0.189149,0.951483,1.95189,0.951965,0.267077,0.179837,0.695186,1.882706,0.914795,0.393275,0.246683,1.305366,2.311151,1.096981,0.592706,0.264439,2.451703,1.994061,0.977698,0.78875,0.225254,1.248933,1.567073,0.687428,0.578746,0.229249,1.541321,2.842382,1.366358,1.409417,0.479737,concentrate
3.55233,3.21205,1.891981,0.46913,0.45482,1.193396,1.740619,1.050861,0.30471,0.182342,1.038156,1.625356,1.119963,0.290878,0.175919,0.819225,1.480111,1.077763,0.348031,0.254439,1.456373,2.192093,1.226488,0.566323,0.223214,2.609303,1.906677,1.027995,0.850517,0.237242,1.350155,1.4986,0.754671,0.580185,0.200979,2.253878,2.95263,1.509484,1.442629,0.545868,concentrate
3.510444,2.639081,1.972026,0.521827,0.476572,1.634486,1.431174,1.138526,0.273869,0.184449,1.299866,1.391243,1.245264,0.348459,0.169703,1.136378,1.240291,1.179355,0.327223,0.24912,1.98753,1.999195,1.408309,0.567993,0.193433,2.989014,1.788881,1.117379,0.899124,0.250665,1.812272,1.409563,0.89288,0.584316,0.181339,3.716544,2.846855,1.74873,1.476781,0.607331,concentrate
3.500132,2.062795,1.976825,0.580845,0.502648,2.297476,1.29134,1.167368,0.269427,0.190618,1.715151,1.290699,1.314002,0.435818,0.161455,1.642944,1.156652,1.208542,0.33209,0.229554,2.832292,1.815352,1.664022,0.593002,0.177883,3.435671,1.680268,1.275492,0.927156,0.263857,2.569672,1.319067,1.093655,0.583808,0.170356,5.647416,2.585467,2.11029,1.550536,0.649187,concentrate
3.482361,1.6279,1.935881,0.632669,0.531384,3.065148,1.293724,1.141447,0.280597,0.194448,2.203422,1.307429,1.328205,0.532386,0.151379,2.264914,1.17578,1.16992,0.354987,0.19963,3.777352,1.73141,1.954803,0.624184,0.175548,3.738054,1.643361,1.480371,0.921156,0.273372,3.432907,1.258785,1.30902,0.572205,0.164268,7.552262,2.290987,2.549614,1.676289,0.661162,concentrate
3.432443,1.442704,1.921246,0.669974,0.559143,3.731743,1.426863,1.093857,0.292544,0.192066,2.617079,1.416317,1.312808,0.60789,0.14008,2.843268,1.269236,1.091676,0.380711,0.167012,4.557773,1.805089,2.203747,0.645542,0.182943,3.732112,1.715214,1.679017,0.871402,0.275733,4.15196,1.266966,1.47886,0.550426,0.15915,8.875994,2.080487,2.946791,1.835876,0.641269,concentrate
3.533143,1.713465,2.008079,0.691989,0.582818,4.128815,1.795026,1.063613,0.293155,0.184248,2.866661,1.668721,1.293558,0.633781,0.128581,3.239229,1.519497,1.005695,0.391088,0.139503,5.042867,2.03335,2.347889,0.647044,0.195328,3.415393,1.884435,1.829873,0.78182,0.269101,4.599498,1.373461,1.566575,0.521388,0.154591,9.342945,2.022794,3.184786,1.979138,0.599238,concentrate
4.635326,2.603653,2.232167,0.711402,0.600143,4.235346,2.57119,1.085875,0.282625,0.175126,2.933768,2.141165,1.299756,0.606164,0.118706,3.406257,2.079902,0.949368,0.379442,0.121827,5.225503,2.377174,2.363101,0.62696,0.208616,2.971902,2.149037,1.903295,0.674991,0.255074,4.731212,1.58905,1.578598,0.489176,0.152933,8.897956,2.133223,3.209028,2.049197,0.551586,concentrate
7.101668,4.085386,2.557444,0.760587,0.608925,4.112214,3.884122,1.172368,0.278802,0.170573,2.850996,2.856117,1.338543,0.55394,0.113916,3.373038,3.069113,0.941636,0.363712,0.115501,5.20879,2.880878,2.288316,0.59504,0.221993,2.668877,2.59831,1.905047,0.5929,0.238572,4.629938,1.944417,1.558791,0.459905,0.157644,7.882157,2.434464,3.039678,2.018732,0.515071,concentrate
11.259524,5.849578,2.885397,0.873545,0.607161,4.000049,5.675443,1.306957,0.302121,0.175246,2.713491,3.725576,1.39291,0.519523,0.11808,3.282067,4.450775,0.978271,0.37146,0.119698,5.140173,3.640759,2.201612,0.56277,0.236871,2.747194,3.344532,1.875389,0.575215,0.225409,4.430361,2.47962,1.55424,0.435156,0.170961,6.834366,2.947103,2.763994,1.903506,0.501194,concentrate
16.64856,7.401811,3.096589,1.06313,0.592274,3.963773,7.649415,1.457339,0.359467,0.189441,2.569108,4.557299,1.4333,0.535054,0.132336,3.227429,5.989131,1.039584,0.419425,0.131752,5.112233,4.708703,2.15802,0.540114,0.253348,3.253485,4.393324,1.846117,0.636591,0.220065,4.228697,3.200284,1.581524,0.413635,0.190849,6.223198,3.624757,2.472097,1.757228,0.51294,concentrate
21.990789,8.284842,3.090227,1.306706,0.56495,4.098408,9.330447,1.570334,0.437961,0.208879,2.465942,5.110012,1.430006,0.599586,0.154047,3.250157,7.29967,1.090937,0.499462,0.148296,5.093013,5.964474,2.145498,0.536772,0.26868,3.959298,5.595769,1.817571,0.756579,0.222251,4.055111,4.010291,1.607311,0.398261,0.210777,6.145208,4.363572,2.200316,1.645325,0.555324,concentrate
25.935091,8.209351,2.840564,1.55335,0.529574,4.311135,10.248571,1.612329,0.516822,0.226144,2.464141,5.189432,1.379791,0.681574,0.17692,3.379607,8.000658,1.112052,0.585278,0.16503,5.063467,7.111234,2.106137,0.5619,0.278124,4.608741,6.674871,1.771605,0.889314,0.228367,3.907666,4.719231,1.57702,0.401565,0.223416,6.494361,5.015155,1.943336,1.609794,0.640528,concentrate
27.442234,7.201469,2.41474,1.740018,0.493876,4.495935,10.174343,1.584649,0.577115,0.234615,2.577873,4.748676,1.300159,0.735463,0.193142,3.526275,7.902615,1.105436,0.64408,0.178046,4.975486,7.796869,1.968751,0.611952,0.276922,4.981993,7.318733,1.677525,0.98654,0.23502,3.723802,5.119312,1.4454,0.432771,0.224686,6.955729,5.405719,1.674835,1.639482,0.776188,concentrate
26.111853,5.637544,1.943952,1.814179,0.46502,4.53253,9.212416,1.512447,0.608235,0.23198,2.774748,3.932756,1.218312,0.726039,0.196731,3.660787,7.095166,1.086711,0.650617,0.18524,4.830805,7.80368,1.704256,0.673696,0.262647,5.008638,7.321336,1.522417,1.020314,0.241273,3.48442,5.078972,1.21139,0.488926,0.214646,7.27434,5.459429,1.391795,1.676536,0.952847,concentrate
22.014574,4.043264,1.561855,1.75309,0.447807,4.403567,7.72027,1.419443,0.611095,0.22149,3.016917,3.011972,1.15764,0.649502,0.186498,3.721607,5.890947,1.071455,0.6013,0.187205,4.650553,7.145468,1.358455,0.728231,0.237699,4.786221,6.68008,1.330147,0.990342,0.248465,3.221412,4.597478,0.929538,0.552342,0.19744,7.402745,5.229259,1.124391,1.65499,1.139278,concentrate
16.658762,2.823278,1.347779,1.573242,0.443391,4.194603,6.153368,1.323258,0.594637,0.209005,3.296943,2.259394,1.121011,0.532044,0.166073,3.75962,4.688728,1.068951,0.514544,0.185873,4.424924,6.035421,1.026057,0.756496,0.209324,4.46554,5.571609,1.138009,0.914145,0.257862,2.965111,3.804054,0.68044,0.598249,0.179353,7.441751,4.782818,0.915089,1.539014,1.289272,concentrate
12.596906,2.14742,1.279117,1.322958,0.448446,3.973917,4.88455,1.227667,0.569619,0.199251,3.632887,1.834691,1.086844,0.410501,0.142051,3.792535,3.802596,1.072403,0.419226,0.182862,4.108114,4.833813,0.792798,0.743479,0.187193,4.220122,4.282075,0.977131,0.813871,0.270214,2.724727,2.952335,0.526987,0.604401,0.166456,7.66957,4.217121,0.780324,1.332935,1.363022,concentrate
10.221477,1.945214,1.269269,1.073809,0.459239,3.766766,4.087199,1.12465,0.54898,0.194711,4.022689,1.737555,1.026584,0.315634,0.120933,3.804339,3.356296,1.060843,0.344257,0.17893,3.616296,3.880504,0.698351,0.684853,0.178836,4.154476,3.092308,0.862468,0.708204,0.285273,2.47809,2.300606,0.487396,0.563439,0.163039,8.481403,3.660067,0.711249,1.096257,1.344793,concentrate
10.579666,1.94968,1.231098,0.894899,0.472095,3.548107,3.789788,1.009924,0.541162,0.194818,4.422516,1.872633,0.927755,0.261881,0.106166,3.762874,3.337241,1.016579,0.305372,0.173417,2.95215,3.353117,0.722759,0.590132,0.184985,4.262249,2.175004,0.791246,0.608898,0.301745,2.227051,1.997735,0.536592,0.486289,0.16905,10.174226,3.189379,0.680874,0.902327,1.246986,concentrate
12.826849,1.929303,1.141256,0.835237,0.485863,3.305975,3.950534,0.878949,0.547703,0.195618,4.740664,2.111658,0.799705,0.246177,0.097155,3.648036,3.654225,0.92673,0.301269,0.16459,2.202802,3.226309,0.828846,0.486551,0.199554,4.406733,1.619701,0.768878,0.523556,0.31699,2.006444,2.026642,0.637522,0.401022,0.180367,12.487638,2.826558,0.671498,0.803796,1.105913,concentrate
15.975033,1.82515,1.005418,0.910028,0.505007,3.056239,4.464292,0.731319,0.565458,0.192552,4.87982,2.324159,0.656171,0.256845,0.091334,3.464622,4.157442,0.792014,0.320482,0.151614,1.572972,3.347013,0.977556,0.408592,0.21388,4.521543,1.436313,0.789767,0.459999,0.328069,1.876315,2.243965,0.755617,0.340684,0.191838,14.910748,2.578622,0.676381,0.803815,0.967037,concentrate
18.776487,1.683992,0.840779,1.100512,0.535842,2.8653,5.197034,0.576392,0.590604,0.184234,4.780172,2.425002,0.513948,0.281988,0.087502,3.262395,4.697242,0.630482,0.350439,0.136589,1.217623,3.549887,1.139794,0.384034,0.222074,4.464217,1.585031,0.841921,0.440234,0.334657,1.863073,2.466098,0.870992,0.328276,0.200661,16.511877,2.425591,0.691831,0.870467,0.864029,concentrate
20.180435,1.605172,0.70482,1.362304,0.581548,2.852951,5.977798,0.456096,0.627079,0.174209,4.479834,2.393404,0.409867,0.315164,0.087955,3.135717,5.134886,0.493965,0.387601,0.125644,1.190253,3.736948,1.305125,0.419718,0.223897,4.199366,2.003421,0.907263,0.49546,0.339261,1.96156,2.569715,0.977191,0.367837,0.208043,16.673475,2.360739,0.734925,0.983837,0.80662,concentrate
19.837927,1.711089,0.666608,1.62826,0.637557,3.286514,6.576543,0.422732,0.679465,0.168342,4.170372,2.261193,0.387722,0.351003,0.096646,3.300521,5.331314,0.440598,0.430352,0.126134,1.426107,3.858093,1.478876,0.503385,0.222624,3.731888,2.597847,0.978899,0.648165,0.343709,2.112979,2.523455,1.08566,0.448548,0.217249,15.149817,2.401619,0.844436,1.138901,0.7788,concentrate
18.201496,2.154501,0.805281,1.833852,0.692916,4.555325,6.843802,0.519425,0.750237,0.170376,4.166561,2.125508,0.490042,0.385135,0.115598,4.067825,5.253765,0.513216,0.478523,0.141945,1.812707,3.883697,1.682798,0.613643,0.222298,3.156151,3.202304,1.087616,0.891673,0.346489,2.283557,2.374362,1.220262,0.554038,0.230566,12.348457,2.538493,1.063547,1.328185,0.756302,concentrate
16.258986,3.006547,1.148857,1.943931,0.733014,6.855354,6.783315,0.767878,0.839643,0.179859,4.698339,2.105778,0.737899,0.416967,0.142578,5.612843,4.990045,0.729432,0.533869,0.170531,2.238592,3.895866,1.936543,0.730744,0.22535,2.620134,3.684324,1.281983,1.181561,0.343338,2.455941,2.280221,1.403415,0.669988,0.246938,9.06379,2.823934,1.40681,1.531629,0.721366,concentrate
15.314643,4.255955,1.682599,1.958866,0.744268,9.974736,6.50208,1.154442,0.940954,0.191546,5.772408,2.292944,1.118545,0.447383,0.170352,7.809546,4.678657,1.068025,0.595595,0.202533,2.638631,4.027983,2.273123,0.837342,0.230802,2.364485,3.994362,1.622388,1.44374,0.329425,2.634511,2.381524,1.666082,0.781723,0.261414,6.285206,3.333678,1.859446,1.711353,0.667078,concentrate
15.448104,5.754564,2.291416,1.903093,0.719708,13.193859,6.146286,1.609656,1.039514,0.197579,7.103589,2.729084,1.559453,0.476924,0.189306,10.12604,4.453307,1.45664,0.657684,0.225171,2.963573,4.359026,2.698025,0.920627,0.234018,2.590872,4.125267,2.120262,1.60112,0.303613,2.783486,2.711941,2.013715,0.87312,0.266889,4.738749,4.027812,2.353958,1.819649,0.595809,concentrate
16.830719,7.198629,2.802852,1.813312,0.665149,15.535202,5.812043,2.035072,1.121394,0.191726,8.222268,3.360195,1.942109,0.508038,0.192144,11.80976,4.372641,1.797217,0.714954,0.228454,3.186565,4.826558,3.126807,0.978001,0.230261,3.270506,4.08277,2.695356,1.608124,0.270885,2.872112,3.170072,2.384852,0.931709,0.258232,4.485414,4.730293,2.762755,1.834665,0.520251,concentrate
17.979748,8.196628,3.048651,1.721024,0.598628,16.180433,5.498246,2.322864,1.170272,0.172425,8.694777,4.031085,2.161478,0.538959,0.177158,12.220445,4.393285,2.000087,0.759896,0.209738,3.318219,5.277506,3.43514,1.005883,0.218511,4.145249,3.906023,3.208891,1.467832,0.241552,2.902916,3.603102,2.668064,0.943293,0.235414,4.997779,5.231151,2.96087,1.771084,0.456371,concentrate
18.13257,8.473522,2.950132,1.653645,0.544278,14.918983,5.140213,2.385541,1.174642,0.143395,8.336947,4.562677,2.156261,0.567649,0.149164,11.180263,4.412736,2.002728,0.788949,0.175227,3.37882,5.584901,3.526577,1.001827,0.203497,4.862046,3.697543,3.527179,1.23639,0.22781,2.900445,3.909338,2.763461,0.901348,0.204732,5.556323,5.413321,2.897935,1.677829,0.420192,concentrate
16.783152,7.98971,2.541803,1.623473,0.518393,12.228492,4.710546,2.196362,1.131439,0.111929,7.318064,4.843359,1.934443,0.592032,0.117352,9.063242,4.358516,1.797971,0.802933,0.137167,3.381909,5.665345,3.33974,0.965061,0.193959,5.173132,3.581651,3.551191,0.989717,0.237192,2.878349,4.039214,2.611543,0.81376,0.176496,5.711186,5.296578,2.589841,1.610038,0.424175,concentrate
14.557159,6.94011,1.965549,1.629714,0.52264,9.049429,4.243548,1.813077,1.045631,0.086473,6.020725,4.850535,1.571517,0.61117,0.091624,6.598764,4.212155,1.448509,0.805672,0.108423,3.342801,5.515229,2.908097,0.896868,0.196334,5.019129,3.636784,3.269737,0.790763,0.267819,2.845965,4.009099,2.241076,0.697908,0.158469,5.383592,5.028831,2.124948,1.604052,0.467574,concentrate
12.070168,5.667233,1.430686,1.659806,0.546229,6.238697,3.759603,1.369879,0.935034,0.076519,4.788386,4.586192,1.186454,0.624486,0.080551,4.453062,3.945926,1.073151,0.799789,0.098815,3.276249,5.202466,2.339691,0.808244,0.210664,4.498767,3.879328,2.754453,0.668007,0.30768,2.79843,3.861533,1.755581,0.580267,0.152375,4.666628,4.774523,1.618561,1.658776,0.537159,concentrate
10.596708,4.554889,1.11201,1.684727,0.575252,4.30965,3.316769,1.006941,0.822737,0.088912,3.806534,4.081984,0.897707,0.632758,0.088144,3.005893,3.561316,0.794815,0.784003,0.111973,3.198338,4.813091,1.788374,0.714119,0.230833,3.824925,4.297876,2.154613,0.607457,0.341305,2.732816,3.62728,1.284079,0.481988,0.154322,3.797576,4.632866,1.194971,1.738943,0.612328,concentrate
10.777584,3.802204,1.037121,1.663831,0.600003,3.274516,2.999092,0.806121,0.728931,0.123995,3.066674,3.397215,0.750252,0.633385,0.11222,2.241735,3.095889,0.674158,0.753204,0.144488,3.108264,4.438496,1.356524,0.618783,0.247887,3.180445,4.863532,1.60239,0.572265,0.357429,2.630843,3.327633,0.911932,0.404515,0.158746,2.979198,4.604814,0.903807,1.795175,0.671598,concentrate
12.655692,3.380468,1.114536,1.568325,0.615737,2.800428,2.835951,0.771965,0.662551,0.174444,2.450824,2.604179,0.718403,0.621138,0.145467,1.885107,2.596889,0.699962,0.700345,0.187106,3.019946,4.180539,1.073335,0.521286,0.256088,2.708191,5.564298,1.165372,0.53025,0.356343,2.494266,2.999868,0.678462,0.338324,0.162414,2.404848,4.673371,0.728573,1.791372,0.698167,concentrate
15.931888,3.198505,1.234561,1.401616,0.621957,2.573429,2.82011,0.86602,0.623592,0.227446,1.90035,1.79201,0.755337,0.594604,0.17874,1.690062,2.135338,0.826976,0.625476,0.228296,3.004684,4.064216,0.933726,0.430344,0.255917,2.498586,6.32995,0.86759,0.48286,0.348624,2.388647,2.672235,0.596869,0.280728,0.165544,2.223065,4.772485,0.660957,1.723688,0.684099,concentrate
19.69046,3.249006,1.308196,1.195418,0.62082,2.432968,2.95378,1.028284,0.604928,0.267844,1.44782,1.092138,0.816818,0.559622,0.203062,1.551014,1.815404,0.995642,0.539784,0.256984,3.128922,4.045936,0.898845,0.362366,0.251797,2.510509,7.02738,0.701461,0.455518,0.34538,2.395398,2.37893,0.643858,0.23793,0.169837,2.444336,4.836424,0.682277,1.601335,0.632215,concentrate
22.813902,3.482864,1.300662,0.987516,0.615289,2.347914,3.172461,1.200031,0.587446,0.283312,1.158142,0.603378,0.873854,0.520744,0.21216,1.461433,1.677338,1.151697,0.45515,0.265105,3.390958,4.042442,0.91613,0.326776,0.248129,2.665823,7.483441,0.634142,0.46696,0.350555,2.55136,2.150606,0.764404,0.213592,0.175829,2.976623,4.803255,0.759779,1.444008,0.559525,concentrate
24.290092,3.767425,1.220225,0.804338,0.607174,2.404242,3.343421,1.321314,0.552886,0.269574,1.147744,0.328702,0.900319,0.480334,0.204615,1.524316,1.660202,1.242553,0.381464,0.250547,3.689028,3.95336,0.930476,0.326085,0.246138,2.879161,7.512548,0.614452,0.520402,0.358428,2.809919,1.992759,0.887089,0.208139,0.181558,3.647093,4.630002,0.847093,1.295465,0.491071,concentrate
23.443972,3.916172,1.111513,0.655788,0.598183,2.702705,3.357298,1.35342,0.496851,0.233036,1.54205,0.227189,0.883707,0.43978,0.184819,1.866664,1.679261,1.239706,0.326494,0.218513,3.88652,3.660737,0.901253,0.360592,0.245218,3.120245,6.968267,0.599626,0.602023,0.359514,3.062443,1.853981,0.945499,0.22326,0.185258,4.276583,4.2813,0.893174,1.232668,0.451332,concentrate
20.419884,3.825773,1.018152,0.537938,0.591878,3.309122,3.239991,1.296779,0.433149,0.187906,2.392516,0.271575,0.824623,0.400471,0.161175,2.538464,1.71695,1.148656,0.296145,0.179631,3.87301,3.12886,0.805022,0.422571,0.245036,3.390014,5.891118,0.558732,0.683829,0.348345,3.174378,1.678512,0.902988,0.261057,0.187784,4.713325,3.790356,0.865469,1.340461,0.463196,concentrate
16.432852,3.528744,0.963364,0.44456,0.59227,4.282143,3.150122,1.184762,0.386797,0.149378,3.679727,0.469237,0.738391,0.366385,0.142527,3.570573,1.850208,0.999274,0.294743,0.145494,3.604945,2.456691,0.652672,0.498568,0.246357,3.681224,4.547881,0.485764,0.734222,0.326568,3.04623,1.462492,0.769888,0.320309,0.191769,4.862676,3.292394,0.778614,1.655725,0.535685,concentrate
12.680584,3.172238,0.935311,0.373996,0.599594,5.648259,3.290267,1.067208,0.381046,0.126869,5.298142,0.846766,0.653556,0.345707,0.134665,4.946369,2.199656,0.83702,0.32399,0.123807,3.221816,1.863993,0.484596,0.573873,0.250166,4.029626,3.342581,0.396227,0.731397,0.300115,2.746077,1.260004,0.595845,0.395031,0.199751,4.840827,2.958506,0.672024,2.131195,0.658828,concentrate
10.68475,2.935009,0.905904,0.326757,0.607982,7.29331,3.766475,0.977944,0.422668,0.120805,7.035107,1.398471,0.600203,0.345546,0.138052,6.530337,2.815454,0.700744,0.377879,0.115514,3.022997,1.615978,0.343175,0.638144,0.256858,4.536392,2.632642,0.316296,0.677095,0.275541,2.530266,1.183333,0.438353,0.476344,0.212172,4.938871,2.900158,0.587112,2.65181,0.811346,concentrate
10.415901,2.94189,0.872929,0.307762,0.604741,8.940439,4.524435,0.92426,0.498848,0.1249,8.584862,2.068979,0.59574,0.364805,0.147993,8.054362,3.631798,0.607547,0.443195,0.115935,3.313736,1.856021,0.256382,0.689252,0.265198,5.285408,2.523514,0.266552,0.596311,0.255631,2.73581,1.333115,0.338023,0.553338,0.225279,5.471069,3.088514,0.547606,3.080602,0.966287,concentrate
11.804095,3.176508,0.856101,0.32569,0.57816,10.238956,5.390838,0.909205,0.582362,0.131713,9.612793,2.751657,0.644791,0.391511,0.157553,9.19634,4.497622,0.567089,0.501804,0.118814,4.223385,2.499823,0.231009,0.72814,0.271364,6.228021,2.826371,0.253395,0.523333,0.238771,3.594807,1.707316,0.305689,0.613566,0.23245,6.522187,3.336369,0.549072,3.30091,1.099065,concentrate
13.569014,3.497565,0.886985,0.388971,0.525172,10.874191,6.13956,0.927497,0.646695,0.136887,9.876389,3.317361,0.739674,0.410894,0.161345,9.685205,5.233488,0.579257,0.537062,0.120335,5.567698,3.314944,0.260174,0.755429,0.271608,7.113415,3.225626,0.27209,0.487705,0.223111,5.040208,2.202012,0.32748,0.647665,0.228952,7.825588,3.432183,0.569711,3.268418,1.19511,concentrate
14.833859,3.734839,0.96862,0.497731,0.455294,10.687143,6.588451,0.961565,0.676169,0.139308,9.326709,3.669572,0.845336,0.412778,0.156745,9.416755,5.708952,0.622809,0.54207,0.119835,6.948048,4.030079,0.314846,0.768529,0.264998,7.646767,3.45611,0.299022,0.497485,0.208643,6.688706,2.65524,0.366441,0.651692,0.215123,8.920903,3.267616,0.57354,3.020899,1.251685,concentrate
15.108652,3.829518,1.091441,0.643033,0.387936,9.720201,6.665145,1.005982,0.669073,0.140672,8.124165,3.793671,0.933472,0.396781,0.1446,8.468553,5.896618,0.688352,0.522789,0.119008,7.943057,4.464453,0.373742,0.760231,0.254211,7.652807,3.43914,0.316629,0.534931,0.198299,7.997775,2.917774,0.403764,0.62672,0.1968,9.404335,2.894703,0.543087,2.652656,1.272292,concentrate
14.927189,3.808135,1.220944,0.803423,0.344022,8.214051,6.436917,1.0416,0.6314,0.145864,6.580888,3.768912,0.982394,0.369806,0.129375,7.099301,5.874052,0.758132,0.490125,0.121761,8.271656,4.623401,0.442475,0.723662,0.243891,7.127058,3.249322,0.33231,0.566827,0.196655,8.522429,2.957261,0.448891,0.579975,0.182069,9.105084,2.485318,0.497651,2.262109,1.260426,concentrate
15.198802,3.681779,1.279998,0.945918,0.338498,6.52998,6.071834,1.042782,0.574719,0.161602,5.047152,3.698037,0.964574,0.342353,0.117692,5.626613,5.767014,0.806848,0.454643,0.133414,7.839002,4.605683,0.502232,0.656067,0.236189,6.215013,2.96966,0.344622,0.563617,0.20544,8.118171,2.845439,0.493735,0.521228,0.175949,8.077741,2.152112,0.449451,1.909338,1.215768,concentrate
15.699605,3.461941,1.225897,1.038665,0.372104,5.042135,5.759618,1.023455,0.512301,0.191515,3.776672,3.656845,0.887121,0.323573,0.11498,4.361878,5.674429,0.836262,0.423064,0.15701,6.784137,4.612438,0.539213,0.561475,0.228738,5.161178,2.695031,0.35661,0.515669,0.221106,6.995988,2.780993,0.534185,0.45773,0.177719,6.606897,1.987471,0.416901,1.61384,1.137544,concentrate
17.276039,3.209925,1.058022,1.067923,0.430364,3.998364,5.63234,1.010008,0.452359,0.232357,2.887507,3.684399,0.773974,0.31528,0.1222,3.464965,5.639943,0.853336,0.393837,0.189601,5.506472,4.866558,0.555915,0.450867,0.217274,4.32711,2.559828,0.374794,0.432582,0.235716,5.645686,2.993939,0.563606,0.393259,0.182146,5.199516,2.092875,0.416424,1.374165,1.029675,concentrate
18.906046,2.986778,0.836209,1.045494,0.490778,3.421993,5.709381,1.029472,0.397244,0.274496,2.411438,3.752962,0.652187,0.314038,0.135452,2.98014,5.637736,0.865764,0.361635,0.222492,4.518231,5.429297,0.552278,0.340514,0.199683,4.088737,2.615168,0.398724,0.340175,0.241809,4.615657,3.580112,0.568207,0.330259,0.183444,4.401925,2.485307,0.446891,1.196059,0.906105,concentrate
19.934217,2.825996,0.641763,0.998139,0.532836,3.209504,5.904673,1.095168,0.347316,0.3061,2.310365,3.78475,0.550992,0.315525,0.148272,2.804074,5.597941,0.882382,0.323661,0.245067,4.21371,6.139224,0.525351,0.248508,0.17862,4.676869,2.809237,0.418261,0.272574,0.237356,4.223928,4.413864,0.542799,0.274261,0.179256,4.528584,3.076666,0.492348,1.091146,0.786079,concentrate
20.25082,2.727581,0.53327,0.949379,0.545092,3.155636,6.063906,1.191236,0.301464,0.317083,2.474033,3.690784,0.489858,0.318842,0.154851,2.800956,5.442514,0.90464,0.283441,0.248847,4.623415,6.670444,0.479375,0.186931,0.158588,5.962334,3.037222,0.431147,0.250956,0.22455,4.391202,5.169715,0.490824,0.232644,0.169955,5.440887,3.669007,0.533341,1.048,0.680112,concentrate
19.232256,2.675078,0.523984,0.906732,0.526252,3.100456,6.018487,1.266347,0.263526,0.303937,2.765375,3.434804,0.466874,0.328914,0.152799,2.821792,5.123583,0.918017,0.252244,0.231811,5.537125,6.741483,0.426705,0.16054,0.142292,7.574416,3.219431,0.442497,0.277687,0.207841,4.789489,5.51351,0.426899,0.209735,0.156753,6.745199,4.052411,0.555171,1.04217,0.590909,concentrate
17.379354,2.606746,0.585796,0.870652,0.485541,2.962676,5.649891,1.273308,0.243031,0.271468,3.046371,3.04958,0.467687,0.355932,0.143667,2.801666,4.649005,0.911803,0.245426,0.199472,6.502857,6.229777,0.375204,0.177369,0.130546,8.992192,3.320582,0.462572,0.351682,0.192547,5.008155,5.259159,0.366207,0.210136,0.141773,7.8788,4.076682,0.550911,1.056679,0.523151,concentrate
14.761147,2.437784,0.669167,0.850639,0.43811,2.729614,4.957915,1.191158,0.247623,0.230329,3.18269,2.611053,0.47357,0.408162,0.131746,2.69776,4.091583,0.884298,0.272916,0.162062,7.134902,5.243293,0.335864,0.251758,0.123308,9.812606,3.322577,0.494454,0.478721,0.182962,4.837402,4.477363,0.324322,0.240403,0.129368,8.457863,3.691767,0.522919,1.100328,0.488891,concentrate
11.953862,2.111932,0.737118,0.861078,0.398388,2.461071,4.090216,1.035048,0.276957,0.192372,3.093573,2.215258,0.472668,0.483675,0.121742,2.516241,3.571563,0.844301,0.331168,0.130517,7.253094,4.104526,0.321939,0.389518,0.122113,9.83908,3.238535,0.531549,0.65981,0.182016,4.363785,3.497209,0.310977,0.303293,0.126551,8.406996,3.044002,0.492786,1.187866,0.502074,concentrate
9.570919,1.709237,0.775634,0.915263,0.378966,2.232894,3.287717,0.852856,0.322306,0.165177,2.809352,1.952039,0.464148,0.568891,0.11685,2.289082,3.219977,0.806722,0.403336,0.112402,6.90808,3.176272,0.337988,0.571628,0.129429,9.111298,3.107532,0.558534,0.877321,0.191861,3.873119,2.716068,0.326424,0.390745,0.139797,7.972214,2.418532,0.486529,1.320359,0.569446,concentrate
7.589389,1.396153,0.790224,1.023021,0.386705,2.095062,2.775099,0.683414,0.367461,0.148928,2.42047,1.883952,0.445383,0.641939,0.11705,2.05982,3.12105,0.76843,0.46518,0.108727,6.261451,2.666,0.373179,0.759058,0.14645,7.813053,2.929082,0.557621,1.102698,0.212277,3.588338,2.376663,0.354853,0.491706,0.170643,7.473979,2.046947,0.512786,1.483966,0.684308,concentrate
6.342475,1.292765,0.799254,1.171014,0.421735,2.035198,2.700163,0.54655,0.396397,0.138589,2.038006,2.043312,0.415528,0.67944,0.11929,1.861265,3.323143,0.720435,0.496617,0.114769,5.485751,2.51185,0.405541,0.90548,0.170613,6.244828,2.649917,0.516447,1.299043,0.239162,3.548928,2.428247,0.367414,0.59255,0.212622,7.142334,1.982154,0.559446,1.652517,0.826001,concentrate
6.0495,1.40002,0.809347,1.318195,0.476029,2.048513,3.046245,0.448986,0.401041,0.128577,1.7893,2.386829,0.378763,0.667627,0.119762,1.755648,3.772619,0.657333,0.489257,0.123704,4.699831,2.493738,0.427379,0.977129,0.195037,4.719088,2.255928,0.439022,1.427083,0.265585,3.628572,2.624394,0.352123,0.680847,0.252834,7.002321,2.11005,0.610952,1.796711,0.970832,concentrate
6.452663,1.615623,0.821999,1.415895,0.534816,2.093637,3.641998,0.392518,0.384256,0.116753,1.713156,2.79714,0.341631,0.60963,0.11639,1.754883,4.314445,0.585303,0.450592,0.131003,3.939406,2.369657,0.438785,0.965703,0.211586,3.473292,1.7784,0.348004,1.462922,0.283084,3.602078,2.668693,0.316741,0.746937,0.277572,6.85109,2.206301,0.665006,1.89401,1.101677,concentrate
6.888776,1.817155,0.82954,1.420909,0.579404,2.122282,4.228328,0.378234,0.3597,0.105524,1.772238,3.117815,0.313726,0.526182,0.110227,1.821223,4.735577,0.521195,0.401958,0.13548,3.263567,2.074086,0.445545,0.888424,0.215176,2.685724,1.336479,0.270748,1.408818,0.28562,3.34774,2.434686,0.279895,0.782945,0.278195,6.530805,2.122671,0.730205,1.926569,1.207593,concentrate
7.649319,1.896665,0.82947,1.320826,0.594695,2.099151,4.563512,0.391455,0.341239,0.098604,1.883278,3.213636,0.29143,0.443549,0.103042,1.899673,4.855772,0.463541,0.363676,0.136342,2.74235,1.700828,0.454579,0.77639,0.206161,2.407891,1.053791,0.239132,1.290696,0.272072,2.89985,2.008096,0.260653,0.782368,0.254593,6.062022,1.8642,0.817721,1.884357,1.276718,concentrate
8.233207,1.820478,0.855894,1.139241,0.576774,2.031996,4.56259,0.418733,0.334766,0.099452,1.997584,3.043326,0.274686,0.380395,0.096126,1.964665,4.645013,0.415609,0.344419,0.133262,2.425533,1.3517,0.476909,0.661556,0.189905,2.595346,0.979339,0.280863,1.145603,0.246855,2.390343,1.54271,0.27433,0.742928,0.215346,5.637076,1.533319,0.945296,1.771457,1.299147,concentrate
8.731837,1.582496,0.950259,0.925317,0.534624,1.990142,4.31355,0.480771,0.340026,0.110202,2.140052,2.657045,0.272917,0.342698,0.090185,2.044736,4.209078,0.397967,0.341976,0.127009,2.304804,1.070353,0.535901,0.565515,0.174291,3.171517,1.033958,0.414782,1.006338,0.21917,1.951514,1.148255,0.336639,0.67093,0.174858,5.455698,1.20525,1.138395,1.614595,1.271981,concentrate
9.148731,1.260933,1.142089,0.724725,0.484214,2.157127,4.034203,0.624903,0.352408,0.13113,2.425055,2.195443,0.303034,0.325052,0.086037,2.264326,3.751941,0.444694,0.347156,0.119912,2.350122,0.882684,0.649493,0.493545,0.16668,3.959426,1.105665,0.633332,0.892887,0.199487,1.685753,0.886937,0.449498,0.580515,0.148044,5.600019,0.936932,1.401026,1.442909,1.203433,concentrate
9.435848,0.994022,1.413162,0.574216,0.44099,2.723241,3.970908,0.881649,0.364691,0.160648,2.987716,1.846117,0.380815,0.315318,0.085739,2.801456,3.502878,0.577823,0.348272,0.115663,2.528806,0.799534,0.826745,0.439178,0.170931,4.759505,1.139765,0.909506,0.809185,0.195368,1.634824,0.77038,0.600906,0.487433,0.143692,5.991058,0.803957,1.699903,1.28515,1.112528,concentrate
9.624281,0.954403,1.70079,0.490995,0.41392,3.771586,4.266004,1.242935,0.369552,0.195406,3.842862,1.786958,0.516266,0.302537,0.091618,3.723596,3.612367,0.799542,0.337012,0.117966,2.787843,0.827036,1.058159,0.400472,0.18603,5.337642,1.180018,1.205529,0.752287,0.205978,1.757947,0.779451,0.770713,0.407113,0.161119,6.420235,0.880875,1.973454,1.178501,1.025655,concentrate
9.55791,1.253325,1.921265,0.473768,0.403007,5.114239,4.847372,1.635889,0.36278,0.230272,4.838838,2.084456,0.693336,0.282327,0.104009,4.880068,4.046703,1.070107,0.311486,0.128219,3.044837,0.975184,1.302467,0.3867,0.207512,5.570884,1.361786,1.473336,0.722908,0.223559,1.978941,0.888169,0.932321,0.355543,0.192288,6.716194,1.243993,2.15445,1.163604,0.960441,concentrate
9.393703,1.853718,2.010835,0.509829,0.404339,6.388741,5.438945,1.941456,0.344625,0.258613,5.728704,2.62467,0.867791,0.257989,0.120028,5.927737,4.571639,1.310235,0.277459,0.143837,3.241409,1.229282,1.492827,0.408676,0.229531,5.545648,1.783854,1.662718,0.72049,0.238402,2.251538,1.059801,1.052582,0.342675,0.22592,6.872067,1.901979,2.193232,1.265523,0.923307,concentrate
9.404704,2.582975,1.94664,0.578437,0.417249,7.18017,5.700247,2.050567,0.319128,0.274229,6.234214,3.160872,0.983445,0.234665,0.134648,6.492383,4.86777,1.433893,0.244483,0.159495,3.36727,1.541256,1.560866,0.465057,0.247477,5.459963,2.417574,1.728912,0.734633,0.242987,2.564031,1.256346,1.101484,0.366991,0.252193,6.980603,2.766458,2.071362,1.46543,0.912619,concentrate
9.544152,3.203264,1.771693,0.669805,0.44511,7.215309,5.411073,1.920529,0.292826,0.273897,6.165214,3.45059,1.007509,0.217392,0.142997,6.32631,4.71234,1.393456,0.221429,0.169121,3.410483,1.829016,1.475379,0.542957,0.257939,5.44101,3.098679,1.656108,0.757811,0.237379,2.875027,1.42775,1.064063,0.416875,0.266181,7.07582,3.628521,1.813728,1.703469,0.919622,concentrate
9.580516,3.51197,1.568691,0.783622,0.490601,6.48054,4.605708,1.620262,0.27172,0.259504,5.539278,3.376324,0.948865,0.207927,0.142631,5.463126,4.103029,1.21507,0.211607,0.168509,3.348951,2.01048,1.265024,0.621975,0.258677,5.473775,3.594268,1.463357,0.788396,0.225968,3.100269,1.527765,0.96027,0.476727,0.267921,7.034265,4.232712,1.483768,1.905478,0.936714,concentrate
9.338962,3.434016,1.410747,0.914483,0.548561,5.220106,3.534975,1.29379,0.260902,0.237467,4.550309,2.9749,0.852523,0.203637,0.134573,4.17231,3.229948,0.987546,0.212204,0.157811,3.144038,2.030541,1.00014,0.676519,0.250197,5.397103,3.696048,1.198505,0.816678,0.213995,3.133639,1.528709,0.832415,0.526932,0.261388,6.721103,4.384924,1.159174,2.015484,0.958669,concentrate
8.504126,3.011496,1.335661,1.043508,0.605177,3.80791,2.48394,1.077527,0.261591,0.215657,3.470595,2.353252,0.773509,0.199554,0.122735,2.845602,2.32652,0.811799,0.216061,0.141528,2.797302,1.908996,0.759364,0.686133,0.235799,5.0456,3.334766,0.924745,0.829055,0.206748,2.930455,1.447131,0.725893,0.55,0.252166,6.124867,4.032523,0.905539,2.013794,0.97927,concentrate
7.3187,2.384241,1.319622,1.139621,0.643713,2.588921,1.657552,1.025919,0.272209,0.199494,2.543842,1.665452,0.744043,0.191892,0.111986,1.791942,1.571377,0.74402,0.217487,0.126009,2.405482,1.701929,0.598201,0.643307,0.22047,4.403534,2.608474,0.706592,0.816779,0.208313,2.5915,1.321795,0.670321,0.536926,0.244971,5.412409,3.32934,0.753437,1.922,0.989391,concentrate
6.238995,1.764969,1.30146,1.173372,0.65353,1.744316,1.14317,1.087842,0.287846,0.189615,1.909232,1.085396,0.754457,0.177684,0.105415,1.148529,1.066221,0.77038,0.212241,0.115922,2.111945,1.48724,0.531879,0.557453,0.209306,3.630725,1.75496,0.582838,0.778925,0.219696,2.259391,1.206274,0.667514,0.490366,0.242946,4.81988,2.55613,0.687575,1.791211,0.976323,concentrate
5.484448,1.306426,1.229628,1.132922,0.635398,1.255968,0.90243,1.146913,0.301295,0.182823,1.59565,0.716936,0.771086,0.155925,0.103229,0.867716,0.81146,0.828007,0.199971,0.112433,1.994284,1.307009,0.527794,0.452138,0.205354,2.986519,1.021095,0.560075,0.723104,0.238326,2.038969,1.122726,0.69008,0.422195,0.24701,4.502,1.948609,0.660926,1.670747,0.932949,concentrate
5.213532,1.052346,1.09312,1.034169,0.601158,1.02525,0.845135,1.105146,0.30658,0.174748,1.550841,0.567103,0.761051,0.131622,0.103413,0.809357,0.738976,0.852615,0.185546,0.113437,2.043296,1.169545,0.540079,0.35646,0.207772,2.626379,0.551368,0.617943,0.660719,0.257999,1.966633,1.061816,0.707076,0.348947,0.255691,4.43847,1.603005,0.651316,1.581463,0.869819,concentrate
5.580576,0.960949,0.925364,0.912002,0.56623,0.950757,0.94096,0.95621,0.30098,0.162993,1.693022,0.595784,0.716711,0.113034,0.103599,0.858411,0.803047,0.822204,0.174731,0.115429,2.130159,1.080529,0.544416,0.290606,0.212444,2.610976,0.333884,0.702732,0.602333,0.272798,1.955935,1.028522,0.704575,0.283545,0.26556,4.489505,1.481123,0.665296,1.515288,0.814089,concentrate
6.083405,0.972764,0.770595,0.804533,0.540973,0.984436,1.229634,0.747207,0.283028,0.148605,1.943082,0.76614,0.649044,0.105346,0.102883,0.973511,1.015255,0.744892,0.168704,0.115855,2.136204,1.033751,0.52649,0.260648,0.214388,2.833268,0.271604,0.761902,0.553582,0.279295,1.911287,1.026539,0.674259,0.233501,0.272249,4.507023,1.479779,0.709602,1.443258,0.795287,concentrate
6.514162,1.067802,0.665161,0.73801,0.526283,1.069188,1.792918,0.545306,0.258164,0.135956,2.168502,1.058419,0.581547,0.111324,0.102423,1.106318,1.427753,0.649144,0.166412,0.114696,2.000969,1.019311,0.481845,0.263235,0.209463,3.126991,0.289105,0.767724,0.515633,0.275892,1.770977,1.052433,0.617763,0.204204,0.270996,4.359145,1.525738,0.789525,1.357085,0.825755,concentrate
6.369719,1.240842,0.618861,0.720665,0.515562,1.136145,2.658847,0.402632,0.239545,0.129722,2.258796,1.45203,0.529278,0.132505,0.103846,1.216679,2.067641,0.560795,0.170415,0.11377,1.721032,1.026697,0.420265,0.290946,0.196865,3.344525,0.364961,0.715123,0.486328,0.262969,1.527168,1.089792,0.547018,0.200651,0.258926,4.024085,1.588509,0.896141,1.279187,0.895803,concentrate
5.84891,1.45558,0.617443,0.739838,0.500845,1.163199,3.720638,0.332897,0.239145,0.132386,2.185929,1.885041,0.490364,0.167474,0.108246,1.281151,2.862784,0.488648,0.184217,0.115198,1.361457,1.043837,0.354972,0.33298,0.180259,3.458747,0.497416,0.616487,0.462317,0.242732,1.231746,1.112436,0.479083,0.223478,0.237287,3.570473,1.668586,1.005545,1.234692,0.979801,concentrate
5.309155,1.654747,0.635548,0.773431,0.477648,1.187509,4.758546,0.31361,0.260994,0.142609,2.036409,2.269437,0.455006,0.212888,0.115629,1.324016,3.647742,0.428259,0.210345,0.119927,1.029807,1.04667,0.298314,0.376186,0.165603,3.523694,0.678564,0.497494,0.440919,0.219591,0.964498,1.083981,0.422814,0.265583,0.210813,3.102114,1.754317,1.075042,1.237144,1.048233,concentrate
5.13442,1.787436,0.655935,0.801063,0.447132,1.27135,5.515958,0.31264,0.296094,0.157527,1.947592,2.514355,0.416283,0.2618,0.124892,1.390256,4.21928,0.373436,0.246107,0.128602,0.807095,1.020702,0.262713,0.407559,0.158148,3.615099,0.887448,0.387729,0.420031,0.198701,0.777452,0.984573,0.37881,0.313515,0.186083,2.704666,1.809236,1.075575,1.282852,1.077865,concentrate
5.514824,1.850602,0.677787,0.807259,0.417414,1.440539,5.804087,0.311851,0.330114,0.176059,1.990648,2.555783,0.377885,0.306666,0.135719,1.493882,4.4193,0.326262,0.286112,0.145121,0.71213,0.964419,0.257689,0.423036,0.162374,3.765482,1.084526,0.308078,0.399216,0.184805,0.67567,0.824443,0.343729,0.35692,0.170569,2.391875,1.771717,0.994959,1.362247,1.06393,concentrate
6.285269,1.88072,0.713385,0.787358,0.402579,1.650451,5.577169,0.321781,0.352697,0.198639,2.13966,2.386019,0.348762,0.340337,0.148629,1.598636,4.209723,0.296617,0.324389,0.175603,0.704623,0.884789,0.284785,0.432205,0.180548,3.989309,1.233898,0.259682,0.380659,0.181212,0.625486,0.642076,0.314776,0.395348,0.168855,2.165479,1.614753,0.850264,1.465567,1.014799,concentrate
7.185737,1.933182,0.763144,0.744446,0.414657,1.888792,4.990551,0.359688,0.36336,0.224913,2.355666,2.092012,0.331734,0.356562,0.163337,1.716153,3.729892,0.290211,0.356132,0.222489,0.732878,0.817006,0.331914,0.449715,0.211264,4.33508,1.315397,0.235856,0.369562,0.189252,0.598374,0.503493,0.290515,0.433862,0.180735,2.122727,1.383117,0.680623,1.589493,0.946307,concentrate
7.881381,2.049653,0.816747,0.679652,0.457096,2.196723,4.330807,0.434672,0.369752,0.251935,2.576672,1.803781,0.319174,0.352906,0.177919,1.891256,3.231639,0.300858,0.378455,0.279743,0.797143,0.81559,0.380064,0.485101,0.248356,4.853347,1.384144,0.230472,0.372916,0.207168,0.605274,0.47002,0.271532,0.474926,0.200592,2.370682,1.184917,0.521625,1.736785,0.874331,concentrate
8.409076,2.27636,0.910697,0.60105,0.521093,2.630791,3.908008,0.539706,0.379831,0.274126,2.761937,1.632681,0.300078,0.333819,0.189191,2.174363,2.979234,0.315782,0.393111,0.333882,0.896183,0.916981,0.406443,0.533681,0.282127,5.452821,1.538375,0.23002,0.39375,0.230259,0.675755,0.548,0.257965,0.511908,0.219376,2.930505,1.123447,0.397175,1.897452,0.810228,concentrate
9.759806,2.6982,1.159823,0.526144,0.589049,3.200026,3.927399,0.647531,0.39238,0.284997,2.904735,1.629992,0.272834,0.307352,0.193743,2.571849,3.139925,0.331778,0.402051,0.368576,1.09381,1.107506,0.397311,0.57952,0.302774,6.151783,1.83484,0.228769,0.429045,0.253499,0.827102,0.685139,0.248007,0.531199,0.22794,3.818076,1.221052,0.319498,2.028149,0.757306,concentrate
13.501441,3.352139,1.684502,0.475362,0.64506,3.806564,4.402411,0.731291,0.400681,0.280207,3.004996,1.771877,0.251208,0.281299,0.189388,3.004708,3.698466,0.361233,0.406189,0.372306,1.320857,1.337035,0.35612,0.603064,0.303468,6.691113,2.242903,0.237198,0.473267,0.27321,1.029941,0.807403,0.244191,0.520998,0.220229,4.857918,1.424198,0.307165,2.073592,0.711042,concentrate
21.421459,4.198592,2.494848,0.461559,0.681465,4.259681,5.167641,0.779722,0.398923,0.260539,3.053832,1.984784,0.251437,0.261664,0.176973,3.321203,4.470849,0.416346,0.405481,0.344209,1.586601,1.559144,0.300902,0.58542,0.281783,6.969724,2.648991,0.273489,0.517912,0.286762,1.263737,0.877943,0.252632,0.474927,0.195789,5.804131,1.643871,0.382371,1.992288,0.665986,concentrate
32.103157,5.094284,3.434255,0.489238,0.700136,4.382112,5.939149,0.797589,0.385602,0.232251,3.014507,2.175584,0.279918,0.251023,0.160837,3.378956,5.178125,0.498957,0.399964,0.295426,1.817388,1.751346,0.251649,0.522828,0.242358,6.760797,2.921164,0.350969,0.560338,0.293919,1.508035,0.897486,0.277037,0.400572,0.161102,6.363908,1.783388,0.550961,1.784894,0.619688,concentrate
44.227249,5.78364,4.226417,0.55535,0.708574,4.099542,6.431533,0.809094,0.369067,0.20457,2.854481,2.275425,0.340409,0.250343,0.147518,3.126628,5.569273,0.60997,0.392421,0.24438,2.017123,1.919762,0.231239,0.432311,0.196357,6.110907,2.977942,0.478038,0.604587,0.296458,1.7561,0.902388,0.31891,0.31857,0.127383,6.382844,1.777935,0.794074,1.504935,0.573714,concentrate
52.802448,6.025981,4.601658,0.645137,0.714365,3.512226,6.455253,0.839863,0.367127,0.186174,2.565412,2.25442,0.432201,0.264073,0.142708,2.639377,5.507439,0.741661,0.390651,0.207828,2.128847,2.080128,0.267632,0.346298,0.157664,5.107059,2.816657,0.644828,0.654027,0.296743,1.971598,0.933211,0.381872,0.2547,0.106091,5.809919,1.626004,1.074158,1.232427,0.534202,concentrate
55.340553,5.681883,4.433622,0.736922,0.71997,2.80615,5.993015,0.899369,0.391356,0.179949,2.188538,2.126026,0.544646,0.296259,0.148388,2.079912,5.021289,0.872022,0.401508,0.192804,2.149117,2.227741,0.384805,0.296261,0.136282,3.918245,2.507273,0.833044,0.707227,0.295977,2.121081,1.005234,0.468813,0.227208,0.103296,4.814002,1.386713,1.344423,1.029567,0.506378,concentrate
49.957535,4.766549,3.801522,0.811587,0.720106,2.234244,5.212297,0.990499,0.439014,0.181794,1.818408,1.927567,0.6591,0.34475,0.161302,1.652005,4.287181,0.982292,0.423757,0.194202,2.097238,2.339791,0.583948,0.300506,0.134572,2.807059,2.183331,1.021332,0.757242,0.293929,2.174309,1.10056,0.572875,0.240444,0.11725,3.735498,1.154406,1.558096,0.92279,0.489713,concentrate
39.398563,3.525773,2.933168,0.852244,0.704669,1.974758,4.366572,1.103325,0.497279,0.184577,1.522273,1.688818,0.756331,0.399608,0.175409,1.494895,3.531073,1.064351,0.449421,0.200314,2.011463,2.38966,0.851926,0.356334,0.148181,2.129491,1.972433,1.189005,0.792707,0.289841,2.110378,1.191814,0.685394,0.283229,0.140549,3.014954,1.030985,1.703376,0.903586,0.479296,concentrate
26.899282,2.322499,2.111451,0.847902,0.666294,2.070652,3.671089,1.209964,0.547557,0.182787,1.323494,1.424763,0.816162,0.446419,0.185214,1.628006,2.925772,1.110855,0.466819,0.201206,1.927921,2.365646,1.148633,0.439268,0.168598,2.116027,1.937892,1.318369,0.799654,0.282784,1.93809,1.260956,0.794466,0.335577,0.163949,2.922723,1.098445,1.798985,0.933363,0.470659,concentrate
16.20211,1.413295,1.508814,0.797658,0.606179,2.434925,3.236019,1.282232,0.573584,0.174612,1.235781,1.164729,0.826739,0.470595,0.18802,1.963747,2.553127,1.116837,0.465519,0.194326,1.881392,2.269614,1.426073,0.518814,0.188034,2.70932,2.046111,1.394293,0.769889,0.272717,1.725994,1.294978,0.896537,0.378197,0.180738,3.471395,1.360219,1.878351,0.969942,0.463757,concentrate
9.900507,0.902055,1.154633,0.714137,0.534509,2.951088,3.08454,1.306721,0.566755,0.161109,1.30727,0.973199,0.784805,0.463913,0.183426,2.419799,2.434026,1.076866,0.44127,0.182441,1.881742,2.13244,1.627747,0.568725,0.201871,3.636577,2.194591,1.39614,0.703756,0.259991,1.563108,1.306944,0.991765,0.396937,0.188574,4.434461,1.744703,1.951611,0.985652,0.46092,concentrate
8.122169,0.755433,0.965378,0.621571,0.462737,3.526153,3.191744,1.288145,0.526011,0.144919,1.588841,0.912262,0.7029,0.428134,0.171813,2.937909,2.544967,0.995408,0.397548,0.16896,1.898858,2.009008,1.71751,0.573693,0.208401,4.473271,2.287417,1.314975,0.608522,0.244082,1.48655,1.331862,1.081773,0.386251,0.188746,5.391239,2.155989,2.017885,0.975017,0.463617,concentrate
9.609417,0.871115,0.828591,0.547941,0.398827,4.031147,3.480877,1.236118,0.458077,0.129043,2.058865,0.991259,0.605685,0.374746,0.154871,3.432747,2.802165,0.883847,0.34485,0.156286,1.872429,1.938935,1.685791,0.534612,0.208086,4.835258,2.27956,1.149797,0.495342,0.225052,1.475859,1.396919,1.159977,0.352266,0.184518,5.931551,2.518108,2.043884,0.945709,0.471913,concentrate
12.158181,1.169951,0.701867,0.512689,0.346682,4.395275,3.884854,1.160464,0.375548,0.116054,2.62248,1.177599,0.51669,0.320027,0.135376,3.835192,3.12976,0.761139,0.296035,0.14543,1.798612,1.90747,1.552146,0.467618,0.201999,4.642526,2.161349,0.935342,0.38085,0.204056,1.487388,1.489093,1.205741,0.308834,0.178319,5.917089,2.76034,1.992945,0.915562,0.484711,concentrate
14.079026,1.581729,0.603586,0.520776,0.307441,4.535366,4.374249,1.065068,0.29497,0.107166,3.118938,1.430276,0.450928,0.278321,0.116688,4.06162,3.484496,0.643685,0.261625,0.136149,1.665901,1.8861,1.348991,0.393827,0.191614,3.951808,1.972208,0.723793,0.279468,0.18367,1.48696,1.587486,1.192429,0.268879,0.170889,5.457361,2.87277,1.849966,0.899991,0.500787,concentrate
16.017323,2.028787,0.550242,0.560399,0.28253,4.383106,4.881012,0.954678,0.235696,0.102147,3.390042,1.693989,0.413927,0.256088,0.10166,4.03087,3.802439,0.545368,0.24831,0.127949,1.532152,1.860612,1.115996,0.330533,0.178604,3.077635,1.772221,0.55984,0.20163,0.167525,1.473606,1.678933,1.103821,0.238343,0.161676,4.853827,2.902784,1.623298,0.896096,0.518282,concentrate
16.363342,2.391453,0.530539,0.613014,0.273966,3.938014,5.269615,0.848024,0.214743,0.100351,3.370538,1.907824,0.401241,0.252624,0.092466,3.720642,3.998421,0.483269,0.257468,0.121496,1.446398,1.826131,0.890434,0.287378,0.16522,2.349918,1.600873,0.462082,0.157285,0.15953,1.454575,1.748829,0.950485,0.217166,0.150535,4.421115,2.913949,1.353355,0.897787,0.536118,concentrate
16.754417,2.604322,0.543804,0.66264,0.283881,3.275033,5.404665,0.770122,0.243591,0.101155,3.112785,2.048759,0.402175,0.264489,0.08983,3.194842,4.01302,0.469385,0.287692,0.118451,1.411235,1.771124,0.693863,0.272741,0.154152,1.973199,1.482677,0.424258,0.153088,0.162597,1.417197,1.760712,0.760684,0.207091,0.139345,4.292343,2.922349,1.083503,0.904514,0.553164,concentrate
15.911658,2.650772,0.604684,0.706377,0.313431,2.534392,5.228683,0.742402,0.322571,0.103663,2.753897,2.125115,0.415443,0.290803,0.092087,2.571796,3.837572,0.508965,0.337368,0.119977,1.409184,1.681705,0.536831,0.30108,0.148685,1.949458,1.426874,0.436147,0.194933,0.177253,1.342857,1.684008,0.572853,0.217665,0.131919,4.371542,2.897983,0.850317,0.927064,0.567741,concentrate
14.687157,2.550987,0.734569,0.756971,0.360079,1.839824,4.766886,0.761571,0.435547,0.108136,2.442303,2.142332,0.435128,0.332426,0.096027,1.979185,3.501646,0.583477,0.401816,0.125785,1.392908,1.561708,0.416057,0.388125,0.151207,2.090196,1.444005,0.475934,0.288699,0.200506,1.218508,1.516215,0.415086,0.260917,0.131633,4.423526,2.803824,0.668773,0.985546,0.577115,concentrate
12.769321,2.361561,0.928193,0.832794,0.417246,1.297344,4.124854,0.793851,0.558081,0.116209,2.25507,2.113787,0.446442,0.389351,0.099002,1.502823,3.07187,0.653901,0.474612,0.13435,1.332352,1.463768,0.328304,0.538853,0.162441,2.180404,1.563664,0.530839,0.433053,0.226283,1.04723,1.309797,0.3083,0.342319,0.139229,4.25806,2.656132,0.550586,1.089055,0.578759,concentrate
10.53223,2.171458,1.186874,0.94477,0.475031,0.946097,3.464267,0.821026,0.666983,0.129916,2.177261,2.082575,0.447361,0.457486,0.100607,1.172382,2.640962,0.697024,0.547763,0.143919,1.266397,1.474691,0.272945,0.736596,0.180486,2.148989,1.81727,0.598836,0.613712,0.247147,0.869695,1.153864,0.261405,0.451492,0.152017,3.874403,2.547138,0.504162,1.221101,0.571745,concentrate
8.296698,2.052877,1.486456,1.080467,0.520316,0.789467,2.927666,0.818279,0.739469,0.14978,2.128973,2.089118,0.439511,0.525846,0.102862,0.975606,2.281946,0.698988,0.608627,0.153242,1.233413,1.661131,0.247733,0.942206,0.200594,2.041525,2.186161,0.67857,0.801933,0.257491,0.726365,1.123559,0.269101,0.562535,0.164885,3.390062,2.564986,0.531222,1.341299,0.556902,concentrate
6.016727,2.024921,1.773284,1.202332,0.542308,0.76344,2.581017,0.764181,0.760753,0.173242,2.022827,2.137317,0.42207,0.578688,0.10786,0.864303,2.018691,0.653414,0.645502,0.161043,1.267063,2.017431,0.258394,1.103308,0.217074,1.953724,2.581787,0.790477,0.959502,0.255689,0.650089,1.236244,0.323881,0.643404,0.172733,2.924063,2.719488,0.647935,1.405046,0.53599,concentrate
4.427765,2.11001,1.994147,1.27491,0.537656,0.807825,2.415463,0.658916,0.732923,0.195416,1.829317,2.204328,0.397491,0.606648,0.116296,0.798483,1.843742,0.567161,0.655084,0.166414,1.352113,2.472638,0.310661,1.175588,0.227496,1.939726,2.910886,0.956155,1.054252,0.245301,0.6501,1.450663,0.41271,0.672689,0.17448,2.532397,2.990672,0.861821,1.394773,0.510854,concentrate
3.800506,2.302229,2.099167,1.290533,0.512106,0.895388,2.371908,0.537998,0.672807,0.210954,1.585639,2.240937,0.373558,0.611582,0.12642,0.775027,1.729908,0.469726,0.644286,0.168422,1.488328,2.906907,0.395911,1.140679,0.232153,2.017814,3.10587,1.15798,1.073349,0.233211,0.74033,1.683236,0.510017,0.649616,0.17275,2.267813,3.325919,1.142228,1.327138,0.484019,concentrate
3.618333,2.539821,2.068228,1.265277,0.476183,1.020376,2.369151,0.442542,0.602432,0.216506,1.362352,2.193381,0.365861,0.601658,0.13605,0.803042,1.63983,0.394134,0.622869,0.166525,1.620405,3.192456,0.488296,1.015204,0.23277,2.144526,3.140579,1.346137,1.026,0.227218,0.892744,1.8362,0.582439,0.593465,0.171694,2.094966,3.625832,1.431474,1.244555,0.459312,concentrate
3.934399,2.748594,1.906446,1.225419,0.439639,1.162345,2.352818,0.386451,0.538303,0.211319,1.2283,2.068428,0.378286,0.583934,0.14318,0.876838,1.575575,0.348103,0.596001,0.160234,1.698945,3.255067,0.55697,0.842527,0.231154,2.26857,3.027119,1.459087,0.93697,0.232249,1.057466,1.85875,0.60501,0.532189,0.174095,1.958435,3.799258,1.644693,1.185543,0.441681,concentrate
4.215878,2.878809,1.647456,1.187455,0.407566,1.318372,2.320807,0.375017,0.487674,0.197879,1.233712,1.9296,0.408836,0.560325,0.146208,0.991489,1.58598,0.334777,0.563922,0.149555,1.709597,3.089993,0.578523,0.672756,0.228904,2.360376,2.792948,1.444267,0.83583,0.247077,1.17798,1.764691,0.577034,0.487208,0.179657,1.821245,3.785494,1.725358,1.169376,0.437564,concentrate
4.831232,2.917804,1.363099,1.144742,0.378929,1.502521,2.290928,0.403065,0.450645,0.181548,1.407953,1.849152,0.451734,0.526665,0.14459,1.149201,1.715114,0.354168,0.524164,0.136298,1.689946,2.765989,0.546354,0.542383,0.226447,2.450257,2.479728,1.281267,0.743813,0.264881,1.227205,1.624496,0.521179,0.464054,0.185702,1.692983,3.59713,1.66354,1.183262,0.450941,concentrate
5.132536,2.906168,1.117798,1.072546,0.34807,1.726561,2.29298,0.457652,0.425794,0.168721,1.726749,1.873039,0.503484,0.477264,0.138988,1.351421,1.974109,0.405863,0.475339,0.123717,1.68044,2.40898,0.488785,0.464463,0.222093,2.582299,2.13217,1.008907,0.670462,0.276611,1.201392,1.533628,0.480348,0.455428,0.188179,1.603658,3.325524,1.51317,1.202205,0.479802,concentrate
5.622647,2.908113,0.969856,0.950858,0.311186,1.980345,2.351573,0.524913,0.411234,0.164393,2.075907,2.003556,0.561981,0.411098,0.131561,1.550413,2.323621,0.486494,0.420994,0.116273,1.700559,2.132471,0.455632,0.435239,0.21472,2.736111,1.797025,0.709494,0.611903,0.27575,1.110169,1.557368,0.491897,0.451299,0.185414,1.551602,3.086543,1.353867,1.200909,0.514484,concentrate
5.971189,2.978488,0.932679,0.789241,0.272367,2.206958,2.477051,0.600198,0.406279,0.170521,2.325426,2.199975,0.627726,0.337106,0.125546,1.697879,2.684136,0.591755,0.371013,0.11803,1.744252,1.992276,0.492016,0.450453,0.205769,2.851687,1.509481,0.477328,0.56527,0.260944,1.000959,1.701498,0.567665,0.452976,0.179458,1.54459,2.957837,1.256741,1.175773,0.541025,concentrate
6.132139,3.124934,0.975874,0.623159,0.2435,2.340132,2.651324,0.67198,0.407318,0.185936,2.367365,2.393807,0.695126,0.270655,0.124159,1.736823,2.961035,0.702017,0.335006,0.131349,1.772417,1.973429,0.608626,0.507806,0.199707,2.8378,1.292258,0.372921,0.536652,0.237248,0.911436,1.907997,0.682726,0.46891,0.174856,1.560593,2.942849,1.242075,1.143065,0.548146,concentrate
6.081554,3.283781,1.033221,0.498748,0.237101,2.313686,2.823984,0.717331,0.406633,0.205508,2.159328,2.511386,0.739478,0.225183,0.12825,1.636327,3.073172,0.780958,0.315425,0.154083,1.75012,2.001239,0.767627,0.597141,0.200331,2.651763,1.158507,0.392549,0.533066,0.213424,0.861585,2.083274,0.784647,0.503991,0.175084,1.572494,2.981292,1.278217,1.120457,0.531655,concentrate
5.507044,3.31952,1.035019,0.447787,0.257633,2.146444,2.91443,0.718579,0.398124,0.221757,1.754217,2.500562,0.733585,0.206928,0.135853,1.426449,2.977027,0.799583,0.308542,0.179546,1.675058,1.980401,0.906686,0.693409,0.207266,2.326982,1.10123,0.484445,0.549278,0.197322,0.852569,2.129112,0.82217,0.54952,0.17987,1.589174,2.972449,1.313822,1.117884,0.497518,concentrate
4.643441,3.138461,0.959503,0.471027,0.296889,1.969797,2.896838,0.680747,0.381857,0.227629,1.287038,2.365866,0.672539,0.214121,0.143914,1.212089,2.722214,0.754533,0.30886,0.19966,1.548822,1.865754,0.991017,0.764574,0.21678,1.947659,1.076744,0.590989,0.570337,0.193251,0.864116,2.009314,0.792596,0.586083,0.185692,1.636219,2.851908,1.321459,1.137769,0.459233,concentrate
3.502052,2.754842,0.831189,0.542897,0.338295,1.922464,2.824698,0.620243,0.364823,0.219384,0.881347,2.155225,0.576912,0.242778,0.150208,1.100032,2.433788,0.663615,0.313948,0.208495,1.366099,1.668222,1.029399,0.78387,0.225736,1.596663,1.026063,0.690934,0.581271,0.202624,0.874812,1.753187,0.730589,0.593375,0.189685,1.67668,2.600861,1.301561,1.186885,0.432406,concentrate
2.510332,2.310372,0.704705,0.628843,0.366807,2.062016,2.78874,0.556665,0.357199,0.198633,0.601551,1.941697,0.479051,0.288258,0.154225,1.131508,2.254327,0.556247,0.324346,0.204136,1.119825,1.464085,1.081899,0.743312,0.235228,1.28713,0.92028,0.808286,0.574665,0.226179,0.847767,1.461616,0.695569,0.560539,0.193344,1.65857,2.29064,1.287001,1.265703,0.42859,concentrate
1.827484,1.999683,0.636034,0.70828,0.375305,2.372537,2.851766,0.510749,0.364111,0.171124,0.474821,1.794232,0.411076,0.343625,0.156832,1.284263,2.270161,0.463462,0.339749,0.188784,0.890376,1.358766,1.218295,0.660693,0.248603,1.068947,0.805896,0.974794,0.557015,0.265276,0.833592,1.257586,0.736825,0.495019,0.201252,1.705973,2.070994,1.305671,1.35662,0.451277,concentrate
1.600935,1.942811,0.650216,0.781222,0.366234,2.665157,3.008318,0.49229,0.381083,0.143762,0.456014,1.740351,0.389579,0.3959,0.158842,1.456601,2.469167,0.403299,0.355944,0.167067,0.741445,1.412376,1.460669,0.575687,0.267607,0.942832,0.750574,1.193039,0.545989,0.319292,0.850195,1.217674,0.864394,0.420587,0.21787,1.930019,2.065441,1.358231,1.434066,0.495536,concentrate
1.813118,2.113691,0.721155,0.852723,0.348921,2.788271,3.185554,0.49474,0.395366,0.121716,0.483718,1.762084,0.404529,0.427686,0.159839,1.533809,2.747626,0.373077,0.364372,0.143893,0.705176,1.605228,1.765349,0.531389,0.290453,0.897641,0.797409,1.425578,0.557998,0.381704,0.914286,1.336306,1.040971,0.367858,0.245475,2.355984,2.306579,1.4129,1.488078,0.549725,concentrate
2.136404,2.34547,0.790268,0.921646,0.33261,2.570545,3.268883,0.495398,0.394867,0.106433,0.497431,1.801169,0.425718,0.425928,0.157913,1.437327,2.952245,0.352856,0.357465,0.122438,0.763424,1.839209,2.045725,0.550516,0.312828,0.906583,0.937423,1.603129,0.601598,0.439776,0.983935,1.52772,1.205077,0.356194,0.282451,2.900926,2.706857,1.421736,1.522133,0.601136,concentrate
2.252145,2.442406,0.807314,0.978439,0.321953,2.084352,3.168299,0.483045,0.377981,0.096508,0.479452,1.785534,0.427565,0.388989,0.151093,1.179141,2.956346,0.333902,0.335339,0.103982,0.862677,1.980285,2.216268,0.626695,0.329961,0.940781,1.106862,1.659448,0.672564,0.47854,1.027545,1.672602,1.304822,0.386298,0.323112,3.336189,3.075203,1.352734,1.547145,0.637598,concentrate
2.353373,2.315831,0.748269,1.008022,0.316649,1.498246,2.865867,0.458775,0.353006,0.09023,0.462123,1.669856,0.401553,0.326969,0.138843,0.879365,2.717506,0.314538,0.303526,0.088888,0.954605,1.934039,2.227106,0.728853,0.33965,0.981575,1.219637,1.571874,0.757711,0.487786,1.018208,1.679133,1.310958,0.441658,0.358691,3.50368,3.230884,1.19795,1.576392,0.649348,concentrate
2.400671,2.004497,0.635539,0.997569,0.31322,1.056401,2.432477,0.43432,0.333038,0.086862,0.487937,1.469673,0.364765,0.260391,0.122399,0.671984,2.300292,0.30241,0.272385,0.076869,1.026549,1.69757,2.086593,0.820355,0.343707,1.026153,1.223553,1.389688,0.843736,0.467065,0.98419,1.537556,1.238028,0.500995,0.380317,3.317683,3.09844,0.981813,1.61588,0.632759,concentrate
2.532721,1.616014,0.524146,0.94582,0.307622,0.915982,1.966291,0.416274,0.326484,0.087319,0.584544,1.236184,0.343395,0.209146,0.104692,0.647533,1.823542,0.303709,0.25122,0.06817,1.109919,1.368714,1.85969,0.86893,0.346521,1.099219,1.127853,1.202228,0.917712,0.424606,0.979534,1.314127,1.134725,0.540195,0.381763,2.879717,2.724526,0.759718,1.656749,0.593621,concentrate
2.691699,1.260977,0.465698,0.86215,0.297448,1.15341,1.55863,0.406622,0.33512,0.094234,0.753985,1.023943,0.357327,0.18621,0.089286,0.826448,1.405782,0.319976,0.244557,0.063753,1.309412,1.136345,1.635096,0.868976,0.352181,1.241329,0.999823,1.10045,0.976588,0.373026,1.131073,1.141881,1.061758,0.553784,0.36248,2.495895,2.274437,0.601758,1.685147,0.546825,concentrate
2.911685,0.992983,0.482964,0.76233,0.282029,1.675519,1.258354,0.404645,0.354022,0.108795,0.964226,0.857933,0.405765,0.191998,0.078172,1.146583,1.110314,0.348357,0.251943,0.06373,1.696661,1.161629,1.483857,0.834465,0.360284,1.46748,0.919663,1.129527,1.023508,0.324726,1.528422,1.130798,1.068377,0.547077,0.326985,2.458381,1.915431,0.555946,1.67966,0.508728,concentrate
3.06058,0.80483,0.554857,0.66578,0.265073,2.294667,1.070385,0.405846,0.374588,0.128803,1.165966,0.742027,0.463689,0.214964,0.071513,1.50227,0.94118,0.379895,0.268817,0.066594,2.244144,1.483692,1.429228,0.789896,0.366306,1.762999,0.938383,1.259066,1.056605,0.28859,2.160497,1.30231,1.167502,0.529632,0.284081,2.87709,1.742578,0.616785,1.628317,0.491743,concentrate
3.083614,0.657935,0.62819,0.590344,0.255813,2.829077,0.985187,0.408608,0.389395,0.14909,1.313691,0.67934,0.494015,0.240162,0.068656,1.795831,0.873498,0.408206,0.288597,0.070733,2.836426,2.014507,1.438741,0.758452,0.363674,2.072521,1.048339,1.402664,1.070354,0.267716,2.918492,1.610154,1.324042,0.513545,0.243768,3.622101,1.738682,0.727695,1.537139,0.499973,concentrate
3.004553,0.544622,0.651309,0.54718,0.264428,3.164368,1.029599,0.403752,0.394018,0.16415,1.390759,0.69105,0.470819,0.25733,0.068946,1.974998,0.911726,0.422449,0.305378,0.075087,3.291094,2.58175,1.449925,0.752421,0.347795,2.310384,1.185565,1.466051,1.057424,0.258479,3.610914,1.956666,1.464985,0.508017,0.21332,4.437326,1.83301,0.813801,1.420899,0.527912,concentrate
2.922253,0.509707,0.614792,0.535231,0.296114,3.268984,1.26348,0.394769,0.387492,0.171281,1.413778,0.817743,0.403636,0.262647,0.072225,2.039902,1.107596,0.420263,0.314681,0.079165,3.452805,2.99931,1.417712,0.767604,0.31956,2.408151,1.276345,1.415463,1.012373,0.254656,4.049042,2.231226,1.522486,0.515533,0.196062,5.128779,1.975392,0.832713,1.289774,0.560594,concentrate
3.067595,0.622707,0.545451,0.541974,0.347825,3.233497,1.710754,0.397822,0.372143,0.171439,1.424603,1.080206,0.328197,0.257014,0.078253,2.04612,1.499194,0.4123,0.314479,0.082862,3.319727,3.21112,1.337454,0.780199,0.28383,2.386112,1.348282,1.281415,0.927153,0.250248,4.166825,2.40642,1.465956,0.528092,0.190225,5.722546,2.205747,0.785846,1.144075,0.583744,concentrate
3.401608,0.930583,0.486272,0.553202,0.407463,3.188012,2.314431,0.426384,0.354254,0.167741,1.468467,1.448481,0.281762,0.245118,0.086265,2.077077,2.052546,0.409035,0.308337,0.086273,3.023064,3.313191,1.224869,0.769444,0.245733,2.313718,1.526539,1.120229,0.80784,0.242144,4.015127,2.549814,1.310835,0.539586,0.189347,6.296225,2.639553,0.698696,0.98801,0.589915,concentrate
3.907665,1.386141,0.469421,0.558582,0.45897,3.259659,2.927722,0.489733,0.340144,0.163303,1.568956,1.829729,0.28723,0.232737,0.095213,2.188759,2.641231,0.424061,0.302004,0.089949,2.747404,3.409924,1.101263,0.721101,0.210951,2.273267,1.899678,0.978738,0.677434,0.232891,3.723185,2.707757,1.107775,0.542929,0.187533,6.853735,3.27642,0.601721,0.838046,0.584011,concentrate
4.554299,1.863167,0.488141,0.554268,0.490119,3.476154,3.360064,0.575535,0.332465,0.160016,1.735873,2.096074,0.335726,0.224235,0.104018,2.399482,3.079958,0.456569,0.299312,0.094269,2.671679,3.564083,0.992968,0.634994,0.183351,2.3328,2.453473,0.874404,0.561064,0.227624,3.436178,2.88149,0.921182,0.532501,0.182771,7.379586,3.994467,0.517534,0.715109,0.577695,concentrate
5.04451,2.214213,0.515614,0.544759,0.499825,3.784114,3.456112,0.6546,0.328113,0.158299,1.933086,2.146036,0.395751,0.221462,0.111357,2.651712,3.207717,0.490087,0.299672,0.098802,2.869046,3.732692,0.913071,0.528089,0.164256,2.487792,3.037562,0.797585,0.476677,0.230446,3.271696,3.009606,0.794721,0.507827,0.175946,7.720023,4.563924,0.45572,0.632621,0.580872,concentrate
5.739356,2.338866,0.545104,0.539491,0.502427,4.089779,3.166196,0.702761,0.32051,0.157339,2.144084,1.953427,0.436656,0.223927,0.115717,2.890666,2.964386,0.512509,0.29825,0.102738,3.277876,3.789167,0.855812,0.4272,0.153889,2.708792,3.434777,0.730824,0.432015,0.243023,3.228541,2.995966,0.739261,0.474011,0.169168,7.91167,4.778555,0.415616,0.593844,0.598316,concentrate
6.860338,2.231376,0.604666,0.546256,0.519037,4.264701,2.571849,0.712527,0.304729,0.156512,2.304473,1.583419,0.450321,0.230226,0.116068,3.017745,2.420998,0.521424,0.288933,0.105545,3.705488,3.603824,0.818643,0.356505,0.154079,2.939293,3.46032,0.676136,0.423273,0.266892,3.202976,2.766949,0.746368,0.441173,0.165882,7.743579,4.517602,0.391283,0.609611,0.631994,concentrate
8.635625,1.95796,0.731928,0.566495,0.563285,4.190938,1.853498,0.687327,0.278966,0.15639,2.351709,1.159123,0.449394,0.239507,0.112746,2.943651,1.753523,0.520843,0.268447,0.107328,3.923293,3.151454,0.797928,0.327331,0.167095,3.128425,3.063917,0.656487,0.438556,0.301227,3.050615,2.330741,0.794079,0.418589,0.169614,7.223189,3.792379,0.373885,0.701189,0.680648,concentrate
11.693423,1.657643,0.939221,0.601358,0.633073,3.861679,1.227458,0.647812,0.249474,0.158554,2.268999,0.810613,0.455772,0.25191,0.108342,2.662718,1.173508,0.521988,0.242908,0.109005,3.810853,2.573674,0.795977,0.337037,0.193579,3.271673,2.394642,0.704605,0.465359,0.343974,2.726756,1.827512,0.870205,0.414423,0.183316,6.497029,2.83791,0.365764,0.888771,0.740208,concentrate
15.691095,1.450766,1.198603,0.657776,0.711593,3.322577,0.846716,0.617878,0.230459,0.164722,2.068794,0.620298,0.488711,0.268437,0.106901,2.227193,0.829271,0.536896,0.227144,0.111812,3.404383,2.09859,0.819743,0.373633,0.229635,3.373878,1.734931,0.853479,0.497682,0.391254,2.273112,1.446649,0.971717,0.432417,0.207354,6.246033,1.965603,0.396039,1.181883,0.805422,concentrate
20.090523,1.398865,1.456593,0.745377,0.778287,2.665547,0.741215,0.618703,0.237559,0.177248,1.805288,0.593666,0.556021,0.289508,0.11229,1.744239,0.745433,0.574439,0.235398,0.11744,2.844496,1.912142,0.880147,0.421454,0.26713,3.402861,1.336354,1.119325,0.540134,0.438543,1.78377,1.314616,1.088936,0.464285,0.237549,7.021503,1.352927,0.468583,1.562591,0.866399,concentrate
23.407692,1.490643,1.633624,0.864063,0.82124,2.068599,0.834282,0.645776,0.277558,0.199907,1.554744,0.682021,0.639906,0.315492,0.126547,1.338509,0.836926,0.622281,0.272949,0.128533,2.324679,2.063642,0.970413,0.472079,0.298343,3.310692,1.291721,1.473536,0.602734,0.48298,1.427508,1.449427,1.198714,0.494101,0.267139,8.43319,1.052681,0.597437,1.974718,0.914412,concentrate
24.575354,1.643188,1.664112,0.997637,0.838044,1.622416,1.014221,0.673028,0.34674,0.235656,1.387136,0.819399,0.707478,0.348607,0.148614,1.08836,0.985253,0.654936,0.335239,0.147484,2.011424,2.464052,1.056799,0.532463,0.319593,3.142159,1.511447,1.826299,0.687763,0.519627,1.285976,1.774251,1.259436,0.514563,0.288997,12.903649,0.97167,0.747954,2.335692,0.945353,concentrate
22.995424,1.775,1.549838,1.113667,0.832037,1.42276,1.197464,0.682025,0.428891,0.282847,1.374075,0.951532,0.735789,0.387165,0.173512,1.04372,1.104803,0.657609,0.407225,0.173905,2.065903,2.912401,1.110236,0.609344,0.333227,3.04799,1.800284,2.076336,0.778305,0.540967,1.382458,2.14163,1.244795,0.52617,0.299761,19.174248,1.018299,0.921178,2.557148,0.960028,concentrate
19.269112,1.848275,1.340316,1.176125,0.812775,1.509134,1.340013,0.653944,0.500172,0.333914,1.561849,1.049816,0.710811,0.424596,0.194834,1.229129,1.16166,0.61882,0.467757,0.203751,2.535786,3.223821,1.098824,0.699769,0.343788,3.186078,1.996101,2.140071,0.845531,0.539992,1.788896,2.421786,1.143027,0.532763,0.30101,30.013058,1.155632,1.099065,2.588453,0.967506,concentrate
14.728798,1.881452,1.101858,1.160458,0.796163,1.897669,1.434715,0.582761,0.539661,0.379158,1.944674,1.112353,0.632964,0.452135,0.210427,1.619833,1.164073,0.538733,0.498481,0.232545,3.335273,3.308506,1.008348,0.787707,0.353745,3.606689,2.048645,1.989565,0.867425,0.515708,2.298171,2.552417,0.96959,0.536894,0.297122,41.092171,1.413825,1.260829,2.446712,0.98098,concentrate
10.546036,1.913637,0.885182,1.071055,0.802343,2.451949,1.489737,0.486364,0.536456,0.41146,2.431897,1.148945,0.52467,0.462238,0.225496,2.111198,1.139646,0.436698,0.490759,0.259173,4.24197,3.156704,0.853765,0.848911,0.362814,4.200618,1.978736,1.657847,0.840014,0.478122,2.897283,2.517065,0.773308,0.537457,0.292849,51.471729,1.786839,1.378799,2.204064,1.012897,concentrate
7.582238,1.950118,0.720344,0.940769,0.845941,2.988164,1.513455,0.396125,0.495835,0.427888,2.86797,1.163271,0.422203,0.45417,0.247741,2.54491,1.113393,0.341708,0.449401,0.284522,4.983268,2.829894,0.679664,0.866783,0.367428,4.715506,1.84301,1.233344,0.778761,0.443431,3.264948,2.348292,0.612776,0.533094,0.290812,56.147556,2.259126,1.444174,1.955073,1.065323,concentrate
6.002576,1.963538,0.619849,0.811787,0.925654,3.291956,1.506554,0.340122,0.437238,0.429677,3.101485,1.149319,0.358506,0.433928,0.280957,2.760472,1.094932,0.277681,0.390165,0.308323,5.364548,2.418274,0.532629,0.838931,0.362381,4.921463,1.687386,0.820768,0.711601,0.425749,3.450482,2.109807,0.517839,0.524552,0.290615,56.462173,2.763046,1.451128,1.770461,1.129578,concentrate
5.415885,1.937842,0.580589,0.718418,1.02209,3.237537,1.459774,0.325965,0.384051,0.420246,3.040691,1.101145,0.344023,0.41128,0.32076,2.677297,1.07606,0.25096,0.332303,0.327715,5.304676,2.00126,0.431462,0.779645,0.345104,4.709051,1.54623,0.496936,0.668544,0.431948,3.321229,1.874237,0.475205,0.516856,0.2895,49.476513,3.248857,1.395326,1.677651,1.192641,concentrate
5.343707,1.889084,0.60153,0.675876,1.107405,2.83948,1.368963,0.341044,0.352357,0.402341,2.70166,1.026624,0.367933,0.39495,0.355365,2.317531,1.04315,0.253145,0.290629,0.337957,4.873006,1.635572,0.388335,0.712444,0.318656,4.162156,1.455416,0.307743,0.670481,0.459295,3.10725,1.700461,0.466093,0.517766,0.285236,40.511765,3.700941,1.28762,1.654598,1.242476,concentrate
5.468179,1.907034,0.666188,0.681802,1.154361,2.257844,1.261236,0.359863,0.345591,0.376473,2.183956,0.955529,0.40165,0.386727,0.370352,1.817397,0.998387,0.26471,0.271259,0.334298,4.215742,1.375804,0.407261,0.656756,0.289457,3.530963,1.464087,0.247379,0.717163,0.495925,2.80447,1.626116,0.475459,0.533885,0.277858,35.627651,4.210402,1.158775,1.659336,1.273073,concentrate
5.686545,2.063137,0.739626,0.720425,1.15031,1.712305,1.211818,0.363907,0.353022,0.342386,1.652015,0.939552,0.416517,0.381549,0.356784,1.339147,0.978788,0.270069,0.268999,0.31444,3.523216,1.28066,0.47068,0.613005,0.264116,3.046904,1.615945,0.266758,0.780224,0.527035,2.574171,1.660239,0.483814,0.559078,0.26941,34.038284,4.7555,1.034866,1.646755,1.281892,concentrate
5.701945,2.397561,0.81803,0.770279,1.103169,1.37825,1.296017,0.368123,0.356971,0.300763,1.240566,1.028297,0.41486,0.371124,0.315662,1.020969,1.03264,0.283292,0.271315,0.279532,2.951637,1.38484,0.564693,0.570318,0.246933,2.862786,1.919777,0.32306,0.822584,0.542336,2.402837,1.778462,0.505507,0.579189,0.261801,36.740437,5.378319,0.979371,1.586929,1.272221,concentrate
5.394067,2.841279,0.913126,0.81263,1.033485,1.338762,1.527637,0.401183,0.345075,0.256343,1.026212,1.221888,0.415129,0.350524,0.257992,0.908097,1.171374,0.325936,0.26687,0.235708,2.58275,1.689894,0.670366,0.518405,0.238643,2.986044,2.338559,0.392493,0.82215,0.536856,2.266678,1.942041,0.553131,0.578945,0.254965,39.447861,5.977695,1.009586,1.473522,1.247054,concentrate
4.889269,3.295891,1.039611,0.843828,0.96534,1.505758,1.866403,0.483343,0.321577,0.219569,0.957857,1.482089,0.437012,0.324233,0.200487,0.940562,1.377731,0.408989,0.256258,0.194171,2.427419,2.138638,0.77025,0.465245,0.239949,3.290938,2.773968,0.459421,0.782587,0.514293,2.122981,2.109468,0.639401,0.559001,0.249239,37.85704,6.372421,1.117561,1.340541,1.210558,concentrate
4.087462,3.636333,1.179717,0.862072,0.910429,1.759735,2.212483,0.599728,0.299426,0.200441,0.977688,1.739319,0.478348,0.300533,0.156705,1.036775,1.597258,0.515347,0.247608,0.165748,2.446659,2.61116,0.839366,0.431416,0.249652,3.578314,3.087446,0.509828,0.72551,0.482456,1.982406,2.228085,0.741374,0.532608,0.244935,32.494591,6.408025,1.246562,1.222932,1.161057,concentrate
3.371884,3.7776,1.295796,0.870063,0.861027,1.976917,2.459383,0.719529,0.294405,0.200457,1.011166,1.927832,0.527473,0.289415,0.131276,1.13234,1.767741,0.61754,0.25135,0.154577,2.572946,2.959517,0.852516,0.438972,0.265171,3.70701,3.187228,0.529216,0.677951,0.449711,1.843171,2.240426,0.817061,0.518205,0.243289,24.657333,5.969285,1.32743,1.147429,1.091314,concentrate
2.78122,3.736484,1.358213,0.869903,0.799102,2.086775,2.571239,0.813591,0.311752,0.212206,1.046535,2.032053,0.570799,0.294138,0.120398,1.197763,1.872631,0.694546,0.26977,0.157291,2.733078,3.103718,0.804062,0.492763,0.282264,3.611003,3.091605,0.518921,0.656663,0.420652,1.801253,2.139923,0.833349,0.52552,0.245199,15.357507,5.233963,1.335014,1.12051,0.993981,concentrate
2.310782,3.573915,1.375754,0.861398,0.713547,2.024835,2.548908,0.869618,0.343696,0.226429,1.05354,2.050466,0.602725,0.31033,0.118595,1.199299,1.907743,0.743272,0.295,0.168104,2.823804,3.014431,0.712797,0.576822,0.303277,3.267194,2.861565,0.499975,0.664129,0.397845,1.831594,1.944487,0.778254,0.550787,0.253509,9.779232,4.433147,1.310437,1.134594,0.873497,concentrate
1.936771,3.354529,1.385194,0.844252,0.608723,1.794146,2.424624,0.894473,0.375857,0.238474,1.040363,1.999342,0.631045,0.329651,0.123668,1.140334,1.878249,0.775463,0.315238,0.184177,2.776117,2.718143,0.603905,0.660343,0.341842,2.740966,2.567831,0.497571,0.688886,0.382847,1.921094,1.684561,0.666208,0.580216,0.272592,4.980714,3.748267,1.307476,1.165841,0.74958,concentrate
1.628132,3.13132,1.414903,0.815468,0.499936,1.459347,2.231347,0.895774,0.393543,0.248159,1.026681,1.894044,0.665247,0.34145,0.13568,1.047303,1.790053,0.799962,0.320063,0.204501,2.594815,2.278517,0.503044,0.71081,0.41391,2.186856,2.266212,0.531046,0.709225,0.373908,2.035798,1.395867,0.530382,0.597985,0.304972,3.353932,3.254792,1.386035,1.181928,0.651771,concentrate
1.534448,2.880105,1.449778,0.773692,0.408862,1.09219,1.981922,0.871479,0.389044,0.25869,1.023161,1.735801,0.702701,0.338214,0.154346,0.953917,1.641822,0.813747,0.306501,0.22776,2.341022,1.788893,0.426806,0.70987,0.526913,1.756659,1.982958,0.607142,0.706628,0.366867,2.13329,1.115107,0.405881,0.592369,0.349041,2.565905,2.882377,1.566631,1.158486,0.605479,concentrate
1.814546,2.604017,1.466918,0.725705,0.357609,0.780932,1.698872,0.820542,0.362591,0.273594,1.036121,1.537844,0.737837,0.319206,0.17708,0.892612,1.44576,0.809112,0.279576,0.251159,2.085752,1.345615,0.393905,0.664423,0.669924,1.548896,1.728079,0.731302,0.683635,0.357146,2.206301,0.877239,0.32903,0.560623,0.397646,2.581259,2.561887,1.826178,1.091292,0.619111,concentrate
2.448572,2.348014,1.444872,0.680927,0.359261,0.577926,1.422874,0.748813,0.320677,0.293307,1.054937,1.331774,0.760821,0.288549,0.198803,0.87513,1.234316,0.776143,0.2482,0.270461,1.887203,1.004922,0.416833,0.60115,0.812132,1.552627,1.503503,0.89962,0.655991,0.341073,2.22097,0.693965,0.315199,0.50898,0.439044,2.535057,2.252935,2.085367,0.997368,0.681427,concentrate
3.153,2.162507,1.373739,0.649656,0.410701,0.469714,1.200887,0.664367,0.271606,0.313036,1.057854,1.15376,0.758222,0.252714,0.21279,0.89339,1.043625,0.705121,0.219519,0.280255,1.724655,0.770344,0.490734,0.548751,0.912053,1.670947,1.302965,1.089287,0.637246,0.318072,2.178056,0.563032,0.349575,0.446166,0.460422,3.085131,1.96806,2.214522,0.90608,0.768685,concentrate
3.675353,2.092242,1.260924,0.640099,0.491774,0.422747,1.083658,0.582132,0.223233,0.32414,1.030493,1.0413,0.722863,0.219709,0.213193,0.920845,0.913221,0.601687,0.197723,0.275441,1.578624,0.621028,0.587747,0.521995,0.936259,1.804539,1.121882,1.259575,0.631363,0.291853,2.033851,0.480301,0.398165,0.380152,0.454841,3.032652,1.738517,2.201885,0.843925,0.853224,concentrate
3.771675,2.146771,1.139916,0.649297,0.573151,0.405511,1.095746,0.537472,0.181223,0.318387,0.980018,1.013491,0.668768,0.195965,0.19807,0.932161,0.866077,0.501675,0.182952,0.253886,1.421169,0.53833,0.678672,0.515736,0.875765,1.902833,0.969664,1.369665,0.633516,0.267954,1.815126,0.453637,0.435639,0.318653,0.425891,4.306994,1.576622,2.003225,0.817507,0.913091,concentrate
3.555603,2.292228,1.054864,0.667615,0.625351,0.418167,1.205795,0.563928,0.148824,0.292847,0.933064,1.058615,0.625456,0.183187,0.170829,0.923452,0.891051,0.45254,0.173068,0.218837,1.286621,0.520967,0.752394,0.511551,0.750217,2.013662,0.876,1.395232,0.635978,0.250465,1.577472,0.493425,0.470453,0.268785,0.385644,4.205084,1.530132,1.768819,0.812575,0.937357,concentrate
3.211248,2.464645,1.008475,0.690478,0.630822,0.47482,1.352874,0.660324,0.128964,0.252465,0.919504,1.143014,0.607976,0.180543,0.138811,0.917427,0.95809,0.475062,0.168984,0.178763,1.232851,0.566831,0.812147,0.493319,0.600657,2.183377,0.859543,1.328873,0.633642,0.239664,1.369747,0.591978,0.526983,0.238549,0.348223,5.246367,1.590911,1.512257,0.809836,0.924218,concentrate
2.933894,2.591646,0.959734,0.719884,0.591472,0.613936,1.474174,0.778356,0.122193,0.207697,0.952775,1.219404,0.605297,0.184408,0.109428,0.947314,1.028375,0.545799,0.171648,0.144059,1.302396,0.652522,0.868963,0.455481,0.470467,2.409708,0.903455,1.192299,0.624331,0.231907,1.217898,0.715144,0.625288,0.232116,0.32282,5.459766,1.721305,1.326607,0.797217,0.87894,concentrate
2.931158,2.670804,0.871915,0.762983,0.526095,0.863706,1.574456,0.874257,0.1247,0.169215,1.03182,1.278674,0.602416,0.189914,0.087058,1.057278,1.104011,0.627609,0.177984,0.122444,1.503746,0.764138,0.931543,0.406523,0.386036,2.645619,0.989474,1.023893,0.603118,0.222199,1.213452,0.850296,0.761783,0.244174,0.309508,5.746435,1.878835,1.182165,0.775761,0.810182,concentrate
3.294312,2.781533,0.747414,0.826511,0.459961,1.269508,1.787695,0.925232,0.132181,0.145083,1.176199,1.384121,0.588422,0.199515,0.07338,1.326266,1.284681,0.688408,0.186076,0.117764,1.771535,0.899536,0.988783,0.367292,0.350557,2.79728,1.115697,0.864097,0.567376,0.208328,1.242653,1.008412,0.911153,0.265072,0.301431,5.804516,2.074438,1.079618,0.756661,0.732469,concentrate
3.952837,3.009391,0.633068,0.907859,0.414967,1.894423,2.32315,0.913779,0.142061,0.141577,1.442008,1.644701,0.557647,0.220577,0.07009,1.863169,1.726345,0.701045,0.196388,0.132159,2.014525,1.073062,1.019089,0.361332,0.348803,2.800769,1.291291,0.740247,0.518956,0.195379,1.415774,1.204723,1.027849,0.292558,0.291582,5.395178,2.335618,0.989544,0.761068,0.664055,concentrate
4.610103,3.367384,0.567165,0.994986,0.403185,2.773844,3.298268,0.833639,0.155075,0.163118,1.868195,2.131701,0.510535,0.258011,0.080621,2.712234,2.514098,0.652443,0.211212,0.167709,2.172717,1.3331,0.99986,0.40492,0.362361,2.658014,1.54064,0.656016,0.463607,0.194334,1.527934,1.459448,1.068092,0.329943,0.279922,5.133933,2.67393,0.898539,0.805959,0.624503,concentrate
5.173903,3.776622,0.570146,1.069034,0.424342,3.801124,4.620354,0.715532,0.175492,0.210165,2.442075,2.80963,0.457363,0.30849,0.110065,3.779595,3.56709,0.559694,0.234292,0.226732,2.215852,1.723559,0.933954,0.492733,0.379404,2.438618,1.873257,0.620817,0.412575,0.215983,1.687059,1.763779,1.014652,0.378043,0.2722,4.444952,3.075843,0.853473,0.894307,0.624303,concentrate
5.385603,4.113602,0.62283,1.11135,0.468357,4.831944,5.972717,0.601136,0.208599,0.276536,3.090864,3.523202,0.408899,0.362316,0.161537,4.876733,4.636206,0.453314,0.268496,0.307439,2.237494,2.23752,0.861223,0.605055,0.39315,2.250726,2.257966,0.658718,0.392616,0.264714,1.713327,2.077176,0.900713,0.439332,0.274639,4.078419,3.477558,0.910104,1.019126,0.661742,concentrate
5.246154,4.242488,0.692474,1.116876,0.520895,5.638555,6.931998,0.525297,0.259394,0.350621,3.691721,4.04257,0.375237,0.411329,0.232626,5.745085,5.389409,0.367237,0.316276,0.400872,2.364194,2.792317,0.842069,0.723247,0.401639,2.200575,2.620892,0.78756,0.440049,0.334683,1.776662,2.328205,0.79184,0.521409,0.288572,4.191769,3.799383,1.091659,1.179234,0.729594,concentrate
4.876649,4.112473,0.743518,1.096382,0.566768,6.122668,7.160735,0.493579,0.327217,0.416097,4.098332,4.187767,0.353948,0.453247,0.313425,6.18399,5.566064,0.31811,0.376979,0.490081,2.705601,3.247905,0.92277,0.838085,0.403468,2.296543,2.876686,1.002342,0.581047,0.410219,1.816749,2.440719,0.752429,0.628195,0.306636,4.923955,3.99377,1.348833,1.375447,0.819883,concentrate
4.325823,3.749804,0.746787,1.065388,0.59507,6.132671,6.575349,0.493548,0.402869,0.456411,4.206004,3.903875,0.334433,0.489792,0.387238,6.077197,5.114141,0.307467,0.444861,0.553935,3.226888,3.486934,1.113192,0.945712,0.396448,2.45777,2.977576,1.265652,0.808534,0.47078,1.961217,2.387431,0.814186,0.752459,0.316303,6.788393,4.036106,1.597381,1.596848,0.925028,concentrate
3.887024,3.26545,0.694727,1.035987,0.606491,5.723613,5.377264,0.509246,0.474319,0.46255,3.980187,3.287476,0.312414,0.526721,0.436964,5.470811,4.200828,0.329451,0.510291,0.576197,3.769694,3.464586,1.370494,1.038062,0.379742,2.596922,2.930708,1.513427,1.078205,0.499496,2.115871,2.200006,0.963912,0.873657,0.307462,8.434195,3.953276,1.731429,1.814476,1.032864,concentrate
3.610844,2.79102,0.612401,1.009594,0.611394,5.029455,3.959653,0.526807,0.527732,0.435177,3.526591,2.54528,0.297092,0.565163,0.451116,4.550422,3.136999,0.373564,0.559838,0.551854,4.151926,3.23373,1.616462,1.107677,0.356261,2.701988,2.809232,1.68899,1.321335,0.489695,2.288132,1.949176,1.141183,0.96576,0.278838,10.383669,3.795575,1.710855,1.978926,1.121442,concentrate
3.544339,2.399105,0.541155,0.979268,0.621809,4.21001,2.701493,0.55083,0.552328,0.383823,2.975617,1.872576,0.304418,0.59666,0.428466,3.54897,2.21052,0.435443,0.58013,0.489012,4.253444,2.916707,1.789739,1.146992,0.331098,2.800625,2.714726,1.757256,1.469057,0.447902,2.415059,1.701155,1.2879,1.007028,0.238722,11.686398,3.704649,1.559677,2.047596,1.166385,concentrate
3.59938,2.080189,0.51846,0.940114,0.644241,3.411268,1.82888,0.600294,0.543831,0.3232,2.478933,1.382761,0.34773,0.605286,0.378341,2.676575,1.574859,0.51624,0.562823,0.405751,4.068496,2.641734,1.885801,1.144266,0.308936,2.901631,2.705836,1.721648,1.475497,0.390345,2.495903,1.505022,1.370073,0.982198,0.199602,12.321957,3.725954,1.359046,2.005545,1.149544,concentrate
3.670003,1.822261,0.551273,0.885609,0.674898,2.740684,1.395926,0.685978,0.505166,0.266913,2.100326,1.090274,0.424095,0.577976,0.316608,2.032281,1.234424,0.60994,0.508013,0.322775,3.690157,2.470653,1.935546,1.086951,0.292246,2.972684,2.778711,1.617564,1.334671,0.334597,2.527035,1.369763,1.383401,0.891377,0.171149,12.331629,3.86775,1.195855,1.876659,1.068588,concentrate
3.646188,1.637512,0.634583,0.819686,0.701796,2.252788,1.296653,0.798496,0.447986,0.223441,1.846902,0.930701,0.522649,0.516532,0.2596,1.626641,1.08001,0.704737,0.426925,0.255553,3.256317,2.390572,1.977539,0.976822,0.27991,2.95305,2.882578,1.522773,1.090911,0.29222,2.55143,1.288027,1.355753,0.7558,0.15675,11.558033,4.116433,1.130045,1.712769,0.941959,concentrate
3.452421,1.553349,0.757087,0.764856,0.711367,1.916247,1.404715,0.910265,0.391334,0.195125,1.658173,0.835995,0.623828,0.440749,0.218443,1.383151,1.011718,0.784607,0.341605,0.210637,2.91535,2.338106,2.031038,0.835102,0.268435,2.816266,2.946292,1.517517,0.821852,0.266926,2.59358,1.255484,1.325866,0.613268,0.153986,10.619415,4.428521,1.188461,1.570769,0.803052,concentrate
3.091913,1.613032,0.903645,0.752924,0.694347,1.697857,1.672089,0.999681,0.354481,0.180695,1.5037,0.796601,0.710153,0.378838,0.196077,1.244614,1.023774,0.842328,0.275838,0.186408,2.77954,2.267443,2.074704,0.691807,0.256063,2.631754,2.920981,1.629134,0.606359,0.254842,2.715517,1.286002,1.313127,0.501713,0.158341,9.481288,4.725752,1.32426,1.484583,0.686634,concentrate
2.634026,1.808292,1.056414,0.8076,0.651194,1.602246,2.059474,1.048749,0.347441,0.177717,1.378295,0.821585,0.770423,0.353355,0.188287,1.191334,1.134468,0.874292,0.244934,0.176583,2.884807,2.225423,2.061613,0.571994,0.24457,2.50957,2.820407,1.818588,0.497149,0.248908,2.891652,1.422954,1.304852,0.442984,0.167686,8.656826,4.972792,1.477045,1.457108,0.616123,concentrate
2.150841,2.083126,1.187079,0.921536,0.592587,1.575871,2.447242,1.03385,0.366569,0.182103,1.280275,0.894726,0.791205,0.366969,0.186898,1.196978,1.305924,0.867011,0.248665,0.173487,3.167895,2.324374,1.944296,0.486058,0.236818,2.520909,2.701722,1.991402,0.502512,0.243332,3.091831,1.706112,1.267317,0.433597,0.18201,7.920563,5.159752,1.597419,1.46019,0.593801,concentrate
1.763062,2.329185,1.244868,1.056484,0.533043,1.567433,2.684416,0.944823,0.396437,0.189069,1.203155,0.966982,0.759215,0.402967,0.183946,1.211995,1.453114,0.810873,0.272925,0.171136,3.483654,2.647487,1.714393,0.427112,0.234176,2.656245,2.625857,2.044836,0.58714,0.235172,3.191497,2.123249,1.167129,0.446741,0.2005,7.733615,5.261079,1.638155,1.453191,0.601848,concentrate
1.716542,2.428274,1.199485,1.162309,0.484291,1.642839,2.66622,0.806112,0.420346,0.193876,1.234982,0.983187,0.679906,0.437659,0.174309,1.290707,1.495242,0.719193,0.300285,0.165513,3.693844,3.168485,1.42186,0.384702,0.235618,2.830171,2.599189,1.917809,0.69799,0.226306,3.133729,2.594509,1.000465,0.452498,0.220451,7.569833,5.21695,1.546721,1.413328,0.615088,concentrate
2.133969,2.338395,1.087835,1.198422,0.451341,1.857671,2.391354,0.685519,0.429073,0.193616,1.455255,0.917344,0.597555,0.454076,0.157082,1.486707,1.401553,0.644146,0.3179,0.15532,3.657519,3.811106,1.146336,0.35001,0.238593,2.916013,2.614363,1.63185,0.788497,0.220378,2.888276,3.038766,0.809529,0.43311,0.237277,7.669219,5.040015,1.345773,1.347228,0.617572,concentrate
3.078394,2.127203,0.998614,1.147684,0.431983,2.298141,2.016331,0.681049,0.424129,0.189362,1.935999,0.802544,0.573115,0.448156,0.135953,1.876968,1.242429,0.660235,0.321775,0.143837,3.381766,4.472744,0.96404,0.320142,0.240873,2.90043,2.692587,1.286551,0.829148,0.219993,2.534565,3.403527,0.66585,0.390468,0.246185,7.713418,4.832513,1.146997,1.277295,0.605399,concentrate
4.508807,1.940796,1.010783,1.017024,0.418748,2.905278,1.755567,0.858957,0.413438,0.186466,2.609373,0.723091,0.656021,0.425563,0.116675,2.408043,1.138296,0.81702,0.314497,0.137403,3.012696,5.045364,0.910115,0.297232,0.241519,2.89439,2.848286,1.009988,0.80826,0.225987,2.221127,3.666904,0.617943,0.340801,0.24408,8.137199,4.689017,1.041792,1.21473,0.581175,concentrate
6.31828,1.955634,1.151971,0.838794,0.404401,3.558966,1.769554,1.208517,0.407202,0.191744,3.329352,0.767311,0.849581,0.397594,0.104867,2.969219,1.198779,1.103747,0.302771,0.141463,2.745005,5.412668,0.960295,0.28508,0.24099,3.054126,3.048676,0.886603,0.736274,0.237614,2.054729,3.803445,0.666026,0.305166,0.231744,9.090309,4.626435,1.091218,1.161299,0.549857,concentrate
8.456882,2.311708,1.383636,0.667016,0.389565,4.111604,2.0741,1.640203,0.410119,0.21014,3.889653,0.983131,1.094994,0.375424,0.104834,3.39266,1.457669,1.444089,0.293507,0.158512,2.715487,5.49944,1.038472,0.287153,0.240977,3.472082,3.251736,0.901811,0.64689,0.25393,2.081348,3.807248,0.759687,0.299377,0.215363,11.350881,4.652318,1.261924,1.116568,0.51716,concentrate
10.766218,3.030758,1.619814,0.556582,0.38396,4.436953,2.546107,2.032137,0.421982,0.242532,4.122933,1.356428,1.303743,0.366727,0.118759,3.562447,1.862676,1.73285,0.29262,0.187857,2.923555,5.2744,1.071277,0.307023,0.242743,4.061946,3.411515,0.968314,0.585249,0.273322,2.267748,3.69256,0.840813,0.326931,0.205313,14.460249,4.836032,1.470556,1.081376,0.49103,concentrate
12.813409,3.947209,1.792868,0.537221,0.400281,4.448717,2.991056,2.298294,0.437006,0.283816,3.948055,1.805842,1.420289,0.372788,0.145958,3.422505,2.29291,1.896824,0.301543,0.226392,3.213106,4.76359,1.056889,0.351847,0.246942,4.589858,3.485026,0.999539,0.583017,0.293381,2.494458,3.482571,0.898261,0.379378,0.210602,18.294523,5.172688,1.637138,1.057263,0.483621,concentrate
14.154154,4.781596,1.884327,0.60092,0.4439,4.158351,3.222075,2.411658,0.444462,0.324101,3.419572,2.204492,1.445292,0.387374,0.182478,3.008008,2.599129,1.917782,0.314855,0.269015,3.36963,4.040677,1.050793,0.423063,0.254112,4.839508,3.454035,0.956513,0.639983,0.310872,2.620028,3.197178,0.961404,0.440125,0.233872,21.129618,5.578953,1.747554,1.034582,0.506253,concentrate
14.286176,5.249946,1.906059,0.709743,0.507553,3.649358,3.164863,2.391286,0.433783,0.35334,2.743991,2.443043,1.413383,0.400225,0.221001,2.43291,2.681817,1.822521,0.323387,0.309256,3.25021,3.217996,1.122869,0.512329,0.267446,4.755826,3.316327,0.865438,0.726243,0.324231,2.547747,2.859394,1.067876,0.49241,0.272284,22.763977,5.879641,1.811676,0.996571,0.559246,concentrate
13.273002,5.214874,1.875142,0.818775,0.575084,3.064379,2.894411,2.27214,0.402995,0.366086,2.155501,2.507847,1.363049,0.403161,0.252549,1.860759,2.565088,1.658732,0.319894,0.340697,2.873438,2.414386,1.282878,0.599878,0.29363,4.44881,3.083179,0.77659,0.797603,0.334804,2.296258,2.483013,1.21318,0.523698,0.321005,22.057154,5.877103,1.864809,0.934164,0.629252,concentrate
11.407486,4.722779,1.793121,0.897723,0.630258,2.532855,2.576076,2.080713,0.358944,0.36328,1.841757,2.460505,1.304427,0.393185,0.26964,1.421341,2.364179,1.462996,0.302305,0.358232,2.39136,1.762076,1.472179,0.658261,0.336607,4.11818,2.788187,0.719921,0.816842,0.344922,1.977616,2.099194,1.347774,0.528364,0.375097,19.749149,5.489649,1.894058,0.862536,0.696304,concentrate
9.20697,3.971234,1.645612,0.935814,0.666557,2.169101,2.376996,1.82961,0.310794,0.351165,1.84715,2.396808,1.221785,0.370662,0.268816,1.194564,2.222787,1.251742,0.271935,0.359103,1.971626,1.331166,1.589215,0.668036,0.392885,3.906837,2.448306,0.681658,0.770889,0.356101,1.699307,1.72448,1.396483,0.510538,0.430108,16.207136,4.789267,1.853669,0.831712,0.741968,concentrate
7.226337,3.187091,1.419776,0.9416,0.689407,1.954525,2.37567,1.513253,0.266161,0.338159,2.046759,2.379086,1.087472,0.339752,0.251688,1.143268,2.227114,1.019285,0.233449,0.344231,1.732068,1.120813,1.551218,0.629824,0.450853,3.819805,2.07251,0.627206,0.678298,0.367629,1.55531,1.369564,1.305775,0.48194,0.480212,12.658787,3.894939,1.686658,0.90041,0.75717,concentrate
5.763219,2.526913,1.131752,0.93401,0.711952,1.856766,2.535309,1.14715,0.231107,0.331979,2.255158,2.39527,0.887309,0.307673,0.224382,1.194239,2.362486,0.764995,0.194746,0.319025,1.687167,1.07673,1.349201,0.563053,0.4949,3.729647,1.671867,0.53582,0.581031,0.377423,1.51508,1.051774,1.085377,0.457617,0.518621,9.849003,2.987059,1.39027,1.095176,0.746958,concentrate
4.890522,2.042869,0.832825,0.930157,0.744541,1.858674,2.741356,0.782911,0.210204,0.335224,2.342085,2.383969,0.646089,0.283685,0.194675,1.287848,2.534337,0.513086,0.165387,0.290902,1.743158,1.130493,1.050758,0.497251,0.512238,3.489416,1.287637,0.428776,0.528859,0.382891,1.540326,0.798059,0.809018,0.447951,0.539156,8.196608,2.227586,1.014853,1.388886,0.724833,concentrate
4.499293,1.695864,0.589057,0.932864,0.784854,1.964889,2.86553,0.49043,0.204102,0.344072,2.273455,2.278425,0.421248,0.272899,0.168948,1.400531,2.624872,0.310957,0.150875,0.266076,1.817738,1.243039,0.760562,0.455574,0.499183,3.047519,0.983002,0.35498,0.551036,0.382195,1.511008,0.654611,0.574393,0.453137,0.537746,7.382705,1.709434,0.666533,1.708567,0.707198,concentrate
4.198445,1.414011,0.455823,0.934506,0.818068,2.126981,2.829835,0.311749,0.205354,0.351202,2.056055,2.047051,0.265173,0.273031,0.150392,1.491091,2.551927,0.194079,0.148526,0.247239,1.898109,1.373025,0.570404,0.44591,0.463658,2.498132,0.800493,0.35258,0.64002,0.375146,1.475826,0.640119,0.458263,0.466939,0.514123,6.879991,1.407467,0.444538,1.976151,0.709506,concentrate
3.845909,1.138508,0.444512,0.927773,0.824585,2.256707,2.598542,0.248893,0.208824,0.348727,1.753795,1.69995,0.199495,0.279166,0.138669,1.523256,2.283928,0.165886,0.152989,0.231641,2.019283,1.466384,0.516776,0.461404,0.420726,2.040981,0.740041,0.428862,0.75725,0.363526,1.42014,0.709659,0.480908,0.48115,0.472603,6.361909,1.241984,0.393637,2.143563,0.7513,concentrate
3.454455,0.886073,0.51723,0.908911,0.791826,2.310114,2.228324,0.264618,0.214462,0.330951,1.455493,1.310085,0.205125,0.285887,0.131702,1.494503,1.877885,0.195008,0.160276,0.212954,2.169986,1.477704,0.572337,0.484197,0.384623,1.802446,0.765821,0.55342,0.849986,0.349704,1.391497,0.785553,0.599349,0.487534,0.42071,6.015349,1.156267,0.483755,2.208249,0.846599,concentrate
2.999748,0.708836,0.612179,0.88312,0.7273,2.291068,1.840803,0.308165,0.225809,0.297976,1.232132,0.974006,0.241246,0.289457,0.128503,1.43736,1.451925,0.238723,0.169358,0.187126,2.267319,1.403635,0.678386,0.497534,0.361806,1.75687,0.835697,0.676752,0.878159,0.336317,1.374751,0.813905,0.742387,0.484115,0.367309,5.997581,1.138828,0.645618,2.198459,0.990559,concentrate
2.576549,0.638653,0.686256,0.861366,0.653651,2.234659,1.566175,0.346994,0.243712,0.255487,1.11396,0.766583,0.274728,0.2904,0.129449,1.404486,1.136511,0.268947,0.180287,0.155061,2.209501,1.280852,0.785453,0.499663,0.349248,1.760779,0.915112,0.767922,0.83339,0.326194,1.319388,0.786016,0.851695,0.477331,0.319081,6.202001,1.203835,0.798491,2.139902,1.155,concentrate
2.145048,0.676496,0.725588,0.854004,0.591831,2.173394,1.476282,0.367886,0.266286,0.211715,1.080541,0.707375,0.291067,0.294951,0.134341,1.43066,1.003002,0.276148,0.1943,0.121474,1.943364,1.172859,0.868444,0.501655,0.338619,1.656429,0.989838,0.818001,0.736981,0.320945,1.210465,0.735292,0.901529,0.477846,0.278862,6.442986,1.323241,0.897039,2.040658,1.295834,concentrate
1.960734,0.829335,0.739869,0.870409,0.550964,2.161609,1.568974,0.377367,0.294268,0.175256,1.095097,0.780471,0.29862,0.317609,0.141672,1.533092,1.046077,0.269439,0.21696,0.092291,1.549582,1.150112,0.901893,0.513829,0.323258,1.387664,1.105791,0.823761,0.63072,0.320724,1.03421,0.710703,0.877649,0.488948,0.248218,6.440434,1.48868,0.930069,1.895701,1.372006,concentrate
2.549844,1.182296,0.770185,0.919465,0.532077,2.278261,1.799322,0.406704,0.329414,0.152229,1.186526,0.966992,0.341844,0.371203,0.148611,1.743668,1.217567,0.278288,0.253305,0.072163,1.261526,1.234978,0.88012,0.540199,0.303812,1.077301,1.293177,0.796407,0.560493,0.325948,0.948607,0.741709,0.788371,0.50693,0.23112,6.705564,1.745107,0.91511,1.71899,1.365598,concentrate
4.980836,1.785008,0.893956,1.003993,0.526333,2.680846,2.082295,0.496059,0.372393,0.1438,1.483952,1.232993,0.488756,0.454441,0.152066,2.157705,1.442228,0.342395,0.302664,0.062971,1.349262,1.412247,0.823605,0.580086,0.286261,0.973052,1.548427,0.761716,0.55395,0.335544,1.071103,0.83907,0.670294,0.525075,0.230602,8.274047,2.138355,0.901729,1.548068,1.285394,concentrate
9.917985,2.577169,1.186523,1.118053,0.523987,3.475093,2.332038,0.660609,0.421037,0.146204,2.120795,1.516209,0.788495,0.551928,0.150109,2.855124,1.649634,0.485649,0.358954,0.063608,1.989472,1.655113,0.774725,0.628719,0.277566,1.355384,1.853422,0.757764,0.611278,0.346388,1.524098,1.000808,0.579538,0.5387,0.245226,11.714831,2.656257,0.941363,1.432614,1.165816,concentrate
16.985971,3.393502,1.659839,1.239844,0.520244,4.636722,2.468976,0.870225,0.467812,0.154297,3.128411,1.741822,1.225964,0.638165,0.143796,3.826861,1.773957,0.691104,0.410431,0.071942,3.138992,2.014203,0.766762,0.676324,0.283242,2.377253,2.233524,0.813814,0.709179,0.355996,2.279924,1.245395,0.552955,0.544575,0.26871,16.656931,3.22077,1.045482,1.391144,1.050059,concentrate
24.845375,4.069615,2.236543,1.334603,0.515071,5.995579,2.494382,1.059482,0.504097,0.164296,4.390673,1.912766,1.709138,0.688627,0.13744,4.948381,1.8184,0.905965,0.444803,0.086286,4.508798,2.596184,0.804269,0.710773,0.302487,3.939123,2.796133,0.927912,0.812484,0.362308,3.161336,1.618246,0.592209,0.541218,0.291414,21.862085,3.78916,1.180657,1.39669,0.968821,concentrate
31.528458,4.512301,2.770169,1.375877,0.512272,7.268787,2.481264,1.168237,0.527246,0.174817,5.682733,2.106061,2.103638,0.693216,0.136598,6.012256,1.866237,1.071964,0.45705,0.105327,5.765651,3.413506,0.861355,0.726418,0.32944,5.749646,3.619357,1.066184,0.894733,0.365051,3.966027,2.114187,0.665885,0.531739,0.304735,25.809629,4.339118,1.287091,1.403908,0.932285,concentrate
34.930576,4.70685,3.090656,1.352402,0.513976,8.129981,2.516125,1.160267,0.539807,0.18471,6.708815,2.40378,2.28094,0.658405,0.144331,6.771766,2.011702,1.140797,0.451066,0.126411,6.61893,4.339156,0.901375,0.72246,0.355664,7.366209,4.654824,1.179781,0.943881,0.36381,4.501149,2.663384,0.72819,0.52215,0.303863,27.226288,4.868481,1.315148,1.374163,0.927499,concentrate
34.014782,4.707202,3.085884,1.277543,0.517255,8.326633,2.636218,1.037238,0.548421,0.191731,7.210443,2.820942,2.183639,0.605916,0.159051,7.031065,2.289947,1.096659,0.438539,0.145203,6.948553,5.148733,0.900366,0.702056,0.372365,8.392034,5.697147,1.221595,0.957448,0.357011,4.723507,3.153963,0.741755,0.517947,0.288919,25.951294,5.300387,1.249087,1.306931,0.929842,concentrate
29.263597,4.581139,2.753851,1.177769,0.514038,7.791929,2.800519,0.837201,0.557401,0.192933,7.056182,3.269027,1.845901,0.558709,0.175,6.713034,2.642577,0.960171,0.431024,0.156724,6.793665,5.597374,0.858457,0.669498,0.373356,8.607743,6.458268,1.170119,0.938375,0.343358,4.628523,3.442878,0.696645,0.521196,0.264441,22.842339,5.544145,1.110645,1.232555,0.914953,concentrate
22.220482,4.388725,2.197461,1.07842,0.500452,6.67544,2.906665,0.618022,0.56284,0.18607,6.316173,3.590853,1.375073,0.525869,0.185527,5.907585,2.936779,0.774555,0.430822,0.157724,6.324434,5.519599,0.795488,0.627633,0.356793,8.102686,6.703063,1.042414,0.890995,0.323999,4.350858,3.419893,0.613453,0.530112,0.237838,19.114325,5.538252,0.946168,1.187764,0.867002,concentrate
15.355715,4.157911,1.582463,0.988438,0.479621,5.296668,2.859772,0.43843,0.554783,0.171707,5.219559,3.644819,0.909141,0.501692,0.187029,4.839421,3.040708,0.591009,0.43236,0.1488,5.677799,4.913407,0.732124,0.577556,0.325157,7.101481,6.367404,0.876716,0.816436,0.303559,3.961216,3.065638,0.52171,0.539613,0.216842,15.942069,5.291338,0.795911,1.197546,0.78089,concentrate
10.083776,3.868126,1.068546,0.90438,0.459225,3.97524,2.594112,0.332853,0.526192,0.154705,4.039254,3.363107,0.556307,0.473651,0.180795,3.747396,2.869781,0.450231,0.42885,0.134572,4.973853,3.964251,0.67503,0.521476,0.285196,5.908951,5.601479,0.708599,0.721172,0.287565,3.560606,2.478334,0.445395,0.543883,0.206924,13.893247,4.890663,0.682713,1.250213,0.662106,concentrate
6.770915,3.520181,0.740096,0.823208,0.445918,2.911484,2.154935,0.299881,0.479137,0.142596,2.95548,2.822727,0.357108,0.434746,0.171845,2.782421,2.467671,0.37118,0.417589,0.121886,4.261615,2.96022,0.616723,0.46372,0.246605,4.780794,4.6956,0.560949,0.620507,0.280851,3.119213,1.833326,0.393047,0.53886,0.210239,12.734668,4.432557,0.612072,1.310443,0.528986,concentrate
4.848036,3.186519,0.596953,0.74119,0.443029,2.219191,1.695221,0.326696,0.427479,0.14132,2.099359,2.212712,0.291254,0.391934,0.16553,2.080951,1.991799,0.360505,0.403036,0.115982,3.584346,2.141046,0.543763,0.409888,0.219966,3.85913,3.903474,0.445072,0.537279,0.286244,2.69489,1.296423,0.354472,0.524066,0.226144,11.995728,4.039284,0.5871,1.342724,0.405326,concentrate
3.694285,2.962504,0.597984,0.663732,0.450445,1.967808,1.39903,0.394141,0.395283,0.151656,1.606981,1.728649,0.318556,0.36682,0.164382,1.775128,1.629446,0.409819,0.396281,0.11826,2.957798,1.619403,0.460162,0.3662,0.211792,3.167899,3.320123,0.376971,0.492334,0.301299,2.269128,0.948684,0.320297,0.501626,0.250573,11.242518,3.76251,0.625704,1.333122,0.31036,concentrate
2.832846,2.90948,0.696599,0.604043,0.465122,2.407016,1.509968,0.492307,0.406774,0.168572,1.729174,1.525466,0.418208,0.386674,0.167114,2.139824,1.601496,0.512208,0.408245,0.126198,2.423761,1.363576,0.391614,0.336052,0.220887,2.729014,2.879451,0.378161,0.492499,0.31973,1.894004,0.779153,0.296522,0.47463,0.27582,10.318363,3.552453,0.750647,1.289571,0.25181,concentrate
2.635513,3.008724,0.856512,0.583152,0.47945,4.024236,2.421559,0.619659,0.482128,0.184865,2.751244,1.732627,0.588697,0.475166,0.16987,3.57703,2.21502,0.658313,0.449097,0.134957,2.028075,1.324697,0.379974,0.321504,0.240477,2.567683,2.46062,0.470482,0.53028,0.333636,1.590378,0.749945,0.307183,0.447367,0.293255,9.344663,3.341513,0.971351,1.229224,0.226583,concentrate
3.327508,3.183658,1.057083,0.629856,0.484909,7.172775,4.483761,0.774383,0.628491,0.196549,4.80001,2.399375,0.823798,0.634451,0.169371,6.351093,3.714147,0.830906,0.523539,0.140368,1.898087,1.536764,0.45388,0.325012,0.262716,2.808615,2.043884,0.642866,0.585238,0.336521,1.47631,0.859428,0.371715,0.424301,0.296668,8.855052,3.128347,1.255509,1.169819,0.22758,concentrate
5.02555,3.334322,1.276379,0.764103,0.475938,11.656479,7.645921,0.959346,0.829958,0.204748,7.580649,3.412764,1.090386,0.837039,0.165826,10.195344,6.024538,1.015893,0.624932,0.141174,2.198077,2.138534,0.61862,0.352256,0.282511,3.631536,1.762803,0.844831,0.644581,0.327428,1.655633,1.180192,0.491936,0.411983,0.285345,9.50962,3.031168,1.536803,1.138643,0.252831,concentrate
7.542365,3.381322,1.493308,0.976098,0.452415,16.584715,11.312516,1.164352,1.047711,0.212668,10.457658,4.514342,1.332572,1.031225,0.162064,14.302876,8.669901,1.194303,0.734284,0.139183,3.082599,3.200355,0.835857,0.408021,0.298507,5.114087,1.752621,1.012001,0.708483,0.311619,2.216797,1.777229,0.633287,0.41693,0.263977,11.692113,3.193933,1.73741,1.17057,0.303598,concentrate
10.357659,3.307078,1.668538,1.219303,0.422783,20.650297,14.528565,1.354955,1.227697,0.222191,12.672737,5.398636,1.481191,1.157321,0.16055,17.562084,10.941513,1.335634,0.822217,0.137469,4.58664,4.547086,1.045277,0.484414,0.312933,7.194414,2.018652,1.094324,0.779446,0.297427,3.177132,2.582634,0.74615,0.436917,0.240818,15.415081,3.608807,1.800631,1.282634,0.376015,concentrate
12.800593,3.117421,1.762908,1.422505,0.401328,22.601786,16.329048,1.481858,1.315976,0.231423,13.585818,5.798813,1.490812,1.173148,0.160899,18.990414,12.150417,1.40862,0.857869,0.137637,6.514807,5.842853,1.193597,0.563083,0.327836,9.527959,2.412793,1.075047,0.857202,0.291354,4.426833,3.438984,0.79416,0.461031,0.223547,19.929785,4.078014,1.710419,1.459648,0.461528,concentrate
14.176943,2.86582,1.750019,1.514956,0.397918,21.847692,16.182747,1.502489,1.281983,0.235762,12.948264,5.612872,1.362062,1.07374,0.160213,18.166405,11.931697,1.391301,0.822413,0.139062,8.409247,6.731457,1.242018,0.621223,0.341975,11.670201,2.749154,0.966867,0.934874,0.295182,5.698822,4.173481,0.765694,0.476097,0.215758,24.290522,4.454648,1.486087,1.653209,0.548801,concentrate
14.12223,2.65853,1.625563,1.456035,0.41293,18.794565,14.245301,1.396639,1.131546,0.230624,11.071234,4.960569,1.138968,0.892151,0.154834,15.501002,10.426424,1.276824,0.717983,0.139871,9.733843,7.00491,1.181765,0.641418,0.350219,13.208853,2.944844,0.806419,0.998913,0.305286,6.668777,4.657289,0.674668,0.473939,0.215588,27.530012,4.648833,1.192524,1.816242,0.627871,concentrate
12.830196,2.652689,1.410274,1.256947,0.436482,14.568152,11.228346,1.183892,0.907336,0.214336,8.645761,4.124176,0.88983,0.683682,0.14327,11.971437,8.189256,1.085415,0.570006,0.138399,10.169958,6.725458,1.032732,0.623036,0.34612,13.91002,3.163995,0.636318,1.035645,0.314987,7.157183,4.874249,0.551966,0.454664,0.216915,29.037722,4.776574,0.915476,1.925826,0.692298,concentrate
10.882666,3.021452,1.161665,0.976064,0.452222,10.483954,8.076252,0.925883,0.668601,0.189765,6.408193,3.445897,0.675219,0.499886,0.127562,8.644805,5.938177,0.862132,0.414727,0.134279,9.666294,6.183968,0.849338,0.584042,0.325705,13.71315,3.749492,0.492095,1.036973,0.317655,7.140947,4.900559,0.435447,0.425576,0.212555,28.556616,5.056802,0.727468,1.983565,0.741242,concentrate
9.012902,3.813632,0.964371,0.694912,0.446289,7.489705,5.572903,0.708532,0.469557,0.164198,4.836617,3.174891,0.535977,0.37204,0.11237,6.239789,4.255484,0.665529,0.285397,0.128929,8.44146,5.68391,0.707333,0.554427,0.291237,12.737519,4.944802,0.394188,1.00354,0.309669,6.718184,4.810201,0.360818,0.402764,0.198751,26.430206,5.622699,0.662392,2.00793,0.783715,concentrate
7.607712,4.876866,0.87886,0.484372,0.415414,5.835716,4.034268,0.581129,0.338217,0.145216,4.00467,3.34262,0.473446,0.30138,0.102295,4.894135,3.352266,0.528568,0.199042,0.12434,6.880995,5.425994,0.647719,0.560052,0.25191,11.193888,6.690774,0.346806,0.941266,0.292172,6.045361,4.6757,0.341407,0.405312,0.177797,23.11241,6.421072,0.71275,2.007848,0.843458,concentrate
6.907841,5.943977,0.94136,0.382965,0.369159,5.154162,3.355,0.56427,0.273228,0.136627,3.662307,3.776487,0.477867,0.267206,0.099873,4.268887,3.098122,0.468273,0.155276,0.121493,5.352767,5.47724,0.663194,0.612096,0.219747,9.310124,8.584983,0.363023,0.86458,0.269614,5.257579,4.580867,0.370201,0.447006,0.156643,19.203621,7.264647,0.850185,1.978021,0.954427,concentrate
6.915211,6.758755,1.14292,0.402733,0.325384,4.814518,3.393599,0.659382,0.259187,0.138031,3.433442,4.267473,0.557344,0.251011,0.105231,3.874968,3.321678,0.49597,0.146949,0.120889,4.08663,5.754807,0.71947,0.703948,0.202883,7.316633,10.045988,0.459949,0.790843,0.246967,4.448248,4.565329,0.429589,0.531334,0.142841,15.317784,7.874431,1.037072,1.900243,1.135868,concentrate
8.087951,7.115777,1.418943,0.533377,0.299959,4.567312,4.329944,0.835373,0.282359,0.14636,3.123196,4.714535,0.713946,0.249424,0.116136,3.538838,4.084986,0.601164,0.169791,0.123275,3.17577,6.166835,0.786606,0.816172,0.202928,5.422493,10.671883,0.634517,0.739507,0.228143,3.686167,4.645891,0.505474,0.648852,0.141367,12.084142,7.976041,1.240107,1.773309,1.373742,concentrate
11.147228,6.99437,1.681531,0.750774,0.299529,4.687994,6.379504,1.0341,0.332252,0.158166,2.90187,5.102449,0.914913,0.267197,0.129055,3.529138,5.482655,0.747118,0.220142,0.128999,2.581143,6.786644,0.861982,0.922925,0.216141,3.820183,10.606707,0.85708,0.727644,0.214903,3.001867,4.883341,0.605387,0.777293,0.152715,10.067643,7.595626,1.43403,1.625007,1.619693,concentrate
16.862535,6.511425,1.868772,1.019966,0.321555,5.531849,9.326134,1.193617,0.399362,0.170665,3.105226,5.427285,1.105005,0.307803,0.140344,4.161283,7.345039,0.883702,0.29014,0.137144,2.218616,7.753772,0.965701,0.999451,0.236144,2.739295,10.429395,1.082141,0.765209,0.20658,2.414159,5.3254,0.745488,0.888248,0.172708,9.630317,7.030685,1.600885,1.500058,1.808641,concentrate
24.507837,5.857543,1.941097,1.290009,0.357069,7.158759,12.449932,1.26094,0.468435,0.181578,3.942579,5.652951,1.218468,0.36432,0.146933,5.497697,9.220816,0.958465,0.364255,0.145662,2.027319,9.023185,1.123492,1.023562,0.256579,2.313153,10.668631,1.256893,0.845026,0.20186,1.950147,5.897603,0.937153,0.951006,0.194387,10.710019,6.619924,1.708274,1.427444,1.8843,concentrate
32.696293,5.174811,1.890482,1.506269,0.398193,9.112135,14.743154,1.212054,0.521074,0.19187,5.223621,5.669467,1.213544,0.420288,0.147604,7.134211,10.496102,0.94038,0.423611,0.153201,1.972038,10.278169,1.347021,0.986348,0.27338,2.474217,11.400769,1.35187,0.938614,0.199506,1.631659,6.389719,1.175068,0.946394,0.211957,12.555309,6.530557,1.751006,1.407477,1.827469,concentrate
38.467911,4.502503,1.760173,1.622497,0.440618,10.615495,15.364392,1.066714,0.542023,0.205331,6.452415,5.351393,1.094726,0.455295,0.143291,8.412808,10.701331,0.842478,0.452889,0.159176,2.02298,11.09162,1.594191,0.897554,0.284564,2.992759,12.207226,1.366709,1.007917,0.19754,1.474428,6.586354,1.416932,0.876092,0.222436,14.028428,6.652079,1.746287,1.415695,1.663823,concentrate
41.011547,3.788926,1.614591,1.617315,0.48285,11.11346,14.113799,0.875378,0.523683,0.226289,7.150235,4.686049,0.908404,0.45537,0.137823,8.855739,9.792247,0.707989,0.446197,0.164164,2.175763,11.148947,1.783483,0.779,0.289518,3.65586,12.478914,1.326312,1.025028,0.194142,1.483915,6.386684,1.594176,0.758563,0.225286,14.331284,6.74606,1.731265,1.411519,1.444428,concentrate
40.038254,3.047336,1.503458,1.511465,0.523448,10.453455,11.478258,0.699677,0.470877,0.25487,7.095547,3.791892,0.721542,0.42065,0.13529,8.360495,8.137606,0.589293,0.411063,0.169068,2.43936,10.395596,1.84805,0.658352,0.287362,4.349427,11.808764,1.264837,0.985667,0.188123,1.636069,5.82531,1.656392,0.624295,0.221825,13.425582,6.616236,1.73705,1.364321,1.219826,concentrate
37.41819,2.4156,1.433885,1.356247,0.55989,8.9793,8.344185,0.583767,0.398521,0.285417,6.413702,2.876537,0.586943,0.36415,0.137685,7.223568,6.299299,0.519859,0.36447,0.174491,2.786731,9.046666,1.763905,0.561328,0.277102,4.999199,10.179036,1.201494,0.908621,0.179966,1.869681,5.042254,1.586257,0.505461,0.21446,11.762022,6.131345,1.765114,1.27366,1.021872,concentrate
34.83799,2.108451,1.381,1.203863,0.588323,7.213259,5.583218,0.531448,0.326117,0.308343,5.437447,2.145693,0.519535,0.304943,0.143223,5.890904,4.755347,0.494995,0.325157,0.179747,3.128536,7.467518,1.562362,0.504394,0.259302,5.510863,7.985799,1.131737,0.829127,0.171258,2.100219,4.21417,1.406897,0.4266,0.205773,9.825968,5.320327,1.773183,1.170743,0.858418,concentrate
32.755527,2.289802,1.29229,1.083473,0.606167,5.680197,3.726332,0.517235,0.26949,0.31446,4.522172,1.722119,0.493967,0.259758,0.14761,4.761518,3.745194,0.483971,0.304418,0.182814,3.371081,6.012946,1.310966,0.489072,0.237884,5.837017,5.894467,1.031605,0.781584,0.164273,2.259603,3.487809,1.168077,0.397002,0.197802,8.11867,4.405282,1.709442,1.084632,0.723761,concentrate
31.88546,2.901199,1.143778,0.99681,0.613998,4.632797,2.824866,0.50809,0.237234,0.299706,3.883549,1.571364,0.470795,0.236523,0.146997,4.009566,3.223882,0.456974,0.302996,0.181249,3.489999,4.8867,1.097721,0.502238,0.21975,5.983788,4.482419,0.896652,0.781033,0.160937,2.33371,2.945319,0.94259,0.409741,0.192066,6.901548,3.611875,1.568331,1.025638,0.615941,concentrate
30.77331,3.75764,0.959189,0.932883,0.614058,4.022886,2.594522,0.488389,0.230694,0.266034,3.519845,1.589505,0.432222,0.231662,0.139804,3.556786,3.001969,0.412899,0.313978,0.172226,3.552479,4.095627,0.974441,0.52559,0.211458,6.005442,3.97676,0.746738,0.815754,0.16198,2.390844,2.588602,0.785356,0.448313,0.189179,6.309144,3.100415,1.383592,0.98983,0.544939,concentrate
29.965248,4.60615,0.795374,0.882193,0.611279,3.616515,2.65044,0.473126,0.247556,0.221161,3.280603,1.660002,0.385792,0.236221,0.12775,3.21546,2.877723,0.379635,0.330397,0.155286,3.690912,3.504099,0.93146,0.545967,0.216244,6.011393,4.196813,0.608506,0.851571,0.168186,2.547255,2.342586,0.710385,0.494506,0.189447,6.380619,2.911245,1.2227,0.966527,0.521711,concentrate
27.578772,5.184575,0.713235,0.850114,0.607806,3.235244,2.716963,0.474554,0.28273,0.175111,3.022246,1.687349,0.338716,0.243399,0.115202,2.875805,2.733732,0.37477,0.349365,0.133206,3.957146,2.96326,0.919769,0.555984,0.232301,6.044422,4.692527,0.504816,0.852866,0.179322,2.871684,2.116656,0.690987,0.531444,0.192554,7.003592,2.90273,1.143696,0.957125,0.545366,concentrate
25.393967,5.30579,0.75922,0.855591,0.600098,2.936194,2.73264,0.500607,0.330699,0.136178,2.736181,1.63877,0.300949,0.252251,0.106795,2.625933,2.586545,0.406513,0.37292,0.11072,4.272292,2.4419,0.879288,0.556133,0.255011,6.050232,5.051591,0.440484,0.803942,0.194657,3.318876,1.872697,0.676657,0.554349,0.198605,7.843643,2.892445,1.162687,0.975584,0.600038,concentrate
22.278837,4.957292,0.914022,0.922457,0.580697,2.845505,2.83025,0.547369,0.386745,0.107593,2.497182,1.579221,0.274489,0.268468,0.10398,2.622496,2.575011,0.461595,0.405617,0.091385,4.49964,1.990957,0.799739,0.554545,0.277397,5.918994,5.027647,0.418575,0.719912,0.212055,3.754463,1.614351,0.660239,0.573544,0.208092,8.523151,2.747245,1.2543,1.041213,0.66138,concentrate
19.613359,4.273236,1.113496,1.064236,0.543265,3.031554,3.176113,0.596541,0.446787,0.087372,2.371401,1.597046,0.255588,0.299623,0.104165,2.90393,2.832494,0.515828,0.449924,0.076305,4.544209,1.708298,0.714542,0.566085,0.292468,5.589316,4.582211,0.429298,0.640144,0.227598,4.054342,1.390737,0.661362,0.605249,0.221329,8.69717,2.467538,1.355795,1.167409,0.706888,concentrate
15.959456,3.553578,1.284154,1.267017,0.487276,3.416519,3.980837,0.615216,0.507148,0.072146,2.368577,1.812043,0.238358,0.347447,0.103192,3.371476,3.514763,0.540419,0.501915,0.065182,4.371575,1.6554,0.67656,0.599141,0.295232,5.063567,3.862535,0.463758,0.601799,0.237411,4.169127,1.243059,0.696231,0.655253,0.236865,8.427643,2.125089,1.403309,1.343754,0.724796,concentrate
13.353998,3.173244,1.373395,1.487234,0.422833,3.894747,5.465533,0.587844,0.569432,0.061229,2.477314,2.35952,0.227205,0.406333,0.099081,3.88704,4.777161,0.527414,0.554229,0.058106,3.999538,1.811509,0.729418,0.648984,0.284456,4.432811,3.111651,0.530518,0.619084,0.2408,4.113422,1.17618,0.772898,0.714423,0.251829,8.22176,1.847108,1.388143,1.539659,0.722461,concentrate
11.434925,3.395031,1.373261,1.669718,0.366591,4.359281,7.647343,0.537691,0.639504,0.05572,2.677068,3.281597,0.229925,0.463352,0.092848,4.339077,6.616933,0.496717,0.600131,0.055187,3.516695,2.095528,0.877061,0.699871,0.263202,3.829148,2.573754,0.640056,0.677167,0.242341,3.943248,1.173111,0.880076,0.764086,0.262982,8.916923,1.788581,1.361702,1.717231,0.72426,concentrate
10.975759,4.21178,1.288512,1.769069,0.332513,4.745693,10.167578,0.503149,0.717305,0.05702,2.935137,4.423134,0.249383,0.502742,0.08715,4.66218,8.709383,0.474057,0.634379,0.0564,3.067163,2.390481,1.07845,0.732215,0.237496,3.445126,2.387033,0.78814,0.744836,0.24945,3.731153,1.19789,0.980085,0.78251,0.267772,11.135291,2.053027,1.380871,1.836762,0.759142,concentrate
11.184739,5.338291,1.151835,1.76043,0.328625,4.987067,12.361749,0.511949,0.791072,0.065567,3.176293,5.471888,0.282015,0.511679,0.083762,4.810706,10.476249,0.471845,0.650666,0.060969,2.739595,2.570327,1.262442,0.729058,0.213482,3.415634,2.51096,0.956459,0.792032,0.267334,3.509109,1.208938,1.026386,0.754096,0.265308,14.859025,2.600114,1.475551,1.869663,0.842455,concentrate
11.570797,6.364246,0.997427,1.641135,0.351958,5.061002,13.524557,0.567536,0.841022,0.080567,3.312218,6.094346,0.320102,0.486621,0.082983,4.763956,11.339706,0.48731,0.643616,0.067293,2.543346,2.550123,1.358196,0.686347,0.195266,3.775427,2.765,1.113497,0.807301,0.295667,3.260414,1.180628,0.994744,0.679783,0.256028,19.302029,3.280107,1.629809,1.811393,0.96426,concentrate
11.898136,6.934866,0.854902,1.433888,0.39193,4.971477,13.269599,0.643009,0.846397,0.099993,3.306255,6.11763,0.357481,0.433971,0.083841,4.56898,11.016276,0.504782,0.609982,0.073445,2.440938,2.356155,1.343647,0.620359,0.184079,4.426278,2.989562,1.234474,0.79965,0.328087,2.965416,1.128741,0.90231,0.582048,0.241021,23.060789,3.954251,1.799257,1.682499,1.091072,concentrate
11.633576,6.89789,0.743162,1.19543,0.438114,4.822048,11.676334,0.69137,0.795886,0.121241,3.1981,5.573998,0.390416,0.369506,0.085157,4.31295,9.610032,0.501969,0.551136,0.078053,2.440582,2.158437,1.245672,0.560432,0.178755,5.227759,3.153364,1.305734,0.790129,0.354327,2.695134,1.130722,0.790038,0.49367,0.222219,24.886295,4.591734,1.940918,1.528294,1.181998,concentrate
11.125046,6.291747,0.652991,0.991711,0.481406,4.664303,9.24317,0.687572,0.697812,0.141592,3.0575,4.672809,0.417744,0.312433,0.086409,4.075712,7.554427,0.473125,0.476773,0.0807,2.55537,2.138364,1.094972,0.530333,0.177047,5.954865,3.255801,1.306835,0.794637,0.366485,2.546225,1.268637,0.690163,0.437692,0.202593,24.233675,5.140916,2.022774,1.398056,1.21362,concentrate
9.799022,5.443355,0.594716,0.867882,0.51595,4.565353,6.673839,0.639352,0.578177,0.159384,2.955998,3.729814,0.441409,0.277929,0.087987,3.895222,5.44374,0.428555,0.402501,0.082365,2.740549,2.370188,0.925952,0.541636,0.176826,6.433216,3.285981,1.233579,0.812782,0.36325,2.53953,1.572259,0.625724,0.424105,0.185233,21.358929,5.475986,2.03753,1.318622,1.185887,concentrate
9.176545,4.703141,0.561085,0.835102,0.539773,4.589983,4.614809,0.575306,0.468519,0.173985,2.987314,3.026708,0.458354,0.271126,0.090692,3.844993,3.811048,0.385945,0.343595,0.084974,2.962546,2.787222,0.76596,0.587801,0.176822,6.644433,3.234726,1.105428,0.833425,0.350309,2.640623,1.985551,0.597961,0.44824,0.172827,17.247841,5.548859,1.982242,1.289193,1.120988,concentrate
9.429589,4.279459,0.546447,0.873179,0.552607,4.779757,3.399788,0.532329,0.391773,0.184656,3.194754,2.678636,0.465433,0.286037,0.094588,3.967771,2.914882,0.363287,0.308547,0.08951,3.227778,3.203036,0.625405,0.646842,0.176351,6.721175,3.07616,0.958671,0.846039,0.336953,2.784554,2.386835,0.592185,0.494124,0.166794,13.169772,5.335023,1.8819,1.303561,1.050464,concentrate
11.118711,4.130522,0.54423,0.949991,0.556419,5.132609,2.968974,0.522162,0.355516,0.189732,3.513977,2.605698,0.463637,0.309583,0.098834,4.240974,2.681612,0.362998,0.297658,0.095146,3.556125,3.431813,0.517423,0.691571,0.17635,6.810567,2.814446,0.84948,0.84518,0.331301,2.912577,2.649204,0.600614,0.541149,0.167819,10.061162,4.885678,1.776618,1.347696,0.996162,concentrate
13.549283,4.047319,0.583152,1.042301,0.552506,5.492905,2.955458,0.548801,0.355575,0.18737,3.790906,2.597921,0.46794,0.330016,0.101965,4.529476,2.772701,0.384127,0.30678,0.099749,3.939717,3.378184,0.457995,0.705654,0.178969,6.925838,2.452597,0.836126,0.834708,0.335654,2.989701,2.695417,0.620872,0.573619,0.176346,8.213007,4.263064,1.698987,1.406399,0.970045,concentrate
15.679057,3.852903,0.72058,1.145718,0.54217,5.651346,2.951413,0.626018,0.382922,0.17779,3.853602,2.456845,0.508323,0.3429,0.102436,4.624987,2.812765,0.43959,0.330419,0.101793,4.315011,3.101585,0.459882,0.688899,0.185463,6.941404,2.057061,0.948367,0.823793,0.345175,2.993616,2.556111,0.657464,0.584304,0.190449,7.170107,3.582141,1.659906,1.472613,0.989375,concentrate
16.888477,3.51733,1.024893,1.25952,0.52688,5.430293,2.774693,0.756708,0.427412,0.163645,3.622459,2.147924,0.609977,0.350883,0.100079,4.415029,2.645996,0.54115,0.362297,0.101647,4.553262,2.782067,0.529682,0.653398,0.195843,6.709381,1.741161,1.173154,0.813765,0.351355,2.913387,2.349205,0.709472,0.574588,0.20622,6.340295,3.051167,1.665316,1.553937,1.078087,concentrate
16.624739,3.112064,1.49823,1.373882,0.50771,4.882587,2.462121,0.928061,0.481604,0.149041,3.151196,1.792001,0.75913,0.35882,0.096213,3.940656,2.339307,0.677868,0.39568,0.10149,4.586914,2.608713,0.669714,0.616184,0.209152,6.30628,1.60278,1.465766,0.799427,0.346528,2.771448,2.211852,0.785768,0.552297,0.219664,5.542922,2.859095,1.731073,1.650902,1.245077,concentrate
15.726192,2.729305,2.066319,1.469503,0.48539,4.124793,2.14976,1.128569,0.535342,0.137475,2.570302,1.54862,0.909063,0.369571,0.092572,3.338599,2.050339,0.82737,0.422876,0.103856,4.426136,2.663966,0.877522,0.588218,0.224272,5.941647,1.657594,1.762518,0.777016,0.327655,2.608677,2.225134,0.893558,0.525093,0.22833,4.903842,2.982717,1.868889,1.748271,1.464658,concentrate
14.462609,2.393762,2.579595,1.516919,0.460354,3.353199,1.947397,1.317155,0.573643,0.130546,2.009131,1.510422,0.999538,0.382017,0.090779,2.732785,1.906429,0.952153,0.43625,0.110088,4.141023,2.917803,1.142167,0.573858,0.239043,5.834166,1.848038,1.987732,0.759827,0.296301,2.456402,2.390975,1.032923,0.501217,0.231122,4.645839,3.286688,2.034312,1.817092,1.671843,concentrate
13.476543,2.065387,2.870295,1.488671,0.437123,2.723506,1.882737,1.434286,0.583792,0.128831,1.599987,1.652609,0.985634,0.390831,0.092047,2.266379,1.938621,1.011278,0.431844,0.120317,3.846193,3.231461,1.427706,0.566176,0.250058,6.072501,2.058005,2.082733,0.766953,0.258013,2.33275,2.623004,1.182774,0.483676,0.227957,4.925111,3.54699,2.155449,1.831424,1.783143,concentrate
13.256231,1.714116,2.834168,1.379276,0.423843,2.330888,1.898557,1.438216,0.56439,0.132114,1.39413,1.847677,0.870218,0.393084,0.097265,1.974002,2.069824,0.987994,0.414139,0.133955,3.633124,3.394738,1.677676,0.551596,0.254022,6.512144,2.150522,2.038428,0.80864,0.22033,2.238612,2.761988,1.304526,0.468483,0.219985,5.618399,3.603887,2.176389,1.773793,1.738942,concentrate
12.582989,1.350522,2.49982,1.220006,0.428134,2.162011,1.893982,1.338626,0.527661,0.139465,1.375692,1.945314,0.709433,0.397614,0.106617,1.85377,2.165932,0.907867,0.397486,0.149899,3.583004,3.28582,1.832862,0.52201,0.249969,6.910463,2.051467,1.899415,0.88356,0.190779,2.205934,2.700941,1.357913,0.450802,0.209763,6.423601,3.395365,2.088847,1.65257,1.533668,concentrate
12.015054,1.033675,1.984632,1.057738,0.452318,2.095768,1.782538,1.180601,0.49197,0.150099,1.466157,1.856938,0.576797,0.418562,0.119952,1.796207,2.110982,0.817277,0.398094,0.166725,3.725025,2.919248,1.843528,0.474976,0.239723,7.044617,1.796187,1.725994,0.968781,0.174883,2.28322,2.43013,1.313086,0.42439,0.20068,7.080583,2.972028,1.917564,1.50289,1.222136,concentrate
10.680923,0.853078,1.435997,0.92885,0.490538,1.977162,1.563859,1.019364,0.470359,0.163972,1.602249,1.631069,0.520546,0.462968,0.136748,1.701771,1.895142,0.75537,0.423025,0.182846,4.026628,2.421391,1.701417,0.413916,0.226782,6.87764,1.515223,1.569756,1.022281,0.174185,2.4899,2.031729,1.169806,0.383782,0.195093,7.47329,2.482052,1.714675,1.36355,0.894873,concentrate
9.456783,0.888756,1.011969,0.84387,0.531333,1.746867,1.304003,0.898626,0.465973,0.18135,1.762182,1.397835,0.553381,0.522526,0.155442,1.528416,1.598163,0.742101,0.465722,0.196591,4.403498,1.954119,1.46557,0.346235,0.215735,6.529436,1.355903,1.472926,1.008062,0.185457,2.809398,1.627314,0.978699,0.327992,0.192784,7.603348,2.075022,1.545316,1.256368,0.635015,concentrate
8.832411,1.113903,0.808634,0.791071,0.561273,1.449243,1.086467,0.825863,0.470665,0.200641,1.924532,1.275369,0.645849,0.574887,0.172873,1.329447,1.332862,0.766575,0.507715,0.206063,4.748614,1.631451,1.231826,0.283895,0.210335,6.189111,1.388727,1.451534,0.918857,0.201205,3.18343,1.319181,0.815273,0.26681,0.190858,7.666621,1.884621,1.455056,1.182001,0.485583,concentrate
9.267835,1.427175,0.826498,0.768307,0.571424,1.138187,0.977926,0.779433,0.470482,0.217788,2.042695,1.322017,0.74497,0.59666,0.184929,1.13943,1.195149,0.795662,0.528675,0.209154,4.97426,1.464817,1.076144,0.238067,0.21203,5.983019,1.560224,1.482803,0.777702,0.213153,3.541538,1.136233,0.734412,0.214679,0.185688,7.90651,1.924289,1.439177,1.11982,0.44074,concentrate
10.932121,1.703679,0.991889,0.784728,0.562293,0.875448,1.002841,0.732567,0.453393,0.227812,2.061725,1.513118,0.810341,0.575497,0.188186,0.982887,1.223421,0.802782,0.516453,0.204368,5.017962,1.390338,1.016484,0.212,0.21938,5.885805,1.747451,1.517572,0.625031,0.216127,3.793544,1.040582,0.738656,0.180145,0.175315,8.389481,2.091087,1.445959,1.04717,0.463735,concentrate
12.937331,1.840443,1.192783,0.845111,0.544156,0.699394,1.133792,0.667705,0.41488,0.228866,1.9416,1.756006,0.820251,0.515574,0.182123,0.863376,1.384573,0.772573,0.470741,0.192308,4.823847,1.322414,1.009415,0.206219,0.228288,5.752591,1.816768,1.495881,0.501097,0.209382,3.829566,0.965151,0.780182,0.16845,0.160672,8.888799,2.260303,1.42183,0.958221,0.514514,concentrate
14.242064,1.910251,1.359035,0.939366,0.529956,0.648674,1.332769,0.586457,0.362055,0.22602,1.716975,1.984404,0.775775,0.436523,0.170019,0.794654,1.625809,0.706441,0.404816,0.176157,4.427584,1.242816,0.987688,0.221651,0.235622,5.460026,1.757129,1.388595,0.432824,0.197959,3.624868,0.878391,0.797289,0.184063,0.145984,9.149643,2.362355,1.342461,0.882491,0.572522,concentrate
14.608001,2.15079,1.468789,1.041028,0.528974,0.784438,1.568456,0.508288,0.309901,0.228558,1.516932,2.203616,0.699116,0.362387,0.157752,0.817671,1.902605,0.624624,0.339329,0.160402,3.923565,1.2428,0.910524,0.260557,0.243302,5.008665,1.74311,1.220228,0.426549,0.191451,3.226364,0.820899,0.754034,0.228743,0.138963,9.006599,2.416144,1.223128,0.870022,0.632659,concentrate
14.681964,2.772668,1.530031,1.112,0.544323,1.114848,1.804561,0.457399,0.272742,0.245817,1.483057,2.445078,0.613649,0.310216,0.151108,0.954669,2.170861,0.551047,0.29128,0.149592,3.405118,1.420939,0.784355,0.321336,0.257163,4.50121,1.975603,1.051258,0.469706,0.199671,2.706472,0.85505,0.653278,0.297662,0.147868,8.529885,2.471213,1.088758,0.945764,0.690338,concentrate
14.768616,3.7564,1.597761,1.12007,0.571815,1.595377,2.002267,0.462057,0.259882,0.281871,1.668373,2.695981,0.542926,0.284174,0.153351,1.200224,2.379408,0.511776,0.269789,0.147007,2.985239,1.789673,0.633996,0.393857,0.281441,4.061011,2.50685,0.926071,0.538579,0.226732,2.201118,1.001583,0.524759,0.37644,0.177167,7.95666,2.513382,0.976849,1.096227,0.736747,concentrate
15.156901,4.865922,1.733549,1.049173,0.600065,2.070878,2.116647,0.531972,0.26639,0.331659,2.001646,2.884141,0.501144,0.273673,0.163247,1.485244,2.471817,0.516732,0.268159,0.153086,2.735155,2.251446,0.495194,0.460078,0.31321,3.751759,3.195287,0.854176,0.603356,0.2675,1.839824,1.221001,0.407829,0.443417,0.222643,7.546676,2.51878,0.905873,1.266189,0.760501,concentrate
15.706004,5.687487,1.95897,0.917617,0.614577,2.41064,2.116309,0.652682,0.281442,0.381945,2.323678,2.909577,0.490674,0.265513,0.175431,1.72477,2.407986,0.55682,0.272005,0.164894,2.647652,2.654544,0.406864,0.503504,0.34305,3.535444,3.773654,0.829777,0.645319,0.309001,1.689516,1.448489,0.339457,0.481803,0.272637,7.431739,2.505463,0.876616,1.377631,0.752788,concentrate
16.104748,5.919184,2.238105,0.773504,0.604672,2.501695,2.008411,0.78921,0.294573,0.415958,2.45692,2.716861,0.501692,0.255231,0.183342,1.825709,2.194006,0.610782,0.270072,0.177186,2.678889,2.880417,0.393349,0.522752,0.360763,3.379786,4.000149,0.832458,0.665569,0.337441,1.728539,1.633934,0.340234,0.489863,0.313621,7.602172,2.610296,0.891682,1.376285,0.712575,concentrate
16.061491,5.589047,2.479596,0.667013,0.56823,2.299906,1.830066,0.901855,0.299308,0.421082,2.294992,2.343282,0.518445,0.24731,0.182841,1.731889,1.883677,0.655639,0.258924,0.184824,2.733215,2.895652,0.455481,0.531802,0.361848,3.217459,3.810323,0.835889,0.677328,0.347302,1.849279,1.754581,0.401151,0.48359,0.336294,7.908446,3.008351,0.938209,1.257159,0.649244,concentrate
15.903203,4.932149,2.590356,0.623482,0.514113,1.902461,1.623854,0.958708,0.294874,0.394893,1.885932,1.893911,0.52409,0.245397,0.17431,1.475293,1.547198,0.672421,0.241584,0.185181,2.742306,2.748997,0.564315,0.549662,0.351441,3.028668,3.341837,0.829467,0.695263,0.345556,1.949237,1.809278,0.487389,0.487911,0.340553,8.198109,3.80917,0.991149,1.070222,0.582308,concentrate
16.516191,4.258129,2.530424,0.629515,0.458802,1.484222,1.437658,0.951468,0.283927,0.346281,1.377329,1.49079,0.513295,0.249031,0.162429,1.155678,1.253901,0.658512,0.224652,0.179241,2.662814,2.543272,0.68509,0.583928,0.341413,2.827985,2.83153,0.819554,0.725524,0.346365,1.973735,1.821136,0.563752,0.518794,0.334538,8.552706,4.952236,1.028122,0.882011,0.534127,concentrate
16.788944,3.850959,2.3395,0.66084,0.41804,1.180274,1.306539,0.894038,0.273564,0.291509,0.901414,1.225608,0.503334,0.259307,0.154566,0.859555,1.049705,0.626904,0.217835,0.171428,2.49499,2.382691,0.79885,0.634533,0.344122,2.568476,2.491792,0.817942,0.765912,0.361758,1.910903,1.836715,0.623193,0.579591,0.329288,8.838845,6.123818,1.049999,0.756119,0.519234,concentrate
17.246628,3.78249,2.106026,0.70398,0.399412,1.09579,1.244956,0.80911,0.26943,0.247208,0.562077,1.129786,0.525276,0.277254,0.157154,0.673656,0.949621,0.593601,0.227468,0.167659,2.308961,2.318414,0.899331,0.695155,0.365304,2.279704,2.402236,0.829044,0.807786,0.392757,1.823763,1.904068,0.680071,0.657937,0.333147,8.96541,6.977517,1.078398,0.725803,0.536554,concentrate
17.530241,3.902708,1.906694,0.757717,0.399318,1.179868,1.230441,0.719469,0.27425,0.224354,0.391652,1.163534,0.595927,0.301793,0.172839,0.614241,0.927894,0.568086,0.253239,0.173721,2.177962,2.326127,0.977979,0.755575,0.398685,1.989632,2.482928,0.84148,0.840213,0.429539,1.778033,2.033558,0.749895,0.731367,0.347801,9.116475,7.225785,1.12648,0.784185,0.572845,concentrate
17.470562,3.978911,1.770064,0.819432,0.408317,1.35261,1.22829,0.641092,0.284648,0.225126,0.364852,1.246041,0.70613,0.325442,0.200017,0.682155,0.939801,0.549617,0.284893,0.19344,2.129447,2.338738,1.025769,0.808767,0.428465,1.745403,2.575568,0.839231,0.855042,0.459646,1.778684,2.183913,0.835495,0.7773,0.368337,9.278388,6.786939,1.187625,0.891628,0.616564,concentrate
16.225132,3.869102,1.673803,0.878964,0.413172,1.485549,1.238946,0.580493,0.295281,0.243727,0.433773,1.330094,0.822991,0.339656,0.233419,0.823566,0.971118,0.532951,0.309935,0.226037,2.140688,2.308455,1.043904,0.853581,0.438923,1.582767,2.57392,0.812561,0.851296,0.474846,1.785723,2.2934,0.926122,0.783899,0.386984,9.575698,5.852672,1.236399,1.004168,0.66519,concentrate
13.591303,3.610998,1.579371,0.923394,0.405066,1.556657,1.269178,0.533181,0.303371,0.269956,0.596815,1.394743,0.899415,0.341924,0.266302,1.028207,1.014239,0.511854,0.322816,0.266648,2.172469,2.227902,1.037927,0.890343,0.425243,1.541852,2.472439,0.759752,0.836321,0.476388,1.750736,2.315375,1.000413,0.758125,0.399527,9.696777,4.792215,1.234414,1.087839,0.724409,concentrate
10.694839,3.241918,1.454619,0.939186,0.3844,1.625731,1.290245,0.493669,0.307265,0.293148,0.887663,1.405681,0.896319,0.334955,0.292465,1.297893,1.038397,0.482938,0.322505,0.308012,2.158409,2.100096,1.0043,0.91672,0.395416,1.648617,2.293557,0.683183,0.821077,0.473099,1.646625,2.214976,1.026467,0.722909,0.406555,9.569188,3.879826,1.158874,1.119512,0.794738,concentrate
9.123729,2.881445,1.324198,0.91534,0.35882,1.815354,1.282183,0.469047,0.306303,0.305449,1.345569,1.358555,0.814232,0.32731,0.306734,1.666798,1.030839,0.454929,0.311939,0.341798,2.08498,1.953533,0.946311,0.924949,0.363659,1.949076,2.078106,0.596369,0.811488,0.472442,1.508952,2.010197,0.994734,0.703939,0.409711,9.126415,3.261495,1.027839,1.091427,0.866542,concentrate
9.813228,2.593441,1.24728,0.863088,0.34112,2.20042,1.233299,0.47292,0.304239,0.303352,2.008809,1.262898,0.687986,0.328161,0.305599,2.145671,0.990703,0.445672,0.29819,0.360229,1.996367,1.838156,0.875966,0.914483,0.345909,2.46831,1.877651,0.521147,0.809513,0.473311,1.400423,1.766041,0.916663,0.715826,0.408389,8.372353,2.939341,0.884733,1.021278,0.927904,concentrate
12.703796,2.39396,1.262084,0.826431,0.343394,2.845556,1.15281,0.512685,0.31128,0.287686,2.862107,1.143335,0.566398,0.341979,0.28793,2.748309,0.930803,0.469684,0.290488,0.358141,1.915623,1.802136,0.821426,0.893682,0.351433,3.159396,1.747129,0.483431,0.813414,0.467708,1.37115,1.577334,0.824287,0.75593,0.399641,7.512314,2.849567,0.790673,0.942938,0.970902,concentrate
17.093895,2.220614,1.370881,0.859066,0.373614,3.73553,1.07598,0.590052,0.337121,0.26368,3.818097,1.03667,0.500083,0.367349,0.255823,3.446981,0.879034,0.536381,0.295763,0.335224,1.913335,1.851243,0.814255,0.87162,0.378975,3.888195,1.708519,0.507581,0.818806,0.446774,1.459235,1.50548,0.755128,0.804549,0.381913,6.988558,2.899554,0.788086,0.889237,0.994661,concentrate
20.801529,2.014752,1.537899,0.987234,0.43389,4.798548,1.046743,0.693677,0.385482,0.239566,4.7337,0.983823,0.510367,0.396689,0.214928,4.196688,0.869753,0.637907,0.315326,0.296985,2.015466,1.957942,0.849604,0.853258,0.418229,4.486113,1.756022,0.58459,0.818897,0.407683,1.692085,1.549479,0.720179,0.832428,0.357861,7.005673,3.085577,0.851311,0.880863,1.005875,concentrate
22.395609,1.790848,1.705675,1.187519,0.516952,5.843843,1.091886,0.800165,0.450998,0.223224,5.426616,1.015945,0.579135,0.41879,0.172792,4.865543,0.925366,0.748529,0.343675,0.252578,2.278409,2.082749,0.907494,0.835502,0.455449,4.830513,1.876988,0.677509,0.802821,0.357014,2.051269,1.653022,0.709188,0.817725,0.334757,7.588448,3.489478,0.958723,0.9191,1.01313,concentrate
21.388426,1.631343,1.800014,1.394339,0.605681,6.681412,1.198084,0.878378,0.520678,0.21886,5.777654,1.125728,0.660373,0.424661,0.136571,5.379746,1.036305,0.832394,0.371148,0.211026,2.746384,2.185522,0.951288,0.809256,0.478082,4.882445,2.036806,0.734504,0.762524,0.306383,2.535242,1.730215,0.689825,0.75618,0.320209,8.626032,4.158918,1.046359,0.986326,1.016295,concentrate
18.598883,1.581816,1.776566,1.536283,0.677567,7.248846,1.342219,0.898855,0.575536,0.2256,5.748103,1.275651,0.710858,0.410152,0.111134,5.683151,1.179219,0.857737,0.385112,0.178378,3.435726,2.239693,0.948933,0.766031,0.47785,4.701452,2.170977,0.726373,0.701049,0.264845,3.132508,1.725354,0.637825,0.66531,0.317289,9.872782,5.003334,1.078091,1.049933,1.006278,concentrate
15.271143,1.684295,1.64535,1.563332,0.711819,7.386102,1.573237,0.853031,0.601222,0.237604,5.372115,1.456738,0.713674,0.377684,0.097896,5.720328,1.391482,0.811961,0.379434,0.156544,4.234002,2.23551,0.899022,0.708401,0.453427,4.373683,2.205505,0.661555,0.63055,0.234903,3.747334,1.636574,0.542489,0.574352,0.322774,11.198697,5.862742,1.055339,1.081238,0.969277,concentrate
12.57379,1.922978,1.466707,1.470288,0.697854,7.126295,1.993537,0.76506,0.590043,0.246096,4.742781,1.682871,0.680528,0.331826,0.094343,5.461533,1.76499,0.714693,0.352211,0.14364,4.943514,2.174667,0.838019,0.648321,0.410322,3.994358,2.096183,0.586346,0.567113,0.213989,4.277238,1.514138,0.430651,0.508209,0.329198,12.154987,6.472742,1.038725,1.064914,0.895776,concentrate
11.149803,2.215963,1.304182,1.294206,0.640583,6.449042,2.653713,0.671254,0.546004,0.245302,4.018208,1.941813,0.635428,0.280096,0.096706,4.952191,2.348923,0.605586,0.310497,0.138191,5.397017,2.060137,0.807795,0.600766,0.358136,3.67094,1.856399,0.54521,0.521848,0.19925,4.633395,1.41639,0.336306,0.473789,0.328682,12.722881,6.617071,1.065602,1.010055,0.794265,concentrate
10.716519,2.483227,1.194872,1.10096,0.560663,5.551052,3.525117,0.599913,0.484401,0.236543,3.335025,2.204936,0.59555,0.232971,0.102919,4.281794,3.123428,0.519011,0.269969,0.141255,5.474726,1.901896,0.819596,0.576045,0.308933,3.431709,1.590587,0.555063,0.498498,0.190882,4.7497,1.385129,0.278094,0.462397,0.319054,12.967102,6.259848,1.14295,0.935645,0.689235,concentrate
10.835517,2.669468,1.154504,0.949164,0.493325,4.603149,4.487539,0.560381,0.426597,0.22717,2.841038,2.417031,0.566139,0.205283,0.113525,3.593485,3.975608,0.470043,0.25028,0.154884,5.240928,1.716229,0.86563,0.575222,0.276139,3.327343,1.425244,0.602566,0.500519,0.191221,4.65696,1.416254,0.268852,0.460876,0.306731,12.909363,5.554692,1.258648,0.860094,0.612215,concentrate
11.043269,2.755235,1.199286,0.86382,0.489583,3.862509,5.376955,0.538531,0.392451,0.226842,2.586216,2.540004,0.543308,0.219525,0.133031,3.026637,4.754587,0.449781,0.267382,0.182218,4.758888,1.516051,0.925251,0.591838,0.2709,3.382503,1.428489,0.680256,0.548196,0.201674,4.362659,1.470618,0.305512,0.470595,0.304115,12.959449,4.754025,1.39535,0.807843,0.598758,concentrate
11.095458,2.834512,1.328929,0.836996,0.593548,3.538187,6.060574,0.507102,0.393302,0.240598,2.620181,2.591418,0.521833,0.294071,0.166264,2.750684,5.341476,0.430054,0.325815,0.224996,4.138888,1.312511,0.993194,0.616714,0.296211,3.655672,1.591188,0.821377,0.665081,0.220707,3.930357,1.496528,0.376467,0.505048,0.321481,13.506069,4.126133,1.532444,0.810523,0.674915,concentrate
11.314877,3.034649,1.518199,0.848228,0.814019,3.733076,6.46798,0.455051,0.428192,0.265412,2.882577,2.636596,0.503948,0.424454,0.213209,2.82314,5.675171,0.390093,0.413461,0.280228,3.548322,1.161532,1.084743,0.646936,0.345272,4.115269,1.878094,1.070504,0.857738,0.248256,3.440509,1.476976,0.470847,0.573535,0.359619,14.608943,3.891924,1.641571,0.889676,0.841644,concentrate
11.779849,3.305424,1.730359,0.877733,1.118919,4.301925,6.559731,0.391293,0.485619,0.29768,3.226553,2.713369,0.499413,0.579469,0.270955,3.151821,5.739212,0.332072,0.505554,0.344832,3.126274,1.10117,1.207533,0.684276,0.406332,4.625234,2.181794,1.441396,1.1034,0.308169,2.995827,1.41207,0.573598,0.670277,0.410714,15.929104,3.959711,1.684126,1.053865,1.071076,concentrate
12.096984,3.513515,1.950922,0.929728,1.450776,5.058064,6.334174,0.334368,0.551754,0.34502,3.456046,2.812885,0.522621,0.711683,0.334939,3.528862,5.550264,0.292502,0.577241,0.418741,2.97629,1.116996,1.346875,0.733333,0.480147,4.969995,2.367319,1.885954,1.352589,0.455512,2.709387,1.300692,0.667774,0.773491,0.464072,17.50325,4.054848,1.647639,1.29637,1.316787,concentrate
11.953313,3.480292,2.170395,1.017394,1.750591,5.772072,5.893544,0.308808,0.614366,0.428204,3.446179,2.855961,0.589904,0.775618,0.39835,3.783856,5.117302,0.337384,0.60965,0.501416,3.070672,1.173235,1.465666,0.798447,0.588485,4.964972,2.352641,2.297243,1.547656,0.740638,2.591227,1.153506,0.745139,0.85089,0.511901,18.831936,4.020765,1.559428,1.580556,1.530771,concentrate
11.117928,3.142951,2.361438,1.143348,1.975786,6.262646,5.382033,0.330795,0.665727,0.569354,3.195667,2.757879,0.710182,0.750824,0.455975,3.814703,4.465505,0.525552,0.597692,0.59019,3.31316,1.231001,1.525567,0.901651,0.763111,4.558376,2.14327,2.549193,1.65053,1.164099,2.62503,0.992986,0.810041,0.87426,0.554875,21.548199,3.847997,1.472672,1.841355,1.679309,concentrate
9.651607,2.610246,2.508266,1.311755,2.109077,6.469293,4.928618,0.406586,0.704031,0.773373,2.824251,2.465764,0.877565,0.649684,0.505828,3.629485,3.640569,0.867762,0.552478,0.679363,3.550179,1.257888,1.509799,1.076813,1.019369,3.87344,1.811367,2.563419,1.660131,1.657214,2.742424,0.859042,0.880476,0.836587,0.603583,25.379272,3.809825,1.482406,2.012688,1.752305,concentrate
8.13854,2.092268,2.591985,1.510728,2.159165,6.363815,4.601149,0.517911,0.729606,1.0155,2.45484,1.998549,1.06308,0.511749,0.548037,3.325633,2.73117,1.305191,0.493997,0.75884,3.604208,1.247354,1.442297,1.334904,1.335823,3.056374,1.444409,2.340758,1.611965,2.104764,2.798034,0.785499,0.972656,0.760986,0.672278,32.038818,4.107734,1.65184,2.065029,1.764159,concentrate
6.897779,1.771967,2.604158,1.717182,2.15595,6.094019,4.386665,0.6341,0.744313,1.24296,2.212573,1.454473,1.218795,0.386335,0.580467,3.022057,1.874703,1.719311,0.442083,0.815915,3.385445,1.243886,1.379629,1.6504,1.660244,2.278829,1.115368,1.958403,1.565383,2.391385,2.73942,0.799584,1.098836,0.699905,0.768676,38.794624,4.736586,1.990724,2.027381,1.742889,concentrate
5.918693,1.725442,2.517502,1.880936,2.132999,5.610585,4.227367,0.751005,0.757002,1.394742,2.081109,0.978974,1.292396,0.316728,0.597808,2.771288,1.233433,1.979301,0.414143,0.840463,3.008713,1.299739,1.375427,1.961797,1.932767,1.646867,0.858008,1.524835,1.580889,2.452972,2.483519,0.911039,1.250583,0.703359,0.889202,44.787857,5.465258,2.426119,1.960968,1.715808,concentrate
5.587325,1.867223,2.307378,1.952805,2.107376,5.090005,4.028021,0.871784,0.780874,1.429565,2.010646,0.686602,1.25127,0.320634,0.594281,2.561726,0.919701,2.002203,0.418362,0.829836,2.5618,1.43145,1.445876,2.190154,2.10715,1.181345,0.675302,1.137211,1.686741,2.306031,2.157914,1.089764,1.390262,0.78841,1.017185,46.066418,5.988316,2.829181,1.919779,1.696984,concentrate
5.038236,2.021064,1.987234,1.92147,2.082142,4.668592,3.661777,1.006453,0.82717,1.346232,1.870027,0.587806,1.099412,0.386544,0.567652,2.32103,0.8944,1.785179,0.453918,0.790554,2.288387,1.596194,1.56321,2.275354,2.167912,0.911554,0.549241,0.850803,1.861449,2.035312,1.783726,1.252324,1.457481,0.927783,1.128034,42.565197,6.006503,3.057063,1.916568,1.680583,concentrate
4.365846,2.035512,1.627581,1.817555,2.056413,4.293036,3.051148,1.148329,0.896459,1.184612,1.637625,0.616587,0.881644,0.482674,0.522784,2.004626,1.021083,1.416418,0.509071,0.735661,2.332508,1.714467,1.68362,2.204878,2.134507,0.890724,0.461393,0.677859,2.04353,1.746638,1.65442,1.32807,1.4207,1.063562,1.200537,35.732212,5.446219,3.077571,1.925525,1.650928,concentrate
3.471799,1.935194,1.334793,1.68814,2.031829,3.989568,2.2976,1.261232,0.97143,1.013552,1.316574,0.705298,0.669603,0.573923,0.477807,1.634839,1.169217,1.028637,0.565907,0.684424,2.735141,1.712055,1.772263,2.017022,2.050535,1.151624,0.397512,0.620097,2.161925,1.518225,1.722196,1.283658,1.295941,1.142466,1.2273,26.255693,4.525012,2.922779,1.922155,1.608532,concentrate
2.795485,1.858898,1.163258,1.583389,2.015074,3.655958,1.653688,1.301915,1.021148,0.901717,1.018714,0.814863,0.524601,0.631424,0.459419,1.301509,1.272119,0.736155,0.608356,0.657872,3.390733,1.55864,1.812265,1.791459,1.971783,1.728795,0.379074,0.688122,2.156458,1.371222,2.149495,1.139278,1.132268,1.140332,1.217139,18.140783,3.693774,2.712082,1.91572,1.572876,concentrate
2.413477,1.925135,1.105278,1.534131,1.999102,3.364207,1.329996,1.271658,1.020008,0.885695,0.803973,0.944352,0.473159,0.638851,0.489033,1.094031,1.331389,0.604987,0.628323,0.670146,4.086031,1.290146,1.814061,1.623818,1.944255,2.528748,0.469148,0.861781,2.001361,1.277523,2.687674,0.967713,1.003744,1.073654,1.192383,13.181441,3.431469,2.516169,1.939643,1.55853,concentrate
2.280693,2.191021,1.112528,1.53584,1.966166,2.973225,1.353169,1.194259,0.962465,0.952308,0.701256,1.104937,0.501209,0.598048,0.568159,1.020187,1.374798,0.633168,0.628225,0.718334,4.599833,1.009483,1.80545,1.57924,1.987459,3.328674,0.753694,1.085619,1.723633,1.19576,3.295943,0.858923,0.975113,0.984749,1.176864,14.319691,4.097793,2.459015,2.029325,1.564276,concentrate
2.236074,2.610418,1.150871,1.566873,1.900173,2.431978,1.592793,1.119239,0.871624,1.049082,0.674735,1.290356,0.572228,0.531879,0.675612,1.030913,1.417787,0.765277,0.620523,0.782526,4.798545,0.813216,1.813702,1.667243,2.092155,3.90004,1.262669,1.292651,1.397282,1.11143,3.647138,0.857413,1.06066,0.911415,1.184081,20.842413,5.651743,2.501262,2.182689,1.574756,concentrate
2.430111,3.039428,1.220044,1.628876,1.788643,1.869693,1.855724,1.084529,0.790616,1.111224,0.673853,1.465231,0.651813,0.479213,0.77325,1.039,1.446938,0.922864,0.623479,0.830974,4.675172,0.721362,1.850065,1.823928,2.228456,4.081043,1.934917,1.436614,1.105744,1.032712,3.795267,0.93719,1.221513,0.863211,1.209738,29.376673,7.756429,2.601708,2.342052,1.562314,concentrate
3.149832,3.31244,1.317456,1.759373,1.631012,1.441677,2.027944,1.120747,0.759711,1.091266,0.671369,1.579502,0.722687,0.479193,0.821922,1.008166,1.437253,1.051772,0.652913,0.832362,4.309548,0.715678,1.929521,1.966767,2.35712,3.850158,2.654765,1.509556,0.911089,0.965271,3.538233,1.033059,1.410522,0.829131,1.233745,39.960743,9.637094,2.579053,2.414421,1.494755,concentrate
4.454875,3.360098,1.446409,1.990356,1.440636,1.176239,2.084222,1.266832,0.802165,0.97787,0.70138,1.614796,0.796295,0.549001,0.801782,0.955297,1.396377,1.145445,0.714274,0.773271,4.046843,0.761354,2.05789,2.042298,2.440185,3.425023,3.317943,1.547502,0.832823,0.907149,3.361384,1.092892,1.591969,0.795154,1.22877,46.716301,10.64574,2.403557,2.313778,1.351225,concentrate
6.442343,3.229639,1.599324,2.306907,1.243572,1.037696,2.082707,1.538992,0.90268,0.799275,0.780369,1.587941,0.904688,0.672126,0.72124,0.907081,1.363486,1.23149,0.794498,0.665233,4.184291,0.819841,2.218727,2.03626,2.457734,3.165632,3.841383,1.61366,0.847937,0.857061,3.128939,1.098029,1.741431,0.752969,1.176161,46.551479,10.358844,2.036738,2.020495,1.140867,concentrate
8.235409,3.015899,1.739581,2.643373,1.07217,1.014604,2.082351,1.914687,1.021767,0.605861,0.939945,1.523512,1.079234,0.813774,0.60945,0.907028,1.374495,1.360602,0.873244,0.537063,4.993209,0.871704,2.39056,1.976434,2.422127,3.391263,4.165662,1.761136,0.926031,0.818035,3.437407,1.065915,1.846444,0.709788,1.076205,42.232864,8.937567,1.606089,1.634743,0.906109,concentrate
9.934023,2.818707,1.814632,2.897604,0.953855,1.071562,2.120873,2.312671,1.110208,0.446006,1.137265,1.451132,1.312048,0.935091,0.501223,0.976812,1.453026,1.551187,0.928864,0.422243,6.325763,0.916999,2.535044,1.903502,2.369774,4.162105,4.25778,1.976449,1.045437,0.792275,4.020512,1.038656,1.88971,0.676072,0.948984,31.611691,6.871855,1.227688,1.316804,0.707117,concentrate
10.417,2.704714,1.77977,2.973375,0.893944,1.229627,2.210856,2.640313,1.136943,0.346035,1.384651,1.400322,1.552098,1.007598,0.421298,1.126122,1.599365,1.771031,0.947356,0.346243,7.762334,0.990727,2.620038,1.843999,2.338247,5.242424,4.13415,2.182736,1.186768,0.775765,4.758792,1.084337,1.853298,0.656007,0.826245,21.39621,4.96003,1.006559,1.189675,0.597454,concentrate
10.292973,2.689446,1.622379,2.825749,0.872559,1.47677,2.33392,2.81667,1.091772,0.303711,1.577751,1.390751,1.727417,1.018328,0.376258,1.310797,1.768942,1.94841,0.922772,0.31845,8.737403,1.152708,2.623851,1.800691,2.348489,6.193174,3.867791,2.277627,1.321633,0.757951,5.318874,1.267582,1.726132,0.646096,0.734665,14.169951,3.824567,0.952894,1.282725,0.599787,concentrate
9.151026,2.739598,1.376737,2.476994,0.858353,1.833599,2.430926,2.778362,0.980746,0.296598,1.711779,1.42643,1.778991,0.975268,0.357363,1.487774,1.895451,2.011008,0.855933,0.331751,8.814564,1.4406,2.536742,1.757498,2.403989,6.577833,3.541487,2.198969,1.433299,0.725489,5.278661,1.593494,1.515799,0.643655,0.683874,10.461753,3.704055,1.026591,1.51225,0.696101,concentrate
7.961834,2.814616,1.120804,2.007677,0.827992,2.182455,2.447974,2.525765,0.828641,0.302652,1.739415,1.493659,1.692233,0.89845,0.351354,1.60777,1.921275,1.923801,0.757203,0.370234,7.931736,1.820047,2.368421,1.694209,2.491673,6.2458,3.218255,1.961147,1.516567,0.671073,4.756015,1.977777,1.266826,0.650465,0.663242,11.92593,4.37175,1.166642,1.730344,0.846177,concentrate
6.701789,2.860221,0.94722,1.532351,0.777102,2.46242,2.338974,2.107623,0.671926,0.317122,1.682287,1.548376,1.502507,0.81109,0.352007,1.627164,1.808612,1.702931,0.646127,0.419724,6.395114,2.182576,2.143704,1.605315,2.576801,5.313518,2.927103,1.657785,1.57132,0.598037,3.794452,2.278977,1.050718,0.669392,0.651056,13.027918,5.320765,1.405016,1.8276,1.012552,concentrate
5.749557,2.86604,0.905899,1.140395,0.715805,2.56651,2.120022,1.621713,0.542776,0.345065,1.535395,1.555483,1.279276,0.729041,0.358264,1.543592,1.581479,1.413316,0.543757,0.468469,4.6875,2.427031,1.894474,1.521736,2.617994,4.123132,2.697687,1.400869,1.59546,0.520258,2.771224,2.407423,0.944143,0.699069,0.627173,16.024841,6.155467,1.730826,1.781624,1.168603,concentrate
4.942884,2.825252,1.018043,0.87538,0.662745,2.526981,1.839516,1.189009,0.457207,0.387419,1.36505,1.500734,1.108063,0.657272,0.368156,1.394823,1.300582,1.152297,0.463726,0.505601,3.241254,2.497897,1.662762,1.488564,2.58044,3.072798,2.523012,1.278552,1.583909,0.454652,1.927161,2.340644,0.99149,0.736536,0.584054,17.534916,6.703829,2.181232,1.646018,1.298847,concentrate
4.357092,2.768032,1.301017,0.747784,0.635169,2.397636,1.574947,0.923879,0.412044,0.436528,1.196596,1.422102,1.067644,0.59008,0.376269,1.225153,1.057082,1.014891,0.406968,0.52159,2.294892,2.430565,1.517366,1.522452,2.445793,2.371573,2.407606,1.346265,1.523578,0.413934,1.386165,2.145305,1.205472,0.770928,0.527945,19.607389,7.01949,2.639442,1.52069,1.404536,concentrate
3.825743,2.829903,1.740601,0.749189,0.640758,2.224525,1.482041,0.883336,0.390717,0.477757,1.045133,1.455854,1.187994,0.523685,0.375029,1.056417,1.000337,1.052666,0.364542,0.510416,1.827335,2.412716,1.53907,1.598644,2.22024,2.063467,2.43466,1.619258,1.407339,0.400721,1.162041,2.016815,1.56679,0.78739,0.473314,17.407711,7.434738,3.117444,1.49234,1.503998,concentrate
3.499953,3.24541,2.261779,0.857279,0.687123,2.072127,1.744349,1.046235,0.376213,0.496467,0.955911,1.79762,1.425795,0.466995,0.358473,0.937125,1.296715,1.24513,0.3303,0.473763,1.671344,2.745612,1.749712,1.652838,1.936893,2.006927,2.797863,2.033684,1.241855,0.405038,1.164628,2.226978,1.99414,0.77333,0.431438,18.254284,8.258845,3.418939,1.58137,1.618257,concentrate
3.424219,4.191912,2.8018,1.032931,0.796614,1.943738,2.430513,1.343571,0.36088,0.486845,0.966473,2.57351,1.71237,0.435747,0.326695,0.899332,2.018308,1.52691,0.305231,0.42167,1.657858,3.671801,2.118365,1.622905,1.642011,2.063638,3.65343,2.512868,1.051295,0.411837,1.188348,2.966622,2.41423,0.730151,0.404708,13.868376,9.70825,3.652069,1.741969,1.754924,concentrate
3.385445,5.655673,3.375028,1.223543,0.998896,1.847916,3.429936,1.728919,0.355416,0.456333,1.114108,3.744178,2.036464,0.44316,0.286745,0.960475,3.080524,1.869953,0.296843,0.36835,1.681447,5.204788,2.640708,1.484206,1.375974,2.159688,4.971137,3.021684,0.875777,0.412657,1.270992,4.219896,2.784781,0.670903,0.386797,14.236734,11.565993,3.890207,1.932053,1.901543,concentrate
3.516628,7.387106,4.052962,1.385187,1.300204,1.797943,4.532826,2.184654,0.388821,0.426133,1.422581,5.099169,2.447296,0.494076,0.25241,1.159234,4.279529,2.291505,0.318703,0.331488,1.699898,7.039289,3.374938,1.277154,1.171068,2.262623,6.474826,3.555433,0.75341,0.407792,1.200378,5.734999,3.174391,0.631667,0.379806,10.285052,13.378583,4.637331,2.1467,2.037384,concentrate
4.224651,8.936714,4.909416,1.507153,1.662376,1.861349,5.506883,2.713164,0.503312,0.426698,1.875307,6.30474,2.997865,0.585463,0.240213,1.516046,5.342811,2.812203,0.396232,0.332376,1.757574,8.680055,4.362684,1.091345,1.060636,2.35231,7.738978,4.145446,0.70053,0.403165,1.149566,7.080818,3.616434,0.67125,0.408364,10.557989,14.69644,5.966338,2.410102,2.149907,concentrate
5.638869,9.812186,5.908195,1.608909,2.002939,2.214733,6.148112,3.321482,0.72433,0.479962,2.558567,7.021759,3.686093,0.700748,0.259966,2.140356,6.026927,3.425609,0.547188,0.383557,1.980259,9.65093,5.570217,1.020347,1.06756,2.423896,8.334221,4.799776,0.706943,0.408237,1.157651,7.853825,4.168456,0.843172,0.502228,10.329399,15.143515,7.992157,2.737321,2.233329,concentrate
7.831934,9.688766,6.861492,1.707778,2.225678,2.907419,6.373415,3.961762,1.033554,0.58803,3.272317,7.026767,4.378959,0.811699,0.309203,2.910619,6.173585,4.032915,0.761853,0.480702,2.5612,9.655948,6.80342,1.107855,1.192701,2.501169,8.026217,5.430082,0.744192,0.432121,1.494035,7.803041,4.73817,1.159341,0.677639,12.541273,14.661516,10.12505,3.091543,2.286028,concentrate
10.690287,8.580874,7.533419,1.802331,2.265329,4.048341,6.26003,4.512904,1.370456,0.73206,4.058557,6.343869,4.891214,0.896781,0.37407,3.868855,5.797742,4.497486,1.005038,0.600969,3.70222,8.746028,7.822819,1.322382,1.41163,2.631793,6.920358,5.941073,0.785048,0.481296,2.483597,6.982734,5.256815,1.569527,0.918975,16.341232,13.378818,11.813806,3.383511,2.301535,concentrate
13.441631,6.846987,7.701225,1.894776,2.134746,5.793044,5.986184,4.813797,1.655796,0.878782,4.547639,5.232607,5.03228,0.960474,0.436057,4.671248,5.067851,4.673008,1.238644,0.711586,5.432339,7.251775,8.382796,1.579139,1.677286,2.824943,5.398723,6.202226,0.824302,0.560909,4.105387,5.662508,5.617596,1.969789,1.174816,20.466135,11.566144,12.455117,3.516689,2.266739,concentrate
16.135759,5.078993,7.286455,1.998959,1.922578,8.217152,5.721619,4.754119,1.820162,0.992575,4.808005,4.087883,4.728585,1.024868,0.480974,5.190462,4.240693,4.49466,1.432528,0.783386,7.476378,5.657322,8.344513,1.783967,1.920725,3.070896,3.967196,6.119239,0.873662,0.674145,6.387973,4.267394,5.749568,2.235294,1.375193,25.332462,9.671861,11.897099,3.427165,2.169542,concentrate
19.240185,3.754983,6.346904,2.117528,1.741039,11.149066,5.505077,4.302892,1.824773,1.049052,4.609035,3.228854,4.02847,1.106535,0.504384,5.146048,3.53161,3.983313,1.565661,0.802926,9.313108,4.338044,7.69665,1.878061,2.070069,3.355808,3.006134,5.646008,0.947653,0.81558,8.461945,3.104957,5.596406,2.275387,1.460422,28.381006,7.986575,10.276431,3.112158,2.007297,concentrate
23.517237,3.061465,5.058532,2.233933,1.668063,14.055205,5.250177,3.538768,1.677419,1.043938,4.362227,2.7651,3.084168,1.198038,0.51009,4.763455,3.02297,3.243946,1.624837,0.777364,10.398085,3.395055,6.556654,1.85292,2.081929,3.685665,2.595881,4.816024,1.047153,0.966181,10.353706,2.296438,5.143085,2.075892,1.408501,31.384626,6.613331,7.985677,2.626262,1.798948,concentrate
28.615829,2.899036,3.711536,2.331244,1.710762,16.203321,4.82298,2.661469,1.429124,0.991354,4.013415,2.59754,2.125229,1.266902,0.504218,4.112611,2.667695,2.451744,1.602785,0.726807,10.353673,2.749324,5.181361,1.739156,1.953658,3.991772,2.56362,3.782791,1.151324,1.094124,10.792991,1.781292,4.470013,1.706857,1.242712,32.926849,5.573167,5.645266,2.076923,1.585251,concentrate
33.177788,3.083855,2.563719,2.384108,1.811568,16.857729,4.167866,1.889976,1.150541,0.914215,3.863492,2.551114,1.341071,1.269835,0.490523,3.527905,2.380056,1.764072,1.502182,0.672615,9.227949,2.286546,3.835407,1.576772,1.719682,4.205514,2.650622,2.739687,1.218715,1.161642,10.512702,1.494933,3.683805,1.275749,1.01606,33.019119,4.958548,3.738863,1.560332,1.421072,concentrate
36.036736,3.554824,1.733027,2.359847,1.889462,15.830726,3.380994,1.365904,0.905858,0.830524,3.784855,2.47253,0.806345,1.176868,0.467159,3.182163,2.105993,1.250105,1.333601,0.625333,7.412124,1.986206,2.697166,1.400862,1.432273,4.203909,2.697034,1.847052,1.208644,1.144194,8.858284,1.399552,2.888823,0.888085,0.785175,42.166122,5.270051,2.563671,1.1407,1.350472,concentrate
36.311478,4.445788,1.176875,2.235332,1.888097,13.661317,2.669665,1.134977,0.737489,0.74745,3.754742,2.296614,0.505774,0.991918,0.430757,3.101773,1.840384,0.913206,1.120916,0.583213,5.50809,1.912052,1.837262,1.229794,1.138009,3.951961,2.674288,1.210733,1.104689,1.045433,7.179905,1.518002,2.17768,0.608821,0.588366,50.270126,7.012722,2.440472,0.834789,1.377784,concentrate
33.871143,5.905384,0.811142,2.019629,1.800609,11.192941,2.19875,1.164247,0.654616,0.662739,3.566844,2.046005,0.395049,0.752808,0.381041,3.152147,1.598869,0.732136,0.89633,0.536256,3.963701,2.128984,1.27703,1.069472,0.86749,3.436275,2.674892,0.876048,0.92546,0.896645,5.500433,1.864337,1.642685,0.451126,0.437009,69.217651,10.474789,3.340745,0.633034,1.463872,concentrate
29.40794,7.862654,0.583999,1.759096,1.65868,9.165486,2.016921,1.350269,0.635664,0.572454,3.128367,1.791103,0.419199,0.515135,0.323354,3.121984,1.386924,0.669945,0.693121,0.476201,3.056047,2.582868,0.992058,0.91726,0.638585,2.73827,2.799615,0.794157,0.714048,0.740896,4.345973,2.384736,1.323379,0.386468,0.323838,79.502174,15.279006,5.134326,0.513948,1.544858,concentrate
24.647095,10.013503,0.448966,1.520655,1.499787,7.943501,2.054552,1.550902,0.649249,0.478421,2.514295,1.628159,0.50543,0.329024,0.268483,2.953203,1.228501,0.670259,0.538688,0.405728,2.783972,3.13141,0.907296,0.778141,0.466044,2.087394,3.096566,0.852726,0.522325,0.614986,3.771637,2.942941,1.179015,0.378888,0.239666,95.636726,20.49852,7.102003,0.459539,1.563527,concentrate
20.877193,12.01386,0.393983,1.35593,1.348352,7.486619,2.151894,1.634835,0.658063,0.387786,1.957512,1.674308,0.58593,0.216092,0.226123,2.75213,1.179724,0.674538,0.441873,0.335889,2.951421,3.621701,0.941236,0.662079,0.358458,1.762642,3.565531,0.953797,0.395087,0.535095,3.426949,3.390683,1.133829,0.397584,0.180176,98.354843,24.998686,8.723849,0.453815,1.49356,concentrate
18.463444,13.534887,0.3998,1.269844,1.210007,7.449015,2.185772,1.559134,0.634609,0.308775,1.684604,2.002175,0.628521,0.167632,0.200097,2.766509,1.29641,0.653324,0.389844,0.27769,3.337539,3.939497,1.037248,0.570363,0.308347,1.95452,4.181964,1.078758,0.355199,0.49421,3.272973,3.619309,1.123443,0.416236,0.14193,99.567207,27.761692,9.363249,0.489251,1.341753,concentrate
16.86116,14.377245,0.457506,1.231558,1.080419,7.578281,2.161665,1.370319,0.572989,0.249066,1.78881,2.583682,0.645783,0.15893,0.188471,3.188358,1.594799,0.614553,0.36133,0.237602,3.666956,4.031715,1.167785,0.507417,0.298092,2.662772,4.850411,1.257234,0.402125,0.471883,3.00754,3.597946,1.143158,0.426155,0.122272,89.428947,28.340727,9.022075,0.573081,1.145302,concentrate
15.634197,14.512207,0.568966,1.197067,0.956241,7.743501,2.132138,1.150871,0.489963,0.212213,2.195843,3.269411,0.67249,0.173875,0.185183,4.042164,2.015697,0.580703,0.344072,0.215584,3.722671,3.89205,1.334144,0.478204,0.308488,3.579824,5.40855,1.529801,0.51838,0.447356,2.650686,3.342677,1.220464,0.433627,0.120397,78.747047,26.705248,7.826459,0.704846,0.95781,concentrate
14.322354,14.00782,0.750258,1.145697,0.846279,8.131756,2.131416,0.976583,0.416467,0.196466,2.675133,3.857068,0.735392,0.212459,0.185338,5.010549,2.457785,0.5734,0.341757,0.207405,3.457349,3.578864,1.541396,0.483469,0.323581,4.373765,5.691409,1.905698,0.675297,0.411129,2.225706,2.935994,1.364434,0.444962,0.136159,64.823334,23.424593,6.277615,0.868594,0.833099,concentrate
12.849951,13.045885,1.036749,1.079863,0.761773,8.245152,2.178395,0.917281,0.377338,0.197508,3.014984,4.187391,0.846543,0.275488,0.188233,5.76136,2.805511,0.61033,0.361436,0.21002,3.004483,3.166413,1.803512,0.521482,0.334896,4.840168,5.600387,2.346538,0.840192,0.368281,1.977012,2.477266,1.576805,0.462521,0.169363,55.35146,19.252266,4.812999,1.029754,0.808454,concentrate
11.331377,11.803197,1.471275,1.007972,0.704732,8.083259,2.26911,1.050323,0.378519,0.210696,3.088981,4.250223,1.039254,0.35469,0.194382,5.982963,3.007628,0.740865,0.402582,0.221296,2.634366,2.776836,2.139567,0.582683,0.341055,4.894729,5.21253,2.809442,0.981869,0.329106,2.101483,2.110519,1.881523,0.483238,0.218583,50.611782,15.124301,3.905806,1.153092,0.891927,concentrate
9.782476,10.471504,2.064266,0.944107,0.67277,7.316628,2.425659,1.407968,0.412897,0.233647,2.824849,4.16787,1.324535,0.435454,0.203753,5.54199,3.112434,1.002995,0.458518,0.240216,2.545887,2.490056,2.546467,0.646276,0.344988,4.55563,4.726508,3.238807,1.071442,0.302212,2.601145,1.91437,2.281658,0.497284,0.277964,49.457741,11.639238,3.685113,1.218315,1.056342,concentrate
8.854234,9.502439,2.764246,0.904257,0.657106,6.136803,2.767364,1.943365,0.467833,0.262068,2.382657,4.179569,1.677855,0.501172,0.214393,4.608968,3.304048,1.388538,0.518487,0.263407,2.739958,2.331953,2.972269,0.689502,0.35209,4.084006,4.38442,3.575436,1.090595,0.292223,3.328402,1.911488,2.724218,0.494465,0.336265,50.963394,9.304302,3.908413,1.225579,1.244262,concentrate
9.676277,9.28511,3.43498,0.892189,0.646861,4.971531,3.401523,2.533125,0.53364,0.289302,2.095768,4.459756,2.035037,0.542228,0.223899,3.662321,3.737832,1.826486,0.573963,0.285049,3.113113,2.294483,3.316727,0.693992,0.366231,3.77471,4.337193,3.765123,1.037734,0.300302,3.950381,2.052243,3.112725,0.472521,0.379014,49.452118,8.375006,4.258574,1.19087,1.3896,concentrate
13.234658,9.951756,3.888676,0.893391,0.633611,4.290393,4.304793,3.010155,0.602289,0.309835,2.212966,4.99789,2.297114,0.560082,0.230516,3.107538,4.420797,2.195629,0.619602,0.299039,3.472917,2.335289,3.467014,0.657122,0.387646,3.7582,4.553757,3.756762,0.928818,0.323847,4.318683,2.249854,3.323027,0.440977,0.395674,46.900513,8.761247,4.525186,1.142872,1.444067,concentrate
19.789509,11.230564,3.958362,0.886168,0.616512,4.269135,5.282983,3.228563,0.662684,0.319806,2.76125,5.595056,2.38105,0.560742,0.233674,3.109988,5.186015,2.382478,0.650217,0.300684,3.663712,2.372771,3.340876,0.591106,0.413483,3.956823,4.815292,3.510484,0.787712,0.356821,4.246471,2.406063,3.262502,0.414084,0.385502,50.26881,9.907827,4.564599,1.112183,1.394776,concentrate
27.231737,12.469707,3.60253,0.860783,0.603353,4.732417,6.046143,3.122672,0.698056,0.317648,3.517445,5.976649,2.253827,0.549982,0.233644,3.499995,5.773057,2.327032,0.659133,0.28781,3.611539,2.323093,2.931995,0.513297,0.440745,4.133791,4.849003,3.030614,0.641527,0.392196,3.820829,2.459927,2.907842,0.402424,0.360841,49.701763,10.914059,4.334986,1.105085,1.268754,concentrate
32.85965,12.923277,2.914243,0.826247,0.603173,5.165336,6.315835,2.726028,0.698563,0.304608,4.069664,5.927557,1.946362,0.532434,0.230417,3.865527,5.940488,2.045903,0.644443,0.261912,3.348853,2.167933,2.316261,0.439072,0.466983,4.044604,4.481734,2.37751,0.514103,0.42355,3.224973,2.411998,2.318406,0.408326,0.339545,49.024235,11.050007,3.816785,1.111546,1.115853,concentrate
34.481739,12.215021,2.088714,0.799779,0.618079,5.104259,5.998122,2.162689,0.666951,0.284364,4.150615,5.424932,1.53336,0.510815,0.223919,3.847635,5.620662,1.62491,0.609983,0.228008,2.993035,2.007383,1.634971,0.380415,0.488306,3.632092,3.772955,1.664999,0.420606,0.446793,2.639807,2.32952,1.618834,0.424705,0.334326,43.636818,10.169924,3.110985,1.11474,0.985322,concentrate
31.093521,10.554892,1.341825,0.786883,0.641183,4.422692,5.252103,1.606306,0.615714,0.261566,3.661109,4.664124,1.12646,0.486952,0.214804,3.356036,4.97368,1.199585,0.563696,0.192773,2.674649,2.052662,1.076985,0.345502,0.497582,2.994077,3.017467,1.068463,0.363612,0.461333,2.232683,2.340452,0.990311,0.437681,0.345311,36.541603,8.738853,2.408255,1.09702,0.913671,concentrate
24.222851,8.523361,0.860669,0.783673,0.663703,3.344362,4.335428,1.184526,0.563074,0.239325,2.834578,3.893502,0.821978,0.464764,0.204535,2.568315,4.231063,0.879323,0.516411,0.16227,2.476303,2.451944,0.78836,0.338851,0.487304,2.307333,2.519925,0.730664,0.335349,0.468357,2.050482,2.515671,0.588331,0.434143,0.359634,28.98983,7.471538,1.926872,1.052712,0.920915,concentrate
16.029312,6.668285,0.682321,0.781144,0.679923,2.147568,3.476727,0.93757,0.522829,0.218299,1.896671,3.285161,0.65675,0.447542,0.195442,1.71495,3.572742,0.70369,0.475964,0.140048,2.39076,3.170296,0.797261,0.360419,0.454982,1.746669,2.411322,0.672606,0.327842,0.47028,2.024509,2.803777,0.452139,0.409204,0.360092,21.979006,6.726665,1.726942,0.99665,1.006731,concentrate
9.104314,5.346133,0.714957,0.768747,0.690274,1.202715,2.804425,0.830201,0.497994,0.1967,1.143926,2.886595,0.61043,0.434313,0.189333,1.02657,3.073926,0.648074,0.444097,0.125826,2.336556,3.994867,1.023253,0.400513,0.40708,1.382326,2.617125,0.81052,0.336423,0.469029,2.027969,3.062471,0.508359,0.365881,0.337005,18.630308,6.478065,1.733934,0.957379,1.148734,concentrate
4.860205,4.61989,0.824975,0.745015,0.700358,0.621513,2.328562,0.786951,0.482399,0.173099,0.691786,2.641385,0.624034,0.420756,0.187172,0.609817,2.706903,0.648416,0.418265,0.117676,2.26616,4.624897,1.328614,0.444472,0.358063,1.216094,2.912104,1.014984,0.356331,0.463869,1.9823,3.138256,0.639231,0.315012,0.294245,16.844612,6.412942,1.797112,0.961886,1.306098,concentrate
3.461403,4.312389,0.915517,0.715842,0.713502,0.472338,1.98903,0.746355,0.459171,0.147934,0.571577,2.460448,0.640488,0.396339,0.189178,0.485973,2.401382,0.643287,0.389117,0.113709,2.132802,4.812477,1.588706,0.477827,0.322793,1.141297,3.064501,1.169578,0.381015,0.451498,1.85873,2.946345,0.746652,0.268135,0.244527,17.560751,6.180758,1.839786,1.016177,1.433734,concentrate
3.593413,4.199414,0.986944,0.697557,0.724715,0.565382,1.731481,0.712211,0.418262,0.123595,0.617174,2.287932,0.655009,0.35605,0.193849,0.526449,2.111821,0.628531,0.353394,0.112718,1.894645,4.482828,1.742702,0.487852,0.30851,1.039505,2.964203,1.234911,0.407128,0.428486,1.637153,2.52523,0.79401,0.232864,0.200961,17.444204,5.607627,1.837868,1.105066,1.492006,concentrate
4.155002,4.104687,1.05359,0.703057,0.72171,0.797605,1.527578,0.694546,0.363479,0.103152,0.727721,2.099956,0.662694,0.303386,0.197505,0.650833,1.824068,0.605627,0.31472,0.113512,1.583901,3.746821,1.760436,0.470752,0.312267,0.91717,2.630751,1.205432,0.432471,0.393699,1.371696,2.001661,0.777213,0.212713,0.171168,17.50231,4.786152,1.805884,1.192303,1.457736,concentrate
4.566037,3.944772,1.131735,0.733801,0.693576,1.074327,1.375254,0.693467,0.305002,0.089098,0.863761,1.897246,0.657246,0.247688,0.195944,0.825381,1.550338,0.578442,0.27798,0.115198,1.299351,2.827178,1.654345,0.432648,0.32497,0.854751,2.166505,1.105451,0.459936,0.351256,1.151871,1.511619,0.721661,0.20827,0.155954,16.209827,3.893562,1.732084,1.246108,1.339115,concentrate
4.683474,3.696004,1.221541,0.77773,0.641656,1.315792,1.270335,0.700076,0.253841,0.083467,1.012083,1.692789,0.634504,0.202067,0.187116,1.023542,1.307896,0.549686,0.248095,0.11813,1.142643,1.965441,1.481457,0.391364,0.337395,0.917921,1.707179,0.985126,0.497711,0.308344,1.088321,1.155912,0.666722,0.221484,0.15116,14.940765,3.056082,1.652385,1.261648,1.174669,concentrate
4.474993,3.358028,1.317371,0.820289,0.584527,1.442196,1.198249,0.703913,0.217251,0.087469,1.142464,1.502306,0.598058,0.177979,0.172235,1.191026,1.106277,0.523588,0.228299,0.123104,1.109376,1.376435,1.309084,0.369396,0.343941,1.129017,1.366019,0.895049,0.556119,0.270936,1.108581,0.999029,0.645471,0.255723,0.151476,13.514635,2.390228,1.588562,1.260401,1.011938,concentrate
4.063557,3.011036,1.386379,0.855274,0.547563,1.407804,1.162584,0.69806,0.196832,0.099724,1.227311,1.355562,0.551174,0.179185,0.154534,1.272999,0.962907,0.500952,0.218682,0.129786,1.170441,1.179406,1.195664,0.382748,0.34504,1.477183,1.204514,0.853569,0.642502,0.242461,1.164032,1.067316,0.684131,0.309783,0.154633,12.879311,2.037126,1.544358,1.281234,0.885701,concentrate
3.645675,2.85665,1.398082,0.887714,0.544554,1.244225,1.195561,0.679831,0.190127,0.116288,1.254543,1.307666,0.493418,0.198652,0.137721,1.252209,0.913677,0.480052,0.216267,0.136325,1.324183,1.367294,1.165987,0.433721,0.34617,1.969503,1.249275,0.854343,0.751406,0.225159,1.249344,1.341398,0.795516,0.377805,0.162599,13.70247,2.150944,1.493705,1.364329,0.808385,concentrate
3.461039,3.103397,1.337958,0.934279,0.57129,1.040951,1.333003,0.642997,0.195247,0.132188,1.237962,1.409547,0.428989,0.224855,0.124507,1.153322,0.992354,0.455938,0.21883,0.140163,1.559868,1.829569,1.207137,0.516152,0.353063,2.607332,1.504897,0.88191,0.873716,0.221181,1.361012,1.74772,0.97558,0.459081,0.178313,16.341774,2.835847,1.448513,1.521175,0.77463,concentrate
3.66158,3.754004,1.207074,1.011241,0.610625,0.912621,1.564704,0.581164,0.210736,0.143831,1.190811,1.654587,0.363312,0.246661,0.115738,1.021246,1.18753,0.421916,0.223691,0.139171,1.821022,2.385619,1.273919,0.614347,0.366221,3.320251,1.930843,0.911069,0.992124,0.231341,1.53433,2.161478,1.191049,0.553882,0.201901,20.980333,3.988188,1.436368,1.725616,0.77131,concentrate
4.219465,4.575661,1.034717,1.125027,0.644422,0.985984,1.841161,0.510434,0.237485,0.152023,1.157859,1.964653,0.31156,0.257627,0.111488,0.953788,1.43514,0.38456,0.229265,0.133471,2.040749,2.809259,1.31007,0.706687,0.379882,4.004307,2.401684,0.922077,1.08195,0.253011,1.723844,2.430527,1.385662,0.655819,0.229081,26.738581,5.190512,1.469524,1.924883,0.790172,concentrate
4.966493,5.220971,0.85964,1.259586,0.666085,1.346226,2.101421,0.460373,0.273559,0.161662,1.189067,2.234332,0.289521,0.255632,0.112186,1.047185,1.657821,0.35558,0.233473,0.126136,2.17213,2.952138,1.280433,0.769619,0.386422,4.519834,2.79104,0.900228,1.112605,0.279678,1.935806,2.46925,1.502802,0.747257,0.252252,32.835052,6.006121,1.537472,2.062178,0.824793,concentrate
5.635117,5.394457,0.724916,1.382144,0.683113,1.976949,2.29795,0.462911,0.312507,0.17839,1.312136,2.379686,0.307576,0.243214,0.118479,1.342868,1.804263,0.349416,0.235162,0.121883,2.211091,2.804626,1.20908,0.790984,0.380462,4.785852,2.9942,0.857125,1.065944,0.303374,2.110014,2.304041,1.524756,0.806344,0.263764,37.706276,6.155732,1.626874,2.105416,0.866391,concentrate
5.96558,4.980721,0.660183,1.449818,0.706449,2.732031,2.398727,0.529102,0.343827,0.203688,1.516552,2.359752,0.36349,0.226299,0.12991,1.778924,1.855917,0.372537,0.233795,0.124432,2.210501,2.466813,1.146879,0.770782,0.360641,4.782358,2.941989,0.822991,0.944857,0.317185,2.252064,2.039289,1.470786,0.815304,0.258934,40.700661,5.581564,1.732247,2.045211,0.90361,concentrate
5.822157,4.103786,0.683669,1.431703,0.739072,3.416028,2.383518,0.640409,0.359773,0.232544,1.764779,2.185525,0.440955,0.212105,0.144674,2.244332,1.817293,0.421516,0.232065,0.134241,2.233228,2.104227,1.142208,0.718455,0.330507,4.611388,2.691337,0.834345,0.768814,0.317281,2.356183,1.8128,1.390218,0.768424,0.238511,40.353859,4.523358,1.846666,1.892316,0.926318,concentrate
5.297931,3.031876,0.794401,1.330329,0.771273,3.853345,2.247915,0.75579,0.362184,0.255553,1.990524,1.909558,0.519018,0.208339,0.160203,2.587471,1.704704,0.485094,0.237076,0.148556,2.337222,1.84795,1.213339,0.648193,0.296458,4.463551,2.3547,0.907749,0.571286,0.304575,2.473,1.698635,1.334386,0.674705,0.208508,37.435562,3.40653,1.96729,1.671853,0.930175,concentrate
4.650126,2.059256,0.962998,1.17955,0.785837,3.91564,2.01126,0.838039,0.358533,0.263173,2.124382,1.600809,0.585246,0.21886,0.172668,2.705242,1.544479,0.551919,0.253646,0.162143,2.523491,1.738469,1.331615,0.574594,0.264804,4.50236,2.039143,1.03019,0.391793,0.283574,2.606273,1.691644,1.329174,0.558459,0.177637,32.64782,2.511814,2.095677,1.416141,0.916321,concentrate
4.106698,1.376509,1.146335,1.032967,0.769063,3.628137,1.709584,0.870479,0.354962,0.250632,2.1208,1.319297,0.635311,0.240167,0.177902,2.582577,1.36426,0.615041,0.279324,0.169575,2.725603,1.721187,1.443024,0.506027,0.240571,4.746792,1.816455,1.167789,0.260638,0.260016,2.733698,1.725357,1.373834,0.448824,0.15415,27.058552,1.950227,2.232818,1.163299,0.891232,concentrate
3.77417,1.006315,1.301457,0.94044,0.718242,3.11173,1.392436,0.863882,0.353456,0.220846,1.975621,1.104793,0.674254,0.264421,0.173805,2.293721,1.193419,0.677593,0.306666,0.168591,2.834475,1.704621,1.492206,0.448613,0.226871,5.046243,1.702817,1.285645,0.193061,0.238625,2.790504,1.736827,1.44382,0.368355,0.142542,21.294373,1.716062,2.358348,0.949627,0.864001,concentrate
3.673769,0.83237,1.401537,0.91936,0.642847,2.503894,1.115676,0.843343,0.349527,0.183725,1.712346,0.960416,0.711752,0.282938,0.16245,1.915978,1.054365,0.747764,0.3261,0.162391,2.767782,1.625085,1.460943,0.406198,0.224557,5.194646,1.641715,1.363525,0.184781,0.221927,2.721043,1.712802,1.524369,0.325593,0.141791,16.231209,1.701842,2.447969,0.804064,0.846233,concentrate
3.649668,0.740549,1.45682,0.946504,0.560282,1.942887,0.916843,0.835864,0.335595,0.15173,1.40997,0.873971,0.759159,0.288153,0.149018,1.547831,0.962641,0.834798,0.329809,0.15748,2.526168,1.487496,1.367994,0.379138,0.232958,5.055118,1.555049,1.393679,0.216961,0.212166,2.497965,1.683837,1.609265,0.310733,0.149593,12.047923,1.781026,2.463703,0.738158,0.846054,concentrate
3.518915,0.6921,1.501146,0.974227,0.488053,1.504132,0.809021,0.861051,0.306178,0.133902,1.130381,0.837089,0.821481,0.275951,0.138931,1.241574,0.923907,0.942269,0.31452,0.159152,2.188158,1.344237,1.267054,0.364751,0.251195,4.623902,1.417109,1.395433,0.265314,0.213705,2.174725,1.68196,1.701422,0.306421,0.167104,9.381263,1.934597,2.405485,0.744437,0.863449,concentrate
3.200898,0.678812,1.533918,0.956939,0.438469,1.184152,0.778364,0.903145,0.261623,0.132872,0.905454,0.839832,0.874398,0.248048,0.135301,0.999061,0.932702,1.040674,0.283054,0.169006,1.834945,1.245319,1.20254,0.351425,0.27866,4.012702,1.264506,1.37992,0.306786,0.230721,1.825202,1.704342,1.78864,0.294572,0.197376,8.553463,2.157927,2.274611,0.800144,0.889712,concentrate
2.775445,0.713656,1.541443,0.877052,0.416831,0.953281,0.788034,0.925443,0.210318,0.145144,0.741932,0.863898,0.889661,0.21199,0.137443,0.806515,0.968628,1.085853,0.242839,0.183996,1.523738,1.2014,1.194533,0.331705,0.313561,3.395271,1.157617,1.343785,0.330287,0.261559,1.494502,1.702234,1.847871,0.27161,0.240659,9.231965,2.486389,2.093499,0.879563,0.909151,concentrate
2.570789,0.835345,1.503008,0.749841,0.422077,0.781123,0.802021,0.896973,0.166756,0.163461,0.649527,0.894884,0.850008,0.176868,0.141709,0.667913,1.00897,1.048573,0.203194,0.197477,1.241262,1.19262,1.256274,0.307834,0.351608,2.846285,1.13491,1.285985,0.336203,0.296231,1.186505,1.627667,1.883967,0.249474,0.290872,10.836452,2.949264,1.894599,0.968389,0.908453,concentrate
2.999889,1.059461,1.397143,0.609839,0.449449,0.655468,0.812498,0.80675,0.142303,0.18161,0.611704,0.929995,0.751818,0.150104,0.144789,0.567215,1.046447,0.925993,0.172156,0.202947,0.974798,1.18836,1.361417,0.288273,0.387146,2.370452,1.180033,1.19652,0.332517,0.320495,0.891802,1.465647,1.896225,0.242684,0.336964,12.288113,3.514956,1.686062,1.056876,0.884026,concentrate
4.39981,1.365027,1.227765,0.495275,0.489857,0.585644,0.823126,0.662255,0.140276,0.197523,0.656389,0.96699,0.602903,0.1348,0.145829,0.519734,1.08048,0.733181,0.153985,0.197218,0.745957,1.16046,1.44295,0.283317,0.413782,1.966107,1.240658,1.065569,0.329047,0.32318,0.68168,1.237393,1.859609,0.259213,0.36695,13.741619,4.039142,1.450816,1.155825,0.841456,concentrate
6.658903,1.702045,1.032632,0.442206,0.531401,0.596224,0.875225,0.503987,0.15772,0.212745,0.822544,1.017804,0.43355,0.131705,0.146034,0.548145,1.14302,0.51415,0.151008,0.181693,0.577298,1.098915,1.436167,0.300429,0.424702,1.62137,1.263609,0.897202,0.333617,0.301821,0.573396,0.995513,1.749586,0.299138,0.37231,15.02493,4.312933,1.189676,1.294658,0.791721,concentrate
9.286596,1.995055,0.863742,0.466678,0.564996,0.706568,1.018143,0.385376,0.189503,0.229817,1.120279,1.099589,0.289232,0.140054,0.14671,0.64997,1.287582,0.331329,0.164053,0.160565,0.454389,1.04466,1.316581,0.339464,0.415267,1.350475,1.230088,0.718602,0.34951,0.263489,0.532456,0.830492,1.569893,0.356913,0.352403,16.343145,4.226906,0.928526,1.496337,0.74443,concentrate
11.504591,2.176427,0.760494,0.560797,0.589087,0.903849,1.274243,0.33697,0.23069,0.249996,1.487929,1.220126,0.202091,0.15916,0.147836,0.811256,1.550065,0.225052,0.193419,0.138435,0.384931,1.043083,1.104015,0.392521,0.385521,1.214019,1.148522,0.563649,0.377282,0.220495,0.514462,0.793935,1.337658,0.422871,0.315465,17.654377,3.802504,0.714734,1.756038,0.707945,concentrate
12.489171,2.262497,0.733065,0.693897,0.608809,1.159266,1.617362,0.358785,0.275299,0.271439,1.814131,1.377118,0.179962,0.185888,0.14748,0.993865,1.919994,0.203697,0.233916,0.119203,0.402917,1.122213,0.850441,0.44404,0.340624,1.278085,1.061808,0.45739,0.414397,0.18443,0.533462,0.897556,1.075472,0.483621,0.274514,18.791594,3.236856,0.583734,2.020786,0.694744,concentrate
12.101224,2.315674,0.768851,0.827074,0.629549,1.442227,1.971208,0.420515,0.315857,0.289685,1.995796,1.547621,0.20697,0.215031,0.143128,1.167893,2.323714,0.241739,0.273846,0.105632,0.535373,1.264117,0.627556,0.481237,0.291085,1.533826,1.011397,0.419115,0.457137,0.161408,0.626196,1.09137,0.818111,0.525312,0.241717,19.656105,2.794491,0.566404,2.204188,0.719656,concentrate
10.637019,2.394179,0.833475,0.936399,0.651124,1.708402,2.240067,0.489009,0.344516,0.299449,1.988628,1.692913,0.260786,0.240805,0.133612,1.302814,2.647117,0.306002,0.301252,0.098844,0.77025,1.4176,0.512804,0.496148,0.250394,1.910006,1.024068,0.458236,0.498836,0.151284,0.801604,1.296505,0.618369,0.536867,0.222831,20.206484,2.694967,0.654989,2.218071,0.789816,concentrate
8.737337,2.510373,0.886795,1.013488,0.666279,1.890159,2.353349,0.5514,0.357515,0.297017,1.806212,1.771173,0.324722,0.259613,0.119898,1.365132,2.783413,0.376048,0.310501,0.09843,1.055024,1.534085,0.546929,0.488537,0.230032,2.316107,1.104576,0.563536,0.532061,0.149673,1.036939,1.463069,0.522369,0.513986,0.215337,20.445314,2.979638,0.809653,2.021688,0.902493,concentrate
6.96339,2.621005,0.895384,1.06735,0.66622,1.913654,2.284492,0.610033,0.356533,0.282037,1.504455,1.745004,0.387898,0.271408,0.105243,1.333243,2.670756,0.440025,0.302954,0.102249,1.311305,1.590586,0.717578,0.461256,0.234035,2.642243,1.228757,0.70501,0.545408,0.151527,1.25341,1.575108,0.546917,0.459433,0.212276,19.947563,3.51407,0.975911,1.656671,1.053689,concentrate
5.53155,2.662977,0.85393,1.116814,0.649482,1.774948,2.05554,0.660126,0.345599,0.257761,1.17258,1.601883,0.43393,0.277422,0.093742,1.205662,2.319768,0.480595,0.284865,0.106969,1.457311,1.588179,0.954238,0.421204,0.258028,2.814138,1.360294,0.833602,0.526856,0.155031,1.403977,1.629416,0.659502,0.386526,0.207575,18.922245,4.070982,1.099458,1.24104,1.242109,concentrate
4.571579,2.570298,0.770664,1.170214,0.621955,1.501853,1.72996,0.68942,0.328755,0.229355,0.885498,1.365808,0.449547,0.278258,0.088047,1.017355,1.818872,0.48203,0.263284,0.109481,1.457786,1.547151,1.151637,0.379479,0.292364,2.791127,1.468743,0.898082,0.473766,0.163927,1.424071,1.632107,0.785022,0.312328,0.198781,17.439606,4.432189,1.145235,0.911536,1.460203,concentrate
3.840633,2.325907,0.674822,1.218851,0.59152,1.178153,1.387765,0.692098,0.308055,0.201956,0.685737,1.089735,0.435399,0.272448,0.088193,0.809973,1.295405,0.444955,0.241806,0.108567,1.354691,1.501926,1.225952,0.346823,0.325842,2.613803,1.537999,0.872567,0.398397,0.183828,1.316446,1.600988,0.853178,0.253627,0.187098,16.196138,4.503275,1.102109,0.755932,1.691686,concentrate
3.17932,1.982309,0.60875,1.238676,0.563181,0.86949,1.103181,0.673106,0.283889,0.17885,0.549813,0.838208,0.406365,0.259839,0.092458,0.618829,0.865316,0.389182,0.221079,0.10615,1.248557,1.472874,1.157739,0.331789,0.348996,2.362314,1.558337,0.775223,0.328306,0.217419,1.139077,1.542398,0.837993,0.224011,0.175905,15.559126,4.276368,0.994024,0.778111,1.909843,concentrate
2.566165,1.636843,0.609784,1.208773,0.537,0.655233,0.917729,0.645913,0.255337,0.161728,0.457546,0.664244,0.384058,0.240625,0.099518,0.475068,0.590489,0.345131,0.200199,0.107514,1.2302,1.456469,0.985076,0.336765,0.358756,2.119429,1.533631,0.647863,0.288257,0.262538,0.987524,1.450195,0.761644,0.225027,0.16808,15.742597,3.805982,0.867387,0.906228,2.074948,concentrate
2.083055,1.372764,0.68976,1.134565,0.50998,0.581912,0.838352,0.632982,0.224653,0.151944,0.397931,0.595286,0.392464,0.218314,0.109116,0.403327,0.473603,0.342967,0.179704,0.118466,1.327607,1.429853,0.783182,0.358183,0.358767,1.937585,1.474286,0.533421,0.295305,0.311388,0.958526,1.31466,0.676267,0.247738,0.164923,16.615591,3.188494,0.761187,1.057463,2.143421,concentrate
1.764555,1.205973,0.832541,1.0557,0.478861,0.633999,0.84353,0.652169,0.198905,0.15046,0.364346,0.619543,0.443988,0.199674,0.12125,0.389025,0.475131,0.393433,0.162537,0.141667,1.501523,1.36727,0.63192,0.393338,0.355732,1.832929,1.388072,0.46955,0.355766,0.352725,1.07044,1.141587,0.630674,0.279453,0.165188,17.656103,2.535786,0.706746,1.196054,2.082097,concentrate
1.538913,1.107864,0.995873,1.025508,0.444103,0.757856,0.905002,0.698132,0.185916,0.156183,0.343406,0.700637,0.526931,0.190232,0.134768,0.407665,0.545575,0.477593,0.15265,0.173813,1.682342,1.259355,0.586466,0.444212,0.355701,1.793084,1.28441,0.474115,0.46476,0.376353,1.311582,0.950689,0.650826,0.31202,0.166677,18.036488,1.960983,0.72581,1.341914,1.890026,concentrate
1.336402,1.034444,1.140381,1.070048,0.410568,0.875757,0.978469,0.739321,0.19014,0.165592,0.32368,0.785059,0.612982,0.193593,0.147971,0.424566,0.636266,0.558057,0.154897,0.206601,1.791143,1.117174,0.654968,0.516397,0.361581,1.808036,1.178806,0.548867,0.605493,0.378153,1.596995,0.768509,0.731309,0.345117,0.169684,17.407417,1.565601,0.830624,1.533468,1.608383,concentrate
1.172093,0.98816,1.245648,1.169356,0.381743,0.924082,1.027418,0.740817,0.210024,0.174881,0.29834,0.834345,0.671568,0.208758,0.160214,0.423726,0.710146,0.598567,0.170322,0.231208,1.798312,0.991098,0.805577,0.606467,0.372315,1.879471,1.092405,0.675599,0.750683,0.363184,1.853019,0.64265,0.833444,0.376643,0.176834,15.887792,1.402873,1.021496,1.788395,1.309742,concentrate
1.105018,0.987481,1.297365,1.266182,0.357782,0.876376,1.029099,0.682592,0.2381,0.181251,0.274282,0.827163,0.676802,0.229554,0.171091,0.405166,0.743473,0.57883,0.194851,0.241703,1.707264,0.931762,0.992624,0.697811,0.384385,1.98414,1.031352,0.813721,0.873147,0.344175,2.033805,0.611992,0.921783,0.402,0.190491,13.804977,1.465067,1.282799,2.072846,1.070077,concentrate
1.156099,1.081808,1.302982,1.300575,0.336287,0.756815,0.996384,0.573889,0.264271,0.18358,0.264691,0.795527,0.630591,0.249207,0.179681,0.389722,0.76156,0.508432,0.222002,0.236772,1.549228,0.965029,1.188975,0.766243,0.394044,2.083345,0.997751,0.934794,0.953752,0.334615,2.116458,0.695786,0.9872,0.413773,0.210509,11.577362,1.693558,1.590435,2.306352,0.929515,concentrate
1.394413,1.334288,1.285341,1.243894,0.31657,0.655533,0.970823,0.459079,0.280327,0.182425,0.307253,0.807944,0.563199,0.264235,0.184354,0.425915,0.823866,0.426592,0.247718,0.219469,1.413988,1.085771,1.381836,0.789721,0.397898,2.152293,0.990986,1.026444,0.985216,0.341728,2.166938,0.888229,1.051759,0.406549,0.23343,9.51867,2.024643,1.90043,2.397329,0.876821,concentrate
1.879452,1.769466,1.266619,1.123752,0.30283,0.676888,0.993369,0.392612,0.283664,0.179681,0.456921,0.919852,0.517235,0.275803,0.183795,0.574708,0.975618,0.380496,0.27038,0.195637,1.404932,1.258174,1.549356,0.753532,0.393293,2.219442,1.00635,1.089092,0.972597,0.363368,2.30835,1.154823,1.142283,0.378444,0.253526,7.90636,2.396456,2.15168,2.289382,0.871754,concentrate
2.630536,2.316154,1.270898,1.014894,0.302361,0.904751,1.075536,0.403628,0.278545,0.17735,0.745569,1.128929,0.520915,0.287536,0.177714,0.864487,1.213281,0.395644,0.288662,0.17113,1.583148,1.421518,1.675287,0.66467,0.379527,2.328115,1.039541,1.134426,0.9302,0.389661,2.653893,1.423485,1.278023,0.337437,0.265293,6.946607,2.730528,2.303183,2.007661,0.872325,concentrate
3.587115,2.832022,1.310491,0.985711,0.320234,1.279057,1.189438,0.483935,0.270774,0.177228,1.127276,1.364464,0.574474,0.301127,0.166941,1.23662,1.472262,0.464595,0.300156,0.149951,1.91787,1.521991,1.743441,0.550175,0.360727,2.494727,1.097886,1.173568,0.875602,0.40921,3.171804,1.614347,1.4476,0.298288,0.265937,6.673885,2.940439,2.330045,1.634711,0.854406,concentrate
4.471413,3.171142,1.376079,1.054666,0.352104,1.653615,1.281316,0.594113,0.265443,0.179306,1.490121,1.528372,0.649971,0.316225,0.152862,1.573886,1.656973,0.551053,0.303728,0.133307,2.312559,1.538516,1.74116,0.448695,0.343582,2.692718,1.20153,1.210527,0.821898,0.414112,3.707094,1.673549,1.60568,0.278657,0.256116,7.009613,2.972817,2.226497,1.271997,0.820002,concentrate
5.035924,3.250847,1.431903,1.182214,0.386821,1.889202,1.302121,0.68417,0.265437,0.182101,1.740469,1.540506,0.709339,0.332485,0.137336,1.771094,1.685159,0.611466,0.301161,0.120962,2.64596,1.494337,1.659067,0.391896,0.331954,2.897796,1.357886,1.245398,0.781999,0.401611,4.056626,1.596541,1.69122,0.289467,0.239091,7.796522,2.82679,2.012471,1.002698,0.795133,concentrate
5.1481,3.094555,1.440303,1.299172,0.416973,1.92333,1.257269,0.720908,0.27188,0.183962,1.845863,1.396852,0.725171,0.349435,0.123298,1.797913,1.556637,0.619372,0.297469,0.113459,2.822628,1.447682,1.502061,0.400301,0.32557,3.057186,1.543275,1.272484,0.777908,0.3744,4.074364,1.446974,1.65802,0.339191,0.219457,8.60396,2.582904,1.738855,0.862651,0.806763,concentrate
4.873405,2.8083,1.380394,1.341886,0.445837,1.824608,1.204449,0.699252,0.284336,0.183157,1.842348,1.180194,0.688311,0.365237,0.11373,1.707273,1.365617,0.573774,0.297354,0.11164,2.807067,1.460304,1.293854,0.479903,0.323187,3.125656,1.705164,1.288241,0.836784,0.339684,3.742633,1.319511,1.497387,0.432461,0.202323,9.214516,2.349689,1.463526,0.841731,0.86492,concentrate
4.348694,2.530983,1.256241,1.283779,0.483468,1.663499,1.218083,0.638266,0.301371,0.17849,1.778103,1.012746,0.612251,0.381387,0.110534,1.564553,1.246613,0.499004,0.304005,0.115272,2.624179,1.554903,1.061609,0.627587,0.323722,3.105384,1.783821,1.283833,0.982166,0.308815,3.15623,1.28483,1.240193,0.566647,0.19207,9.548191,2.231605,1.223442,0.916077,0.958464,concentrate
3.720023,2.361322,1.104271,1.14076,0.538296,1.531029,1.339683,0.571282,0.319804,0.170192,1.719088,0.978737,0.526333,0.400594,0.115016,1.43324,1.292636,0.431057,0.317616,0.123313,2.344844,1.697709,0.84207,0.825119,0.326466,3.053678,1.751376,1.263166,1.205423,0.294721,2.522284,1.353908,0.953686,0.725776,0.190828,9.975191,2.288034,1.052819,1.050027,1.060996,concentrate
3.342104,2.305842,0.990597,0.957553,0.607384,1.445004,1.549049,0.529162,0.33758,0.160796,1.682063,1.076378,0.462635,0.423994,0.128134,1.335529,1.502999,0.398966,0.336922,0.134685,2.030593,1.828022,0.674988,1.032168,0.330194,3.023418,1.626418,1.251631,1.455064,0.307378,1.988432,1.475771,0.715752,0.877587,0.197393,10.73736,2.490063,0.977099,1.196093,1.142515,concentrate
3.243193,2.308162,0.962611,0.786712,0.675639,1.383613,1.784909,0.520786,0.351854,0.154091,1.644082,1.241119,0.435517,0.446889,0.148375,1.26206,1.801448,0.40573,0.357166,0.147782,1.751836,1.898213,0.585557,1.191823,0.332775,3.020244,1.463477,1.277522,1.649426,0.347287,1.652092,1.565934,0.585605,0.979328,0.206899,11.877125,2.751122,1.011585,1.296153,1.1832,concentrate
3.335622,2.281294,1.02659,0.670184,0.723931,1.301466,1.978411,0.535501,0.359479,0.153519,1.560434,1.388175,0.436723,0.460054,0.170882,1.190125,2.084279,0.43366,0.373474,0.160451,1.557918,1.90349,0.585766,1.253077,0.331944,3.004284,1.323882,1.3431,1.711319,0.402305,1.497966,1.554313,0.582047,0.996771,0.212903,13.081752,3.004665,1.133337,1.311046,1.18829,concentrate
3.478526,2.161906,1.158592,0.628631,0.736804,1.170936,2.072244,0.564208,0.357597,0.159834,1.412324,1.457809,0.457008,0.453608,0.189078,1.106386,2.265284,0.469543,0.381093,0.170134,1.448056,1.874684,0.664756,1.19411,0.326151,2.913076,1.243041,1.421509,1.607381,0.45078,1.435673,1.427279,0.678833,0.920236,0.210919,13.748346,3.23966,1.309946,1.23849,1.18599,concentrate
3.57545,1.94937,1.323868,0.658967,0.711455,1.002578,2.038535,0.608931,0.345536,0.170518,1.231636,1.438698,0.4941,0.424666,0.196651,1.009,2.305993,0.511467,0.3776,0.174949,1.408996,1.84157,0.779713,1.029369,0.314912,2.731636,1.219323,1.471145,1.362334,0.470207,1.377933,1.221431,0.817525,0.766087,0.200407,13.603672,3.458753,1.495153,1.097796,1.205572,concentrate
4.153932,1.701286,1.519529,0.741909,0.661954,0.89946,1.877669,0.686954,0.329057,0.181761,1.127014,1.342721,0.562432,0.380899,0.192123,0.958544,2.204309,0.576204,0.364798,0.175681,1.407934,1.815139,0.884419,0.8029,0.300465,2.54513,1.223066,1.463899,1.047713,0.449314,1.286639,1.000037,0.94668,0.575478,0.185081,13.416102,3.685169,1.657346,0.932562,1.257167,concentrate
5.772918,1.473257,1.748616,0.848845,0.611923,0.954034,1.628894,0.812205,0.315025,0.18938,1.186523,1.193537,0.680323,0.333312,0.17848,1.003431,1.996689,0.682975,0.343615,0.175013,1.41354,1.769405,0.93819,0.570451,0.288479,2.438982,1.21588,1.388986,0.757509,0.394016,1.158204,0.809753,1.041176,0.398662,0.171361,14.530909,3.907709,1.769351,0.801002,1.323999,concentrate
8.658706,1.338045,2.022027,0.953477,0.58334,1.18318,1.370234,0.982506,0.30658,0.190257,1.409989,1.032607,0.85517,0.290863,0.161952,1.145243,1.754499,0.838039,0.314548,0.176399,1.371336,1.6811,0.935307,0.380913,0.284337,2.430527,1.195013,1.269427,0.569561,0.324151,0.986076,0.68006,1.111401,0.274125,0.165151,17.832911,4.089909,1.832721,0.746493,1.374637,concentrate
12.323119,1.325888,2.309659,1.035142,0.587987,1.524373,1.178122,1.162856,0.301309,0.183844,1.722252,0.90446,1.061409,0.258551,0.149143,1.343239,1.549302,1.014518,0.279784,0.182054,1.261293,1.556952,0.888344,0.258151,0.28948,2.49278,1.208876,1.147188,0.511625,0.267533,0.810272,0.630851,1.174048,0.21394,0.169251,22.909824,4.2087,1.853351,0.780047,1.387769,concentrate
15.792135,1.394963,2.534527,1.083654,0.623667,1.853237,1.087566,1.303792,0.294983,0.171881,1.992107,0.828584,1.243917,0.236952,0.143756,1.525485,1.417749,1.161498,0.245072,0.191879,1.123553,1.430099,0.826485,0.201614,0.29894,2.560609,1.287715,1.058455,0.55512,0.247401,0.708222,0.669155,1.236687,0.204624,0.182248,28.074078,4.264219,1.843665,0.887286,1.362351,concentrate
17.801367,1.471547,2.613071,1.099416,0.676664,2.042104,1.084947,1.363183,0.288617,0.158086,2.090298,0.799947,1.346714,0.227039,0.145561,1.618493,1.353115,1.229058,0.221374,0.203691,1.028216,1.352678,0.775322,0.196111,0.305846,2.575153,1.417308,1.007144,0.641016,0.271391,0.749742,0.7954,1.288051,0.222579,0.200119,31.173004,4.277625,1.812066,1.033565,1.314976,concentrate
17.536915,1.534779,2.498031,1.089597,0.735301,2.048676,1.138086,1.321584,0.287665,0.147189,1.968455,0.808675,1.336356,0.23197,0.151841,1.60623,1.328807,1.190063,0.219793,0.21422,1.027363,1.361679,0.747308,0.221313,0.304757,2.481795,1.556979,0.971407,0.713767,0.328181,0.955752,1.001196,1.303287,0.251796,0.218281,30.53952,4.293909,1.760081,1.1702,1.270124,concentrate
15.126961,1.627043,2.204725,1.059563,0.798153,1.951928,1.221493,1.194249,0.297168,0.143672,1.708394,0.861111,1.215477,0.254718,0.159715,1.545549,1.324313,1.056215,0.243776,0.220464,1.142887,1.45505,0.746673,0.259765,0.294415,2.288491,1.655482,0.927508,0.739555,0.393019,1.301301,1.268762,1.269184,0.284738,0.233387,26.347591,4.365316,1.693416,1.248514,1.245904,concentrate
11.483432,1.827143,1.80321,1.006885,0.863858,1.919209,1.32441,1.024766,0.316874,0.149978,1.463449,0.97072,1.019504,0.292095,0.167359,1.542579,1.332758,0.869463,0.284157,0.220891,1.352635,1.591619,0.777097,0.300046,0.276986,2.026114,1.672096,0.86858,0.706943,0.441135,1.709452,1.566339,1.199425,0.320824,0.243926,20.166536,4.514552,1.630522,1.239215,1.241413,concentrate
7.859793,2.218305,1.387544,0.925848,0.922416,2.011606,1.468589,0.863065,0.34206,0.165328,1.335698,1.162326,0.8028,0.333607,0.174221,1.620269,1.385349,0.683389,0.32455,0.216055,1.590613,1.72181,0.841772,0.331924,0.256172,1.744807,1.601106,0.809052,0.624719,0.456905,2.078863,1.844184,1.130077,0.360049,0.249591,14.010415,4.753878,1.598113,1.139674,1.235179,concentrate
5.272105,2.858369,1.051146,0.8197,0.959088,2.236261,1.694071,0.743696,0.364145,0.187104,1.36778,1.470922,0.621553,0.366773,0.180329,1.786671,1.545072,0.545062,0.348489,0.208209,1.800087,1.81926,0.93745,0.350796,0.235828,1.522443,1.504661,0.776156,0.519283,0.437065,2.317657,2.063588,1.103939,0.399064,0.250682,9.545727,5.130075,1.61667,0.977675,1.197436,concentrate
3.998743,3.712492,0.84216,0.706443,0.959656,2.431538,2.016988,0.673896,0.373805,0.212976,1.487793,1.906484,0.509049,0.382857,0.186113,1.933123,1.851591,0.479082,0.347618,0.201037,1.928197,1.86939,1.042334,0.360914,0.21855,1.418922,1.486233,0.782389,0.419766,0.38989,2.372907,2.192392,1.131941,0.43229,0.249245,7.352702,5.667652,1.660081,0.806028,1.112247,concentrate
3.741041,4.650226,0.806345,0.618864,0.915663,2.498652,2.395819,0.656387,0.365996,0.240979,1.63114,2.42194,0.480713,0.382074,0.191807,2.004746,2.270203,0.499388,0.325605,0.198367,1.949417,1.883836,1.146056,0.373421,0.205306,1.484506,1.667745,0.827329,0.346846,0.332097,2.259276,2.226393,1.207415,0.454764,0.248327,6.997854,6.33572,1.700156,0.685518,0.988282,concentrate
3.778971,5.460089,0.987159,0.60006,0.832267,2.356599,2.725085,0.697468,0.343648,0.268544,1.730084,2.923928,0.535332,0.371247,0.196678,1.951205,2.692477,0.606819,0.294342,0.202585,1.878697,1.878198,1.247364,0.40072,0.195536,1.706518,2.110221,0.905036,0.306206,0.280558,2.033046,2.169292,1.303981,0.465079,0.249003,7.593126,7.015779,1.734159,0.666824,0.860197,concentrate
3.654481,5.915623,1.393927,0.695943,0.730446,2.066764,2.870932,0.793906,0.319732,0.291937,1.766505,3.291531,0.652652,0.360498,0.199083,1.799517,2.970647,0.782274,0.269447,0.213038,1.789122,1.884961,1.344225,0.454633,0.189209,2.024256,2.768881,1.011044,0.294787,0.245928,1.795593,2.041866,1.388194,0.46809,0.250026,8.598305,7.532112,1.78819,0.771575,0.773944,concentrate
3.397202,5.916462,1.957027,0.919812,0.637417,1.779852,2.752803,0.921185,0.310319,0.306307,1.783062,3.435675,0.794529,0.355467,0.197064,1.635564,3.000099,0.98243,0.2616,0.224873,1.780342,1.938407,1.42128,0.535278,0.188343,2.397664,3.510308,1.138406,0.306958,0.230264,1.65479,1.878234,1.426984,0.468285,0.249962,10.063681,7.796038,1.884087,0.977711,0.761159,concentrate
3.160506,5.509581,2.524349,1.234685,0.573076,1.601727,2.410289,1.034186,0.324951,0.307906,1.808371,3.351931,0.913713,0.355232,0.190079,1.516854,2.791845,1.147607,0.271471,0.231372,1.914855,2.058954,1.466554,0.630463,0.195519,2.750463,4.148693,1.287214,0.341597,0.228692,1.669356,1.726575,1.407314,0.467382,0.249063,11.994764,7.738284,2.043153,1.229974,0.831041,concentrate
2.951592,4.834028,2.922218,1.564476,0.540591,1.55854,1.968118,1.084865,0.361963,0.29713,1.843459,3.098521,0.968951,0.356561,0.180174,1.44897,2.442924,1.221652,0.292586,0.228088,2.172982,2.235205,1.478677,0.725174,0.212361,3.01296,4.509579,1.466934,0.403568,0.233946,1.822293,1.63044,1.336112,0.469273,0.249446,14.107525,7.329803,2.258938,1.46556,0.968788,concentrate
2.691371,4.062131,3.014784,1.81753,0.52809,1.597626,1.548724,1.036148,0.406999,0.278196,1.856182,2.74319,0.935976,0.356411,0.16996,1.385499,2.057248,1.169528,0.313017,0.214373,2.477449,2.414339,1.463989,0.801246,0.238545,3.13702,4.488076,1.676884,0.492322,0.24001,2.059577,1.604764,1.231475,0.473973,0.253143,15.859932,6.600426,2.486171,1.622781,1.136724,concentrate
2.317775,3.403315,2.774667,1.923322,0.517267,1.638665,1.246984,0.886387,0.443458,0.257997,1.814829,2.356716,0.825001,0.356041,0.162375,1.289712,1.723068,1.001861,0.324239,0.194787,2.729749,2.520341,1.439852,0.847134,0.271619,3.138652,4.099385,1.896296,0.600569,0.242731,2.306956,1.62388,1.125134,0.483648,0.260757,16.873333,5.708191,2.654027,1.664548,1.283242,concentrate
1.933452,3.021191,2.298482,1.857888,0.496235,1.661921,1.098153,0.683083,0.461104,0.243105,1.727942,1.993245,0.678677,0.359408,0.159585,1.172687,1.482611,0.775117,0.325992,0.176846,2.917556,2.487532,1.41438,0.855858,0.307731,3.074367,3.46647,2.077784,0.709705,0.239511,2.566714,1.633867,1.04163,0.496594,0.270328,17.079332,4.834755,2.688005,1.581618,1.362438,concentrate
1.698142,2.953118,1.755291,1.648705,0.466175,1.675805,1.073431,0.499077,0.455068,0.236551,1.619576,1.679545,0.547897,0.364504,0.162327,1.072406,1.327842,0.562269,0.318735,0.167028,3.052095,2.302553,1.386151,0.82569,0.340333,2.994182,2.765284,2.165835,0.790289,0.230599,2.873281,1.598886,0.994355,0.509518,0.278681,16.693943,4.130256,2.556259,1.397689,1.348543,concentrate
1.713545,3.113657,1.300944,1.356248,0.435968,1.754311,1.110986,0.396223,0.425714,0.235982,1.550228,1.425951,0.462803,0.36349,0.168985,1.055945,1.222168,0.416799,0.301784,0.167176,3.164122,2.016042,1.352302,0.764801,0.364135,2.919832,2.138582,2.110304,0.817413,0.220553,3.246653,1.512583,0.9805,0.518826,0.283068,16.107689,3.644923,2.279446,1.1649,1.244046,concentrate
1.984991,3.334193,1.02408,1.047099,0.415921,1.889606,1.158013,0.395554,0.37794,0.237055,1.522772,1.241542,0.434521,0.348786,0.176973,1.127095,1.136751,0.353391,0.27501,0.175196,3.227292,1.711279,1.318113,0.687128,0.377837,2.822415,1.665331,1.921059,0.782991,0.220264,3.615,1.401938,0.993206,0.517016,0.283049,15.459486,3.34976,1.960308,0.941838,1.076547,concentrate
2.309061,3.440685,0.911469,0.773589,0.415613,2.051439,1.187196,0.466012,0.321161,0.239281,1.521408,1.127034,0.441942,0.319258,0.18505,1.258012,1.057649,0.344358,0.242195,0.187812,3.167812,1.460456,1.277135,0.604018,0.383048,2.655982,1.361789,1.635131,0.699666,0.243017,3.818956,1.304694,1.007727,0.494546,0.280986,14.943262,3.206716,1.692423,0.768634,0.886856,concentrate
2.518501,3.335218,0.881727,0.574359,0.44106,2.14358,1.194102,0.553551,0.270351,0.247931,1.51238,1.082956,0.454042,0.28725,0.194943,1.369822,0.984234,0.349615,0.213175,0.203167,2.924125,1.284895,1.209598,0.527039,0.383037,2.422259,1.214602,1.306735,0.601466,0.297346,3.73271,1.244086,0.993549,0.450206,0.283103,14.716896,3.147249,1.529463,0.665748,0.714025,concentrate
2.501533,3.037759,0.876142,0.46657,0.490211,2.131013,1.18567,0.611267,0.239138,0.268957,1.480521,1.110994,0.459768,0.269553,0.20919,1.41416,0.918101,0.342051,0.198078,0.221181,2.509215,1.171153,1.105562,0.465829,0.381256,2.147101,1.227839,1.019636,0.523587,0.379622,3.338815,1.223698,0.933572,0.393845,0.296375,14.827844,3.131651,1.513114,0.632586,0.585506,concentrate
2.277537,2.650195,0.869768,0.453694,0.551714,1.962802,1.173874,0.617895,0.23747,0.302359,1.413046,1.208135,0.460708,0.282757,0.228096,1.346447,0.869089,0.318891,0.206057,0.241918,1.983265,1.08699,0.961231,0.433458,0.380179,1.860949,1.379935,0.829601,0.493098,0.473186,2.705073,1.221671,0.823466,0.346437,0.322009,15.31937,3.126704,1.623382,0.653381,0.509671,concentrate
1.986361,2.296797,0.879035,0.525176,0.606564,1.74503,1.165849,0.58914,0.268605,0.339039,1.33864,1.351706,0.47544,0.329686,0.247471,1.216422,0.848196,0.297791,0.239553,0.262706,1.497509,1.028135,0.817607,0.448359,0.383259,1.600516,1.634359,0.791251,0.515676,0.555077,2.046658,1.210722,0.695363,0.332673,0.353207,15.993927,3.153025,1.814899,0.698886,0.477511,concentrate
1.729252,2.044486,0.957996,0.650546,0.632792,1.507851,1.151219,0.577493,0.328385,0.364027,1.270407,1.488103,0.540089,0.402583,0.260162,1.063712,0.850025,0.313855,0.295074,0.277876,1.177647,1.013544,0.751834,0.528613,0.393962,1.405901,1.92925,0.957488,0.58965,0.605461,1.558333,1.172822,0.612417,0.371877,0.378512,16.734203,3.238316,2.063074,0.760243,0.468772,concentrate
1.676483,1.891169,1.166181,0.785882,0.615444,1.30766,1.120751,0.635432,0.404418,0.365163,1.194169,1.559171,0.682686,0.484725,0.260523,0.924837,0.8643,0.396703,0.362474,0.282545,1.058689,1.037319,0.828084,0.678837,0.412985,1.273376,2.173836,1.346759,0.712013,0.614716,1.317384,1.10884,0.640276,0.468766,0.388041,17.539091,3.277307,2.381355,0.847637,0.463433,concentrate
1.98759,1.816395,1.530165,0.893032,0.556107,1.177116,1.084361,0.780444,0.47762,0.341783,1.132253,1.545825,0.898176,0.556814,0.248798,0.836675,0.891671,0.548653,0.426902,0.276575,1.117472,1.078499,1.049897,0.884854,0.437629,1.240677,2.31895,1.909332,0.885355,0.586192,1.294495,1.037344,0.801544,0.612017,0.378122,18.45936,3.212646,2.764416,0.984812,0.456855,concentrate
2.773231,1.850388,1.981532,0.953693,0.474246,1.111289,1.075468,0.982408,0.526228,0.304336,1.094262,1.493923,1.140125,0.601143,0.230972,0.80035,0.953433,0.740356,0.471404,0.264784,1.25265,1.132556,1.356369,1.10528,0.461466,1.322218,2.419939,2.519055,1.103165,0.533741,1.361845,0.993256,1.062654,0.772261,0.353394,19.500301,3.087666,3.159402,1.178141,0.458796,concentrate
4.024066,2.011576,2.374412,0.970357,0.397342,1.122403,1.1177,1.165782,0.533896,0.267965,1.123956,1.46957,1.3271,0.605778,0.214938,0.839679,1.058831,0.911165,0.482778,0.255795,1.367104,1.213264,1.632005,1.277975,0.47757,1.494593,2.579288,2.998365,1.3422,0.476973,1.404813,1.007823,1.334117,0.907277,0.32811,20.30122,3.00669,3.463619,1.397088,0.480753,concentrate
5.874629,2.274921,2.550446,0.963944,0.348428,1.250013,1.198183,1.251095,0.501935,0.245959,1.288709,1.502107,1.385128,0.574135,0.207533,1.010705,1.18651,1.001539,0.46009,0.258654,1.400752,1.338075,1.765965,1.347733,0.482573,1.706742,2.866988,3.194651,1.559222,0.437037,1.367781,1.095697,1.514546,0.981398,0.319592,20.313786,3.053446,3.54309,1.593017,0.527409,concentrate
7.862246,2.568261,2.435742,0.966416,0.335655,1.517807,1.275787,1.192965,0.44822,0.245176,1.629554,1.570882,1.282281,0.527003,0.211879,1.347681,1.290122,0.981869,0.416282,0.27782,1.351696,1.510347,1.698896,1.291831,0.476844,1.920461,3.253024,3.029833,1.704511,0.427155,1.248308,1.260053,1.531147,0.976562,0.338869,19.473955,3.180789,3.331286,1.731023,0.590105,concentrate
9.781504,2.813362,2.076523,0.997642,0.349911,1.912016,1.323397,1.005362,0.394323,0.261595,2.122913,1.648553,1.059258,0.489652,0.224276,1.820925,1.342465,0.871617,0.370803,0.308459,1.259748,1.724233,1.455757,1.1343,0.464485,2.11222,3.649033,2.569165,1.743527,0.447544,1.109368,1.496684,1.381018,0.90163,0.384945,17.884438,3.301688,2.866451,1.817451,0.649832,concentrate
10.888993,2.960303,1.614846,1.057123,0.373023,2.331598,1.347714,0.755872,0.358061,0.284635,2.652261,1.730073,0.805568,0.481186,0.236697,2.330629,1.354015,0.728599,0.342155,0.338392,1.160557,1.955123,1.136726,0.940428,0.453208,2.217593,3.974286,1.976019,1.67669,0.486473,1.006297,1.78269,1.129753,0.790179,0.447782,15.594183,3.34491,2.278876,1.891243,0.691719,concentrate
10.905604,2.980341,1.198681,1.122669,0.390006,2.648171,1.361033,0.522425,0.346842,0.304823,3.0408,1.813071,0.604069,0.504278,0.242069,2.719079,1.346884,0.606168,0.338697,0.355072,1.120505,2.156754,0.850465,0.786416,0.452887,2.187305,4.194624,1.404364,1.535193,0.527554,1.002697,2.068611,0.871221,0.686928,0.514881,12.94981,3.294782,1.702152,1.984858,0.716769,concentrate
9.685023,2.888513,0.912661,1.16509,0.396676,2.717746,1.375513,0.359497,0.355607,0.316537,3.130243,1.903731,0.498313,0.543272,0.237263,2.842898,1.34684,0.530531,0.355143,0.351031,1.219151,2.296131,0.675613,0.720337,0.468868,2.018338,4.327311,0.961563,1.364647,0.553789,1.149603,2.291256,0.693928,0.626586,0.57383,10.377089,3.217552,1.254222,2.095151,0.740192,concentrate
7.547667,2.735799,0.771173,1.161624,0.400678,2.497723,1.385787,0.279886,0.371508,0.317798,2.849305,1.991538,0.481906,0.573332,0.223713,2.628164,1.357273,0.494845,0.377499,0.326474,1.48706,2.345063,0.619642,0.743298,0.498729,1.727438,4.387381,0.672103,1.203845,0.553822,1.453045,2.381281,0.630884,0.622869,0.615663,8.378885,3.188567,0.973337,2.18035,0.779439,concentrate
5.124369,2.634501,0.706128,1.100148,0.412965,2.052223,1.381268,0.254768,0.38159,0.308978,2.294316,2.064198,0.507567,0.570454,0.204945,2.142868,1.369716,0.470304,0.38898,0.287784,1.864275,2.291847,0.635164,0.814157,0.531208,1.389278,4.380591,0.496848,1.065535,0.526413,1.852099,2.296608,0.657305,0.663173,0.63232,7.368507,3.222644,0.829897,2.180094,0.838369,concentrate
3.091454,2.677542,0.641739,0.984411,0.437752,1.562768,1.348861,0.251677,0.378242,0.290499,1.674167,2.093434,0.528387,0.524178,0.18424,1.564152,1.36095,0.435906,0.378432,0.243425,2.243068,2.140638,0.672285,0.877025,0.551478,1.136031,4.271576,0.395263,0.941435,0.480715,2.250834,2.039019,0.719867,0.716495,0.617637,7.095805,3.255366,0.770095,2.051371,0.900466,concentrate
1.902148,2.879933,0.545923,0.83715,0.469,1.20262,1.282842,0.255573,0.362006,0.264145,1.215468,2.051053,0.525812,0.445342,0.164382,1.08413,1.309433,0.393644,0.346676,0.201103,2.533623,1.91075,0.695984,0.89161,0.548095,1.130556,4.012987,0.354172,0.819716,0.430554,2.593366,1.662666,0.763796,0.747539,0.571296,7.009402,3.192688,0.748597,1.797865,0.936644,concentrate
1.701028,3.17043,0.43073,0.69068,0.493162,1.085397,1.194369,0.265018,0.33944,0.234437,1.074666,1.932657,0.5028,0.359416,0.147802,0.84187,1.211801,0.35687,0.303826,0.166155,2.67003,1.641087,0.698998,0.849771,0.517439,1.480342,3.591567,0.37533,0.703315,0.386781,2.850039,1.264652,0.76352,0.735083,0.500444,6.602874,2.978568,0.747797,1.4716,0.921922,concentrate
2.175037,3.419761,0.313898,0.570381,0.498412,1.223258,1.102746,0.276417,0.316973,0.207035,1.280754,1.759102,0.464265,0.289549,0.135756,0.872162,1.084661,0.332194,0.261204,0.140614,2.651016,1.390282,0.693023,0.769491,0.464849,2.153614,3.061333,0.431057,0.604491,0.352777,2.991066,0.95243,0.728202,0.678317,0.418568,5.512333,2.648219,0.774696,1.144888,0.852626,concentrate
3.087037,3.514501,0.211008,0.483888,0.482594,1.486692,1.027855,0.279429,0.298429,0.186102,1.715831,1.574036,0.412962,0.248064,0.127741,1.081908,0.963061,0.314722,0.228004,0.123413,2.555064,1.220026,0.687086,0.676591,0.403595,2.985878,2.5315,0.483939,0.533268,0.326359,3.014171,0.798009,0.676036,0.590284,0.341603,4.321614,2.310252,0.837327,0.879331,0.749277,concentrate
3.970796,3.411576,0.130212,0.434204,0.453396,1.716357,0.983432,0.264426,0.285657,0.173219,2.190277,1.417466,0.352435,0.23699,0.121986,1.332816,0.876621,0.291738,0.210671,0.11284,2.430455,1.187852,0.68066,0.592563,0.349331,3.686934,2.11799,0.51273,0.495347,0.303761,2.890703,0.830927,0.619226,0.493012,0.283453,3.35908,2.164031,0.924645,0.701778,0.646591,concentrate
4.604892,3.142277,0.094174,0.431066,0.422329,1.798908,0.981239,0.23223,0.281651,0.169055,2.538866,1.311674,0.292036,0.253902,0.117814,1.513169,0.837399,0.254795,0.215385,0.10917,2.353209,1.336334,0.673831,0.528007,0.31517,4.024601,1.884437,0.52578,0.491616,0.285111,2.681599,1.051132,0.567303,0.411326,0.25344,3.035368,2.391441,1.034078,0.608035,0.577623,concentrate
4.84568,2.800195,0.117954,0.482912,0.400013,1.701414,1.02978,0.197623,0.292445,0.174512,2.654168,1.256474,0.244216,0.295181,0.116611,1.563562,0.838947,0.212083,0.248725,0.113413,2.341761,1.681515,0.66757,0.483636,0.306411,3.897075,1.805469,0.553904,0.51531,0.273496,2.413896,1.442421,0.521558,0.361965,0.251148,3.372221,3.029927,1.166179,0.577329,0.556013,concentrate
4.799673,2.493312,0.205402,0.580105,0.390598,1.507475,1.138116,0.190429,0.32341,0.190056,2.539254,1.239253,0.223209,0.353098,0.120694,1.499977,0.872466,0.189072,0.311858,0.125879,2.355933,2.211103,0.673803,0.454249,0.319665,3.378289,1.804274,0.627384,0.552736,0.270758,2.167255,1.981693,0.484856,0.349383,0.268002,4.213092,3.953481,1.324671,0.587516,0.575332,concentrate
4.471394,2.331582,0.353378,0.69439,0.387525,1.328522,1.296106,0.247624,0.375106,0.212432,2.257591,1.243122,0.250825,0.415396,0.129906,1.385041,0.926393,0.225755,0.396642,0.143907,2.32421,2.844064,0.722953,0.438873,0.346722,2.682106,1.835086,0.759645,0.595706,0.275091,1.983355,2.591716,0.475009,0.366221,0.291666,5.27871,4.877944,1.493381,0.623373,0.618014,concentrate
4.094689,2.382415,0.580528,0.794648,0.379885,1.254514,1.465862,0.40001,0.442489,0.235367,1.927736,1.252939,0.352111,0.471457,0.141821,1.281357,0.984527,0.360111,0.488125,0.162563,2.217091,3.444995,0.838221,0.438903,0.379208,2.07064,1.900395,0.934783,0.642654,0.283508,1.881723,3.147685,0.514221,0.396664,0.311856,6.34975,5.493683,1.635624,0.671898,0.668534,concentrate
3.642617,2.638207,0.898235,0.858138,0.360792,1.289636,1.602448,0.645082,0.513778,0.251325,1.641971,1.257175,0.534838,0.516003,0.153091,1.241916,1.033954,0.597847,0.568747,0.17654,2.121497,3.890775,1.007745,0.449181,0.411378,1.716278,2.03711,1.126483,0.690936,0.294276,1.897653,3.524916,0.609495,0.421405,0.321702,7.285532,5.628117,1.722106,0.721737,0.715485,concentrate
3.224407,3.022026,1.310226,0.87499,0.332818,1.371001,1.67045,0.933975,0.571528,0.253226,1.415587,1.252048,0.773471,0.545318,0.159522,1.246621,1.068249,0.896638,0.622957,0.180817,2.110694,4.077235,1.199841,0.459691,0.436461,1.619111,2.284597,1.302681,0.731909,0.304849,2.012908,3.617868,0.750891,0.425633,0.315587,7.932514,5.262225,1.756012,0.766753,0.74812,concentrate
2.833367,3.429225,1.784104,0.850114,0.304978,1.399264,1.667787,1.200036,0.600621,0.238763,1.242119,1.24467,1.016318,0.55631,0.157707,1.264947,1.096089,1.18765,0.642932,0.172941,2.199096,3.959558,1.351199,0.461129,0.447965,1.660454,2.637265,1.425032,0.757165,0.313456,2.159353,3.385003,0.902861,0.402835,0.291857,8.104542,4.519949,1.743714,0.805452,0.759765,concentrate
2.563441,3.783249,2.246395,0.801264,0.285542,1.34536,1.661474,1.385697,0.597032,0.21218,1.098585,1.266627,1.207685,0.549674,0.147226,1.270269,1.159656,1.403622,0.632587,0.154928,2.340231,3.582498,1.415889,0.455217,0.441314,1.682679,3.040681,1.476185,0.766467,0.318579,2.259301,2.890586,1.0321,0.359993,0.253648,7.742649,3.677666,1.688148,0.837464,0.750462,concentrate
2.429144,4.056384,2.612382,0.75115,0.276595,1.252992,1.749813,1.472664,0.570566,0.182428,0.974679,1.362461,1.320293,0.529669,0.131466,1.267099,1.312285,1.509133,0.604967,0.133147,2.448371,3.047374,1.400496,0.454635,0.416329,1.548545,3.403951,1.480982,0.767197,0.318355,2.277264,2.272877,1.128109,0.314292,0.209226,7.045972,3.1296,1.618465,0.870605,0.726358,concentrate
2.524884,4.245983,2.797337,0.709948,0.275622,1.203165,1.980798,1.463767,0.532264,0.159664,0.886073,1.552369,1.355392,0.496214,0.115958,1.27701,1.570888,1.497773,0.569371,0.116238,2.454752,2.476226,1.338452,0.469034,0.376326,1.271561,3.645142,1.477544,0.764566,0.310834,2.207848,1.692166,1.193306,0.282621,0.169529,6.421198,3.138799,1.567529,0.912409,0.69881,concentrate
2.75422,4.369835,2.773133,0.672348,0.278621,1.269212,2.326367,1.398827,0.4901,0.149225,0.858821,1.812048,1.344695,0.450799,0.105005,1.321718,1.897485,1.405844,0.530303,0.109656,2.364967,1.999715,1.285874,0.493262,0.326919,1.015039,3.728595,1.49887,0.75579,0.295122,2.129905,1.295837,1.24733,0.27148,0.142758,6.393668,3.743796,1.565679,0.960735,0.679475,concentrate
3.073462,4.446454,2.578203,0.627475,0.283103,1.399144,2.685655,1.333383,0.449502,0.149718,0.879548,2.071683,1.327667,0.4009,0.099571,1.352828,2.207099,1.292487,0.491667,0.113528,2.198775,1.685989,1.299623,0.511539,0.275594,0.955323,3.664294,1.559904,0.731346,0.27198,2.073599,1.149371,1.310112,0.276928,0.132055,7.237975,4.736162,1.630596,1.010294,0.6756,concentrate
3.353956,4.459056,2.285075,0.573545,0.289396,1.537126,2.930175,1.302581,0.413351,0.156125,0.939832,2.23663,1.326688,0.359404,0.098051,1.349093,2.395502,1.202897,0.457484,0.123947,2.013434,1.510252,1.398306,0.511396,0.231754,1.193004,3.469066,1.642967,0.683246,0.243489,2.074568,1.208183,1.37902,0.291256,0.13653,8.761872,5.724233,1.745023,1.052979,0.693232,concentrate
3.607247,4.353304,1.965777,0.520613,0.299148,1.636505,2.960849,1.30014,0.383267,0.164771,1.023568,2.230625,1.323369,0.335422,0.0985,1.296169,2.384466,1.14326,0.431128,0.136318,1.878854,1.405505,1.538767,0.490344,0.204324,1.688943,3.16223,1.701814,0.609814,0.213921,2.120128,1.359433,1.423047,0.309108,0.15417,10.361473,6.336206,1.837732,1.075254,0.740909,concentrate
3.843488,4.054911,1.67487,0.480312,0.315018,1.671287,2.753022,1.288442,0.35999,0.175305,1.11356,2.028072,1.276892,0.329421,0.10026,1.213778,2.158183,1.08829,0.413626,0.147521,1.819274,1.305615,1.645569,0.458308,0.196935,2.270355,2.768942,1.687747,0.519431,0.189953,2.168806,1.477065,1.400477,0.329139,0.182522,11.319386,6.321393,1.850022,1.064913,0.821591,concentrate
4.040412,3.549369,1.436197,0.458197,0.338555,1.680871,2.366594,1.23545,0.343421,0.18854,1.211629,1.672211,1.163697,0.333106,0.104136,1.14649,1.777564,1.01615,0.401003,0.156015,1.824474,1.180739,1.650134,0.438788,0.206913,2.735523,2.318251,1.572446,0.432219,0.178215,2.169249,1.475253,1.284173,0.354495,0.218146,11.217523,5.662016,1.773448,1.032205,0.925528,concentrate
4.164875,2.937181,1.246642,0.455663,0.370642,1.714954,1.925905,1.135046,0.334644,0.204976,1.327895,1.270441,1.004568,0.333484,0.111712,1.148376,1.359091,0.92821,0.38697,0.161929,1.852776,1.044752,1.518366,0.451697,0.231342,2.951233,1.868598,1.363968,0.368377,0.182812,2.092339,1.347574,1.076503,0.387213,0.26011,10.128335,4.627385,1.627036,1.00647,1.034581,concentrate
4.222268,2.364087,1.10744,0.48372,0.410211,1.78903,1.545804,1.013562,0.340806,0.222656,1.454096,0.936349,0.860067,0.328079,0.123639,1.222398,1.015119,0.849845,0.373979,0.165476,1.855409,0.928967,1.278891,0.499336,0.270365,2.884851,1.488054,1.113276,0.339517,0.202941,1.925578,1.13665,0.823382,0.423966,0.310623,8.543817,3.573485,1.448613,1.026705,1.128384,concentrate
4.121111,1.932786,1.039312,0.552954,0.452587,1.872782,1.296143,0.909408,0.365627,0.236959,1.561968,0.743759,0.792968,0.323104,0.138533,1.336351,0.821696,0.810342,0.369351,0.166065,1.800177,0.866295,1.007278,0.561171,0.323969,2.593866,1.207604,0.901131,0.338513,0.233182,1.696847,0.909293,0.595358,0.453553,0.371231,7.145326,2.73544,1.294287,1.113665,1.188574,concentrate
3.918527,1.668807,1.064117,0.660277,0.490658,1.910943,1.194542,0.847801,0.405626,0.24287,1.625714,0.713813,0.83027,0.326949,0.153402,1.431513,0.808984,0.81943,0.378975,0.162907,1.717469,0.876588,0.780844,0.606102,0.38783,2.243433,1.028372,0.795348,0.348732,0.265727,1.479614,0.730561,0.452439,0.464323,0.438821,6.631293,2.23451,1.199829,1.251105,1.202904,concentrate
3.701058,1.538986,1.166568,0.786979,0.517599,1.856992,1.217526,0.825933,0.448712,0.237284,1.637173,0.809285,0.933075,0.343187,0.164248,1.465837,0.954665,0.855791,0.401324,0.155688,1.663641,0.936941,0.634205,0.610668,0.451127,2.018624,0.918051,0.805427,0.355687,0.292774,1.329694,0.622318,0.411697,0.450835,0.503826,7.377772,2.015097,1.154624,1.394724,1.171113,concentrate
3.499105,1.452102,1.280971,0.902658,0.526096,1.691348,1.298442,0.808949,0.478598,0.220185,1.587315,0.952592,1.023215,0.367252,0.167123,1.412849,1.184274,0.873817,0.42555,0.144625,1.65452,0.990229,0.577931,0.568087,0.498369,2.013384,0.827697,0.900086,0.353433,0.308691,1.242103,0.556871,0.458126,0.415839,0.552564,9.131104,1.943487,1.126765,1.48108,1.102419,concentrate
3.311016,1.336785,1.357683,0.982396,0.510124,1.425623,1.369983,0.76933,0.485442,0.194676,1.45954,1.071493,1.040063,0.390134,0.160266,1.26398,1.40488,0.841717,0.43788,0.131219,1.671573,1.000572,0.61851,0.491849,0.516164,2.181674,0.737354,1.042788,0.344193,0.311497,1.183758,0.50028,0.570814,0.371368,0.573184,10.968562,1.954433,1.128728,1.46449,1.011331,concentrate
3.076206,1.195621,1.391745,1.017139,0.470894,1.123987,1.398691,0.707693,0.473536,0.167197,1.280068,1.129702,0.977641,0.404165,0.14633,1.063799,1.546686,0.76847,0.43044,0.118996,1.718594,0.985989,0.752749,0.408384,0.500086,2.464591,0.678547,1.201262,0.335947,0.302928,1.164308,0.451051,0.731705,0.334089,0.560844,12.149436,2.027778,1.193956,1.347231,0.91174,concentrate
2.775533,1.078288,1.413223,1.020091,0.419835,0.855002,1.36659,0.642408,0.456131,0.14543,1.069988,1.121287,0.873559,0.407285,0.131398,0.857971,1.567949,0.687055,0.406101,0.112263,1.771843,1.003147,0.946196,0.343233,0.457684,2.731071,0.705931,1.352487,0.338036,0.287463,1.189747,0.438052,0.910401,0.314719,0.518898,12.065758,2.129508,1.335464,1.174134,0.812672,concentrate
2.363919,1.037233,1.462399,1.016804,0.372274,0.65706,1.271955,0.597072,0.447975,0.13481,0.853743,1.056417,0.774919,0.405929,0.122167,0.680539,1.467121,0.630313,0.379393,0.11394,1.806839,1.092272,1.139561,0.309958,0.405903,2.887669,0.84239,1.479059,0.355345,0.271033,1.267619,0.496123,1.062833,0.315355,0.457503,10.740385,2.220758,1.529421,1.016614,0.72538,concentrate
1.876048,1.15206,1.571631,1.034551,0.343225,0.536671,1.173386,0.601501,0.458259,0.137486,0.652587,0.982784,0.728291,0.409523,0.123698,0.538108,1.316295,0.633383,0.368971,0.124926,1.781606,1.25085,1.284243,0.315844,0.365151,2.843724,1.07194,1.577495,0.393081,0.260051,1.362398,0.644794,1.150381,0.334442,0.3908,8.654388,2.346208,1.731531,0.951096,0.672643,concentrate
1.461148,1.45981,1.743958,1.083475,0.343713,0.507753,1.158247,0.671992,0.481102,0.152456,0.505588,0.959534,0.755413,0.419587,0.137136,0.455866,1.223261,0.713824,0.381128,0.143754,1.674273,1.431051,1.341233,0.358999,0.348084,2.591668,1.339004,1.648731,0.454815,0.258181,1.416927,0.86769,1.149545,0.366054,0.331272,6.636961,2.593993,1.888184,1.026804,0.674965,concentrate
1.189525,1.923471,1.935007,1.148768,0.375452,0.587275,1.288805,0.791648,0.497852,0.174712,0.451339,1.029063,0.832456,0.430038,0.158629,0.468617,1.272405,0.849282,0.407142,0.166113,1.500779,1.563449,1.295137,0.432408,0.351853,2.160552,1.574982,1.696601,0.540074,0.263555,1.390813,1.112456,1.057137,0.404686,0.284762,5.404757,3.04677,1.947569,1.246046,0.732553,concentrate
1.101615,2.436479,2.074243,1.202349,0.429978,0.787473,1.547599,0.92011,0.493421,0.197805,0.514037,1.184246,0.908369,0.434799,0.180984,0.601402,1.465929,0.989785,0.43254,0.18592,1.333006,1.590303,1.168902,0.533518,0.361756,1.674677,1.717386,1.72138,0.646017,0.269981,1.314453,1.309916,0.898149,0.451003,0.250401,5.062849,3.665753,1.896702,1.562425,0.819126,concentrate
1.167253,2.858674,2.092649,1.227862,0.492861,1.081403,1.840553,1.007822,0.471737,0.217816,0.684463,1.376053,0.934653,0.434358,0.197905,0.844595,1.722509,1.08105,0.449241,0.198943,1.243475,1.515452,1.033683,0.665766,0.363078,1.262196,1.744591,1.730773,0.766388,0.271594,1.265671,1.402475,0.724921,0.509456,0.224961,5.312871,4.300272,1.767047,1.887735,0.894753,concentrate
1.306389,3.069827,1.958731,1.23752,0.550064,1.403419,2.038895,1.018283,0.45432,0.233959,0.918642,1.535137,0.890774,0.438434,0.207018,1.143013,1.919542,1.08596,0.461678,0.20527,1.283187,1.401892,0.986559,0.824267,0.349594,1.012846,1.679149,1.729581,0.887618,0.2663,1.327395,1.361328,0.60253,0.581528,0.206054,5.674873,4.710928,1.60263,2.124399,0.92574,concentrate
1.514166,3.019397,1.683029,1.253572,0.589445,1.67747,2.050435,0.936561,0.461608,0.245509,1.162284,1.60203,0.783849,0.456092,0.208956,1.42561,1.95444,0.989732,0.47888,0.207086,1.491069,1.359301,1.104285,0.991172,0.324456,0.958244,1.596592,1.726613,0.989617,0.25632,1.539305,1.223726,0.587709,0.660545,0.19201,5.782583,4.728492,1.454252,2.200851,0.900693,concentrate
1.84784,2.791459,1.348339,1.284819,0.604049,1.826703,1.886149,0.799628,0.500141,0.25155,1.357954,1.571337,0.661882,0.486218,0.205338,1.612709,1.814613,0.828841,0.50699,0.20703,1.876903,1.482254,1.395328,1.136435,0.295916,1.074734,1.583291,1.745556,1.051524,0.246936,1.898598,1.078762,0.70081,0.732579,0.181238,5.493984,4.405618,1.355268,2.099407,0.835452,concentrate
2.107719,2.552983,1.0824,1.317142,0.597098,1.795599,1.631281,0.671667,0.558357,0.251723,1.462392,1.481346,0.584468,0.516553,0.197675,1.650737,1.561249,0.666437,0.54401,0.206464,2.400817,1.782224,1.780586,1.224785,0.272353,1.301264,1.70034,1.817686,1.061017,0.244271,2.33414,1.020435,0.91095,0.782054,0.173114,4.860945,3.935005,1.303217,1.864799,0.762257,concentrate
2.549203,2.461936,0.974811,1.318965,0.579354,1.596752,1.385127,0.606113,0.611075,0.246244,1.469299,1.389631,0.585731,0.529179,0.1866,1.535481,1.286122,0.555612,0.577415,0.204765,2.947747,2.179464,2.139114,1.234064,0.257712,1.554663,1.949498,1.952425,1.023819,0.2505,2.703665,1.095311,1.160539,0.804302,0.168521,3.964818,3.552418,1.283098,1.584234,0.713438,concentrate
2.826824,2.568952,1.035774,1.260007,0.564602,1.292771,1.222578,0.618584,0.632456,0.235909,1.388497,1.346175,0.656041,0.509692,0.171782,1.313037,1.074167,0.51651,0.589427,0.199869,3.365951,2.535032,2.365471,1.167657,0.249593,1.768222,2.262268,2.10613,0.960688,0.261,2.908328,1.285344,1.393472,0.810562,0.169384,3.156976,3.403413,1.276135,1.350371,0.715581,concentrate
3.295568,2.821937,1.189007,1.131926,0.566013,0.996957,1.162895,0.681562,0.609106,0.223518,1.257031,1.379156,0.747316,0.45415,0.153549,1.060515,0.96968,0.528523,0.566348,0.190975,3.568607,2.728875,2.418839,1.05038,0.242369,1.92939,2.548992,2.202655,0.893317,0.26811,2.939329,1.520433,1.576483,0.815969,0.177696,2.903736,3.466531,1.27584,1.213135,0.781795,concentrate
3.675085,3.069862,1.336274,0.95586,0.590143,0.777756,1.168055,0.751445,0.545448,0.212734,1.098539,1.474727,0.806563,0.372763,0.13401,0.837045,0.960363,0.553946,0.5075,0.17985,3.60158,2.700948,2.339712,0.920771,0.230859,2.104399,2.737113,2.1793,0.836008,0.266057,2.913264,1.707022,1.711699,0.833686,0.192482,3.719305,3.646394,1.313672,1.174675,0.900743,concentrate
4.02257,3.155662,1.395619,0.774857,0.633299,0.654822,1.173068,0.78833,0.458875,0.205856,0.927008,1.580592,0.794456,0.28403,0.116447,0.662581,0.989481,0.55324,0.425729,0.169742,3.565386,2.456952,2.212674,0.808713,0.213328,2.377163,2.774021,2.002038,0.787914,0.254568,2.948901,1.755895,1.808751,0.863242,0.208876,5.618158,3.804032,1.41696,1.190502,1.039923,concentrate
4.151108,2.985908,1.329768,0.626717,0.682719,0.602677,1.130862,0.775136,0.369152,0.201929,0.752156,1.64047,0.712251,0.205814,0.103426,0.531856,0.999132,0.511324,0.339155,0.163192,3.5453,2.078205,2.116204,0.727183,0.192057,2.775733,2.677381,1.696265,0.742852,0.238074,3.091878,1.644431,1.870674,0.888878,0.219871,8.199203,3.869251,1.579596,1.198085,1.158334,concentrate
4.021965,2.600093,1.184289,0.531119,0.725119,0.577911,1.042655,0.731391,0.293389,0.197945,0.58961,1.626331,0.605974,0.150074,0.0961,0.434274,0.969713,0.454464,0.265081,0.160731,3.560233,1.690282,2.081384,0.67071,0.172047,3.251519,2.517184,1.351733,0.701944,0.222673,3.287315,1.418341,1.88537,0.886942,0.219822,10.776703,3.86187,1.786006,1.148663,1.217103,concentrate
3.694299,2.126976,1.034405,0.486937,0.751206,0.587833,0.950148,0.692808,0.242214,0.19125,0.474823,1.547863,0.527566,0.121652,0.094143,0.390074,0.924895,0.425979,0.215743,0.161155,3.582526,1.393335,2.071456,0.627168,0.157578,3.701403,2.362664,1.058524,0.677624,0.213087,3.444232,1.152208,1.828161,0.843284,0.208895,12.608925,3.781857,1.986288,1.042485,1.199926,concentrate
3.253012,1.696755,0.947599,0.482286,0.757129,0.641593,0.883576,0.678409,0.217131,0.181488,0.451746,1.427774,0.49618,0.118129,0.097104,0.422336,0.889256,0.442473,0.19374,0.162939,3.550291,1.225329,2.008938,0.58805,0.151628,4.015629,2.259854,0.867177,0.682347,0.212398,3.483124,0.911175,1.680251,0.762083,0.194161,13.142025,3.620503,2.109653,0.935422,1.125421,concentrate
2.962504,1.390086,0.962436,0.502466,0.742602,0.760431,0.851008,0.692128,0.213593,0.171866,0.545547,1.286779,0.506501,0.132353,0.105188,0.541898,0.87309,0.498044,0.194636,0.165878,3.420436,1.150664,1.829376,0.550824,0.155818,4.101314,2.195985,0.771625,0.71188,0.220603,3.359757,0.722687,1.445549,0.659016,0.185727,12.252037,3.342905,2.106291,0.893003,1.031427,concentrate
2.885483,1.220327,1.058318,0.537191,0.71018,0.901172,0.8553,0.720406,0.224978,0.167613,0.730951,1.15349,0.532061,0.156161,0.118247,0.70938,0.879688,0.565333,0.209928,0.171005,3.192025,1.117503,1.523195,0.518042,0.169156,3.9304,2.13418,0.720735,0.748304,0.235025,3.09825,0.592991,1.160605,0.557358,0.191561,10.319267,2.944923,1.961417,0.945723,0.9587,concentrate
3.007854,1.162124,1.182014,0.575925,0.669982,1.028076,0.910679,0.741918,0.242579,0.174487,0.954412,1.064441,0.543816,0.182326,0.134787,0.8835,0.912346,0.610731,0.230161,0.179587,2.903914,1.062895,1.154196,0.494942,0.188124,3.519009,2.023633,0.661068,0.770837,0.252058,2.752624,0.510299,0.886916,0.480047,0.213881,7.96137,2.465289,1.711747,1.075444,0.935432,concentrate
3.344485,1.195811,1.27483,0.606346,0.638398,1.087362,1.043741,0.743276,0.259933,0.196658,1.131589,1.053006,0.531685,0.205037,0.151908,0.996048,0.983072,0.614066,0.248348,0.191453,2.599571,0.964739,0.814011,0.486403,0.207948,2.93877,1.832091,0.587277,0.765997,0.267909,2.379958,0.476413,0.675485,0.43851,0.247908,5.875839,1.997881,1.425149,1.21811,0.964682,concentrate
3.549144,1.326505,1.302503,0.615681,0.630835,1.063002,1.263775,0.730011,0.270757,0.233676,1.203678,1.127749,0.507013,0.2204,0.165373,1.027023,1.094771,0.583072,0.259979,0.203796,2.282593,0.833725,0.569483,0.493177,0.223621,2.296703,1.578169,0.522361,0.733151,0.277471,2.0119,0.495265,0.544702,0.42978,0.282951,4.588219,1.721178,1.145491,1.305971,1.022784,concentrate
3.672197,1.531118,1.250951,0.594383,0.656921,0.966234,1.543854,0.702946,0.273394,0.282057,1.143783,1.25458,0.478759,0.228231,0.172515,0.966824,1.234205,0.530624,0.264998,0.214723,1.931664,0.709698,0.445393,0.513529,0.234212,1.68072,1.318713,0.491524,0.689567,0.277773,1.636907,0.5629,0.479559,0.444729,0.308436,4.252892,1.76006,0.900452,1.297435,1.07502,concentrate
3.44364,1.735939,1.121892,0.544302,0.713322,0.83773,1.817752,0.659395,0.270573,0.333846,0.985493,1.366029,0.445327,0.23012,0.172808,0.858224,1.364139,0.467535,0.266006,0.223445,1.538781,0.627925,0.420898,0.540465,0.242413,1.144972,1.106881,0.500713,0.657666,0.268729,1.260751,0.653277,0.450637,0.471956,0.317605,4.6707,2.092878,0.699258,1.195272,1.094984,concentrate
3.135932,1.836981,0.938522,0.476022,0.783099,0.745728,2.002062,0.597303,0.267403,0.378028,0.810938,1.393612,0.40502,0.228306,0.167777,0.760156,1.439417,0.404146,0.265566,0.229292,1.150062,0.585344,0.452125,0.56129,0.250895,0.736953,0.960388,0.534492,0.649351,0.253441,0.923826,0.726943,0.43583,0.500947,0.308835,5.475877,2.551985,0.539047,1.040842,1.08311,concentrate
2.797644,1.782435,0.747433,0.409016,0.839994,0.728632,2.046185,0.526644,0.270211,0.404614,0.703009,1.314095,0.369396,0.227401,0.160004,0.718521,1.434598,0.355096,0.266278,0.231707,0.88186,0.566815,0.491796,0.560306,0.260807,0.514041,0.888988,0.571103,0.660642,0.238544,0.72022,0.759359,0.422422,0.518017,0.285318,6.445741,2.949823,0.429658,0.910662,1.060008,concentrate
2.693163,1.585796,0.59707,0.358408,0.858784,0.80335,1.945489,0.46004,0.283806,0.407947,0.717839,1.154169,0.354154,0.23515,0.152263,0.762217,1.348788,0.333439,0.272547,0.230239,0.848046,0.566396,0.51762,0.530991,0.270349,0.545238,0.913168,0.591209,0.674669,0.231029,0.722965,0.749026,0.410773,0.513963,0.252686,7.565126,3.165814,0.390492,0.874139,1.044038,concentrate
2.737524,1.322482,0.525842,0.328833,0.826673,0.965368,1.743914,0.409452,0.308803,0.388189,0.859317,0.968988,0.368153,0.26145,0.146269,0.893291,1.205214,0.343407,0.29045,0.224619,1.08676,0.577699,0.537944,0.481421,0.275599,0.816102,1.050439,0.611523,0.675441,0.234043,0.942453,0.704667,0.412317,0.489976,0.21683,8.749292,3.156713,0.429321,0.952485,1.040795,concentrate
2.916561,1.078029,0.539251,0.316169,0.749292,1.183893,1.504537,0.375753,0.339275,0.350768,1.071264,0.818271,0.406871,0.310483,0.141996,1.083841,1.041554,0.378879,0.323375,0.214773,1.515761,0.609198,0.57523,0.427008,0.274212,1.222009,1.308729,0.655118,0.656485,0.246086,1.304567,0.646588,0.4417,0.453728,0.183778,9.791285,2.956081,0.525778,1.114226,1.043206,concentrate
3.089345,0.938552,0.626667,0.320199,0.647213,1.399117,1.284489,0.354986,0.364799,0.304317,1.269713,0.749902,0.460035,0.375383,0.137681,1.275315,0.901364,0.428491,0.367849,0.200929,1.99595,0.679426,0.649496,0.38763,0.266629,1.630896,1.682595,0.751163,0.626419,0.26169,1.715755,0.604015,0.50471,0.417559,0.159641,10.449876,2.672525,0.649352,1.315022,1.039824,concentrate
3.056355,0.933568,0.763193,0.345012,0.543166,1.555356,1.119413,0.348644,0.373105,0.257783,1.390327,0.770232,0.52382,0.437165,0.131144,1.415524,0.813563,0.485723,0.410452,0.184154,2.368211,0.776732,0.763112,0.37507,0.256685,1.918436,2.115143,0.897364,0.59511,0.27457,2.052017,0.591939,0.597605,0.389905,0.150844,10.546223,2.437442,0.7628,1.51456,1.024839,concentrate
2.792501,1.02867,0.897127,0.393274,0.452731,1.634302,1.017329,0.356212,0.356126,0.217412,1.404514,0.849302,0.586971,0.47383,0.121384,1.474498,0.785846,0.538962,0.434288,0.166139,2.518523,0.871927,0.887796,0.387401,0.249754,1.994052,2.515626,1.050061,0.565956,0.280075,2.211329,0.612985,0.703763,0.371245,0.160982,10.033717,2.327563,0.832642,1.675803,0.997823,concentrate
2.43556,1.172007,0.975176,0.470174,0.383175,1.652074,0.983327,0.36792,0.319695,0.186012,1.339406,0.956549,0.634128,0.473499,0.10914,1.459896,0.826708,0.574478,0.431511,0.149091,2.419695,0.951445,0.978949,0.408953,0.248692,1.865488,2.791124,1.144277,0.538403,0.274896,2.155232,0.663847,0.797874,0.357332,0.18792,9.122333,2.338456,0.842579,1.765494,0.961585,concentrate
2.137338,1.303968,0.962944,0.585996,0.337337,1.660279,1.022771,0.371401,0.287498,0.164198,1.254544,1.06382,0.649864,0.447699,0.097111,1.411535,0.935382,0.581451,0.414379,0.135562,2.142003,1.013339,1.029378,0.426139,0.252562,1.617535,2.867608,1.150604,0.520049,0.258961,1.922439,0.736037,0.885484,0.349351,0.223823,8.073393,2.39101,0.836707,1.780377,0.922854,concentrate
2.08634,1.379402,0.863721,0.744327,0.317545,1.724514,1.134511,0.36196,0.288982,0.151561,1.21842,1.148375,0.627006,0.425044,0.088954,1.397587,1.095654,0.556339,0.408112,0.127414,1.858732,1.064541,1.099473,0.435845,0.257055,1.43437,2.717357,1.1027,0.525519,0.235573,1.638039,0.81991,1.024627,0.353268,0.257372,7.136559,2.401408,0.911001,1.754652,0.887338,concentrate
2.205138,1.408849,0.718306,0.930174,0.324955,1.85588,1.309765,0.346158,0.341552,0.146801,1.250971,1.205865,0.580663,0.431317,0.087054,1.44769,1.278384,0.512726,0.434286,0.124884,1.751704,1.143681,1.309176,0.444768,0.256889,1.468126,2.406866,1.090946,0.562465,0.209688,1.468186,0.933739,1.307073,0.373023,0.277559,6.516781,2.397351,1.165861,1.743978,0.858509,concentrate
2.560557,1.459377,0.588877,1.110697,0.358094,2.012797,1.550297,0.339928,0.438986,0.148189,1.322035,1.260447,0.535997,0.472778,0.091669,1.541888,1.467934,0.474778,0.495095,0.127027,1.884067,1.317037,1.750395,0.459813,0.249088,1.755454,2.068645,1.194754,0.62668,0.188142,1.491857,1.121133,1.787211,0.406235,0.279175,6.27954,2.430225,1.617849,1.786981,0.843775,concentrate
2.904387,1.608075,0.512364,1.243195,0.411172,2.138591,1.851705,0.351398,0.549826,0.153015,1.380525,1.342799,0.507113,0.532478,0.101225,1.640639,1.65527,0.458644,0.569074,0.131773,2.213897,1.635469,2.388594,0.481521,0.235693,2.223724,1.822627,1.409873,0.701186,0.179582,1.6933,1.441704,2.405521,0.441661,0.266068,6.304854,2.582695,2.166598,1.875638,0.858581,concentrate
3.137107,1.887568,0.500297,1.292251,0.472999,2.19713,2.187483,0.378879,0.63098,0.157649,1.390784,1.466061,0.495572,0.578701,0.112767,1.709453,1.830975,0.464908,0.6214,0.136019,2.637647,2.089951,3.059119,0.505486,0.221375,2.741436,1.720396,1.668078,0.759686,0.190222,2.026312,1.927718,3.008396,0.465254,0.249379,6.41397,2.856214,2.650149,1.957899,0.917213,concentrate
3.203454,2.238977,0.546212,1.244576,0.531787,2.181147,2.487431,0.420837,0.649998,0.159445,1.355754,1.605727,0.500369,0.586365,0.123406,1.742223,1.963452,0.48984,0.624448,0.136935,3.040915,2.595212,3.563406,0.525132,0.210648,3.175248,1.730506,1.901932,0.780995,0.22013,2.426432,2.526012,3.443977,0.468205,0.242683,6.352145,3.159897,2.938874,1.966432,1.023202,concentrate
3.16825,2.51977,0.627034,1.118458,0.577053,2.134623,2.649934,0.472894,0.603226,0.158848,1.31423,1.69656,0.51712,0.555328,0.132144,1.772223,2.005223,0.52494,0.57735,0.134688,3.349361,2.994565,3.741882,0.535577,0.206077,3.434237,1.751974,2.069287,0.76168,0.262592,2.826428,3.071885,3.61843,0.449777,0.25457,5.988123,3.329285,2.988146,1.86021,1.15444,concentrate
3.131552,2.587122,0.717065,0.956074,0.600988,2.122712,2.593584,0.530749,0.518127,0.159605,1.327157,1.669996,0.542295,0.508166,0.13983,1.856648,1.915431,0.561861,0.506268,0.133002,3.509804,3.156955,3.573848,0.538682,0.207068,3.487453,1.695696,2.184472,0.714991,0.306975,3.141845,3.382385,3.545026,0.419864,0.283967,5.355808,3.281764,2.851298,1.644657,1.265747,concentrate
3.198253,2.366619,0.798964,0.807853,0.601093,2.195416,2.301762,0.589884,0.435392,0.166075,1.449488,1.495661,0.574654,0.472853,0.147563,2.03785,1.686472,0.595914,0.447066,0.136213,3.55173,3.060858,3.193619,0.543699,0.210647,3.366043,1.526097,2.290522,0.665908,0.342019,3.333237,3.368121,3.334352,0.396019,0.320225,4.681621,3.028619,2.648762,1.37892,1.310449,concentrate
3.439677,1.912822,0.864165,0.713272,0.580884,2.342543,1.838893,0.651931,0.385154,0.179473,1.689069,1.201773,0.608707,0.461805,0.154788,2.294502,1.355561,0.627561,0.421956,0.145701,3.486367,2.756053,2.772863,0.555801,0.213304,3.126775,1.258446,2.399167,0.632923,0.358916,3.351673,3.043724,3.096805,0.388481,0.34797,4.336251,2.670628,2.463379,1.143958,1.257925,concentrate
3.79226,1.356015,0.910447,0.688849,0.548306,2.506123,1.323452,0.710508,0.372304,0.196423,1.998332,0.86054,0.631091,0.468581,0.159338,2.554565,0.991499,0.652515,0.429805,0.158887,3.310021,2.350834,2.4037,0.568412,0.212828,2.823442,0.95181,2.460485,0.62183,0.354906,3.160942,2.528787,2.850587,0.392711,0.354874,4.511297,2.360095,2.305568,1.005833,1.110744,concentrate
4.182092,0.867138,0.9356,0.722046,0.512608,2.618602,0.900348,0.758986,0.378969,0.211636,2.297543,0.576964,0.624829,0.472238,0.159222,2.735802,0.695151,0.663578,0.447674,0.17152,3.018317,2.006262,2.098295,0.568078,0.209623,2.499971,0.689605,2.398514,0.624011,0.335287,2.773206,2.026071,2.559939,0.394933,0.337417,5.17013,2.201272,2.1295,0.979815,0.905647,concentrate
4.449593,0.608509,0.934997,0.7876,0.482867,2.611978,0.72388,0.791678,0.383121,0.221826,2.499822,0.459161,0.58036,0.455394,0.154731,2.7663,0.590325,0.655095,0.45224,0.18113,2.604877,1.853875,1.817577,0.545921,0.205764,2.183304,0.531564,2.161005,0.626188,0.311417,2.244399,1.732937,2.181738,0.384394,0.301548,6.031785,2.206563,1.884131,1.036394,0.69606,concentrate
4.35092,0.646761,0.919178,0.862974,0.466269,2.483919,0.866319,0.83442,0.377443,0.227031,2.566581,0.552123,0.521834,0.419207,0.147573,2.645439,0.747184,0.650532,0.436796,0.187492,2.119749,1.990654,1.523099,0.503536,0.202673,1.929684,0.494714,1.756946,0.624312,0.294034,1.674169,1.784254,1.706,0.361368,0.258618,6.755723,2.33852,1.561048,1.121048,0.526425,concentrate
4.099646,1.019167,0.944559,0.936065,0.468841,2.384335,1.303596,0.988948,0.374894,0.230098,2.544379,0.841075,0.525528,0.385193,0.14096,2.483206,1.159033,0.736219,0.416447,0.192459,1.763324,2.523751,1.244992,0.451632,0.199833,1.95707,0.643094,1.277767,0.622265,0.286985,1.210595,2.2522,1.218962,0.335104,0.219454,7.289783,2.684522,1.220339,1.181573,0.418787,concentrate
3.707002,1.884136,1.078838,1.000142,0.493206,2.781565,2.029689,1.347542,0.391428,0.233821,2.634951,1.384401,0.675399,0.380583,0.137788,2.626045,1.856236,0.995309,0.41517,0.197155,1.928726,3.586387,1.056424,0.409307,0.195166,2.572338,1.146123,0.839771,0.619197,0.285166,1.120599,3.144754,0.846899,0.321659,0.190493,7.958568,3.533891,0.931241,1.205233,0.373288,concentrate
3.649901,3.457825,1.343951,1.049369,0.535552,4.243225,3.148132,1.953308,0.434272,0.238459,3.094423,2.319376,1.029845,0.42385,0.138832,3.492188,2.968113,1.477325,0.448663,0.200316,2.92966,5.247291,1.010791,0.39216,0.187452,3.942236,2.145514,0.529171,0.609169,0.279605,1.615393,4.422558,0.681042,0.331322,0.173483,9.229065,5.240631,0.74514,1.214013,0.374294,concentrate
3.9761,5.810347,1.714758,1.08388,0.585087,7.079116,4.801037,2.755198,0.498348,0.241103,4.102539,3.704111,1.608129,0.52217,0.142755,5.394189,4.610192,2.161354,0.517915,0.199473,4.814541,7.389777,1.087705,0.401258,0.177411,5.927428,3.609764,0.392143,0.597521,0.26427,2.782044,5.974202,0.711914,0.360389,0.166474,11.664227,7.980887,0.664852,1.231516,0.402189,concentrate
4.950844,8.739716,2.1285,1.122218,0.625335,11.041913,7.004013,3.619782,0.572657,0.237267,5.607865,5.401155,2.367035,0.677561,0.147353,8.245668,6.72674,2.957113,0.613373,0.192712,7.302259,9.692979,1.217251,0.426169,0.1679,8.149989,5.33263,0.434755,0.616691,0.240147,4.52138,7.617823,0.859538,0.396934,0.166514,15.279199,11.59678,0.670669,1.273643,0.440663,concentrate
6.52946,11.735822,2.483655,1.201843,0.642062,15.251743,9.518198,4.353621,0.647189,0.224623,7.281819,7.088857,3.17358,0.88347,0.151127,11.458607,9.02492,3.702042,0.720154,0.180528,9.806926,11.778338,1.343505,0.462469,0.163232,10.119854,7.042464,0.634931,0.707414,0.214039,6.512709,9.159047,1.039148,0.433767,0.173149,19.580839,15.514986,0.734297,1.350054,0.479294,concentrate
8.28598,14.123109,2.704378,1.35153,0.629817,18.476002,11.84456,4.790788,0.715514,0.205593,8.6008,8.364199,3.862236,1.115028,0.15503,14.091719,11.008019,4.22868,0.821121,0.166366,11.676677,13.318806,1.470362,0.514199,0.166517,11.44528,8.499866,0.94811,0.88713,0.193956,8.28602,10.407711,1.221582,0.469093,0.187268,23.767538,18.779001,0.864042,1.458614,0.5172,concentrate
9.793535,15.380874,2.747773,1.560833,0.591974,19.658092,13.414168,4.839921,0.772139,0.18681,9.045549,8.911624,4.284803,1.326147,0.162339,15.238521,12.180444,4.413836,0.898015,0.155203,12.457006,14.165777,1.625114,0.584981,0.177994,11.920225,9.595941,1.295706,1.129162,0.184968,9.402575,11.248332,1.408563,0.503951,0.208294,27.014288,20.564764,1.07208,1.57975,0.557993,concentrate
10.91787,15.353662,2.614836,1.770009,0.540395,18.475473,13.825466,4.51235,0.805585,0.175276,8.421735,8.628604,4.364095,1.456685,0.176076,14.538481,12.241426,4.219024,0.930916,0.15112,12.099026,14.353714,1.818112,0.670364,0.194096,11.582334,10.332191,1.585263,1.359781,0.185442,9.632721,11.64943,1.596935,0.538121,0.232785,28.627689,20.52462,1.337067,1.678846,0.604439,concentrate
11.760176,14.2936,2.377213,1.904277,0.491311,15.432953,12.97854,3.924155,0.801958,0.173771,6.929717,7.673242,4.131221,1.46311,0.195004,12.268785,11.186103,3.718729,0.90839,0.153816,10.87033,13.98033,2.032083,0.753837,0.209202,10.63049,10.779567,1.75425,1.493522,0.189239,8.994837,11.600135,1.773215,0.568595,0.255179,28.3374,18.878378,1.626016,1.733081,0.653995,concentrate
12.436011,12.846885,2.115208,1.908408,0.457826,11.57377,11.167591,3.233293,0.754596,0.17991,5.117237,6.427926,3.687632,1.340238,0.213331,9.211634,9.350398,3.057722,0.832982,0.159409,9.262111,13.185067,2.234673,0.815731,0.218067,9.454195,11.123731,1.810179,1.470841,0.190149,7.766593,11.142718,1.912609,0.591623,0.269719,26.379391,16.457859,1.891516,1.745459,0.698052,concentrate
13.32276,11.698114,1.869753,1.770354,0.443417,8.201919,8.964175,2.557136,0.668912,0.188801,3.738312,5.32355,3.147252,1.128336,0.223587,6.444767,7.278843,2.372228,0.720295,0.163366,7.795496,12.11584,2.402224,0.841605,0.217455,8.51729,11.601254,1.806857,1.291442,0.186234,6.41029,10.358607,2.007785,0.603871,0.272367,23.753048,14.430341,2.099007,1.733041,0.722124,concentrate
14.447227,11.085556,1.653849,1.524492,0.44309,6.205062,6.918495,1.978485,0.563632,0.196203,3.344756,4.57836,2.613242,0.893959,0.219919,4.776025,5.444858,1.780034,0.594563,0.162969,6.722955,10.863788,2.532859,0.832377,0.207649,8.059427,12.229484,1.805245,1.018042,0.179101,5.264381,9.320657,2.06958,0.608644,0.262347,21.292948,13.396884,2.243756,1.717341,0.716404,concentrate
15.359544,10.706821,1.446763,1.242513,0.447096,5.791567,5.396454,1.557433,0.466011,0.200156,4.047873,4.124313,2.149445,0.701491,0.202173,4.473597,4.100555,1.365445,0.483704,0.158143,6.000928,9.484753,2.619747,0.803203,0.192669,7.990313,12.757535,1.827358,0.74435,0.171967,4.493101,8.083226,2.104001,0.613789,0.242547,19.402636,13.170746,2.332765,1.726152,0.686815,concentrate
15.844158,10.052372,1.24159,0.996211,0.448229,6.561561,4.513904,1.328246,0.398423,0.201461,5.488323,3.732329,1.783651,0.586068,0.176384,5.241897,3.262308,1.163502,0.407063,0.151031,5.4543,8.164366,2.655862,0.778847,0.179538,8.063698,12.887664,1.866291,0.546455,0.167254,4.079286,6.786544,2.115498,0.628307,0.218941,17.991158,13.113401,2.369605,1.774918,0.65084,concentrate
15.381302,8.866405,1.055057,0.82774,0.445225,7.849558,4.222178,1.278109,0.366095,0.20229,7.046438,3.271839,1.509031,0.541224,0.151471,6.488685,2.862492,1.142506,0.365547,0.144185,4.956284,7.145508,2.632623,0.776356,0.176007,8.051489,12.454207,1.930275,0.454281,0.166525,3.903731,5.613845,2.08988,0.653517,0.198165,16.743008,12.643278,2.360687,1.858102,0.624993,concentrate
14.002113,7.178021,0.898576,0.737995,0.440586,8.960537,4.282295,1.303982,0.355296,0.204326,8.07509,2.71225,1.283141,0.531696,0.1357,7.552285,2.741183,1.184877,0.343531,0.13972,4.482804,6.567936,2.528494,0.786653,0.185956,7.745948,11.463173,2.021637,0.442493,0.171368,3.848973,4.69884,1.996661,0.673867,0.184755,15.480524,11.49592,2.305939,1.954787,0.617896,concentrate
11.807261,5.251037,0.784588,0.696352,0.437006,9.407784,4.433953,1.297976,0.34313,0.206754,8.187237,2.112851,1.082527,0.517745,0.132403,7.967809,2.727292,1.187894,0.320899,0.139161,4.000802,6.334032,2.351646,0.785591,0.20636,6.99414,9.983977,2.146265,0.457535,0.18342,3.778671,4.066477,1.833648,0.669808,0.179779,14.205214,9.725136,2.201802,2.02417,0.625783,concentrate
9.228819,3.480809,0.721657,0.678595,0.434775,8.952644,4.422785,1.199149,0.319441,0.206806,7.363402,1.572375,0.916682,0.484394,0.139319,7.549681,2.65973,1.108656,0.293423,0.143627,3.552013,6.180423,2.128537,0.752881,0.228185,5.850926,8.172456,2.291545,0.459532,0.202405,3.665344,3.650673,1.619273,0.633038,0.181429,13.059073,7.611309,2.050692,2.027008,0.635931,concentrate
6.69678,2.173568,0.686113,0.681517,0.43284,7.67298,4.127425,1.002818,0.289059,0.202408,5.874655,1.182055,0.774273,0.439944,0.151026,6.406951,2.465666,0.94431,0.269932,0.152691,3.135726,5.888428,1.89584,0.693329,0.241451,4.491684,6.293326,2.402063,0.439413,0.224399,3.477481,3.367968,1.394612,0.581625,0.186761,12.088708,5.568476,1.843451,1.956053,0.636317,concentrate
4.540165,1.472641,0.648832,0.716267,0.431988,5.936678,3.565429,0.754869,0.262449,0.194322,4.204129,0.980296,0.636613,0.398857,0.162341,4.898587,2.153376,0.729562,0.259096,0.163962,2.762044,5.395157,1.670061,0.629486,0.240397,3.206824,4.64303,2.394785,0.416179,0.244646,3.22201,3.154289,1.190271,0.54557,0.192443,11.192136,3.926131,1.592085,1.837377,0.624328,concentrate
2.812704,1.32193,0.590608,0.800247,0.438382,4.244948,2.869628,0.522588,0.25027,0.186786,2.823324,0.955742,0.501954,0.370972,0.171788,3.464662,1.802581,0.520274,0.262771,0.174887,2.479358,4.77001,1.458653,0.587443,0.228235,2.257511,3.452681,2.21953,0.425874,0.261301,2.961856,2.964125,1.025449,0.549163,0.196373,10.325248,2.823012,1.326966,1.70695,0.610304,concentrate
1.672527,1.622684,0.521162,0.944472,0.461184,2.988777,2.264358,0.352474,0.25964,0.184703,1.980733,1.112629,0.387036,0.359065,0.180795,2.434308,1.551928,0.359946,0.277313,0.183478,2.266609,4.163682,1.271047,0.581707,0.216265,1.66748,2.850508,1.916618,0.498773,0.276547,2.70913,2.791669,0.906845,0.59596,0.198526,9.505292,2.269987,1.092416,1.5916,0.610222,concentrate
1.085692,2.301568,0.457004,1.140913,0.507808,2.28334,1.942111,0.265307,0.286247,0.189343,1.646521,1.458473,0.307928,0.358783,0.190561,1.886282,1.5109,0.265987,0.293627,0.188477,2.073421,3.696292,1.080366,0.609172,0.215857,1.329468,2.82084,1.543406,0.64076,0.294056,2.4229,2.642605,0.803383,0.667108,0.199539,8.750898,2.229425,0.888501,1.500916,0.63202,concentrate
0.94428,3.257558,0.420929,1.356406,0.577794,2.002109,1.974205,0.250974,0.316605,0.197618,1.625994,1.952426,0.267161,0.363445,0.20063,1.699884,1.708179,0.231723,0.302808,0.189935,1.889545,3.439973,0.8781,0.65255,0.232052,1.156667,3.232035,1.18501,0.82833,0.316402,2.115381,2.561023,0.700154,0.731086,0.200574,8.030938,2.625083,0.717794,1.436429,0.671726,concentrate
1.050893,4.320732,0.423125,1.541947,0.658362,1.876521,2.264342,0.283044,0.336949,0.203723,1.673555,2.48119,0.251067,0.366897,0.208029,1.635584,2.056898,0.23628,0.300018,0.187679,1.734626,3.37056,0.693139,0.694851,0.261979,1.115877,3.877877,0.920515,1.023299,0.341065,1.825968,2.573366,0.607906,0.761253,0.203283,7.327364,3.300422,0.6017,1.399458,0.716006,concentrate
1.298518,5.22962,0.456943,1.647134,0.726584,1.72054,2.593542,0.33949,0.33809,0.201295,1.628693,2.883517,0.246018,0.364128,0.208443,1.531986,2.389411,0.263094,0.286092,0.18046,1.680069,3.39351,0.575141,0.72673,0.295769,1.213627,4.523438,0.769661,1.188534,0.361168,1.643896,2.663266,0.550761,0.748596,0.208339,6.69982,4.038183,0.558223,1.389888,0.748169,concentrate
1.563235,5.718579,0.509327,1.640092,0.758227,1.507599,2.754456,0.414061,0.320068,0.18757,1.450306,3.009366,0.244366,0.350826,0.199601,1.346397,2.542982,0.305474,0.266771,0.168108,1.792888,3.388382,0.552941,0.757333,0.321155,1.46039,4.933186,0.707584,1.298457,0.36954,1.655199,2.767507,0.548668,0.709486,0.214981,6.290045,4.617961,0.60355,1.409156,0.7589,concentrate
1.910364,5.62501,0.571732,1.539899,0.746022,1.309779,2.66186,0.505838,0.299237,0.167798,1.196514,2.800932,0.245925,0.329996,0.183255,1.131547,2.445024,0.362242,0.254439,0.153952,2.068698,3.297225,0.651922,0.806906,0.329611,1.850105,4.984617,0.691382,1.343367,0.363885,1.88541,2.822636,0.622359,0.675396,0.222817,6.231561,4.875919,0.728932,1.459796,0.753422,concentrate
2.331141,4.9682,0.642905,1.404439,0.700473,1.169899,2.337936,0.598616,0.30135,0.151593,0.965643,2.314655,0.256175,0.314181,0.163984,0.945165,2.117493,0.42356,0.261416,0.142818,2.437724,3.131294,0.897358,0.890744,0.320248,2.345151,4.711684,0.693141,1.334172,0.348613,2.258943,2.782056,0.80119,0.676809,0.23106,6.633465,4.744015,0.898596,1.536883,0.744086,concentrate
2.908367,3.968357,0.728502,1.295841,0.640076,1.112594,1.90511,0.680774,0.344816,0.146414,0.850262,1.696739,0.291772,0.317334,0.146214,0.830472,1.674946,0.481777,0.291747,0.138022,2.836039,2.956705,1.293961,1.004705,0.298298,2.908795,4.32726,0.733393,1.293464,0.330808,2.674875,2.633424,1.105144,0.728372,0.237185,7.454669,4.287789,1.067372,1.625627,0.740753,concentrate
3.56583,2.939826,0.832668,1.248259,0.580674,1.201157,1.566502,0.753418,0.426373,0.152661,0.901567,1.112324,0.371295,0.349765,0.132106,0.838718,1.295125,0.537107,0.339241,0.139055,3.23732,2.865788,1.77852,1.123049,0.271238,3.556013,4.136668,0.848156,1.247581,0.315114,3.041841,2.399156,1.493568,0.822222,0.23903,8.669925,3.688145,1.183427,1.698889,0.74788,concentrate
4.249574,2.168071,0.948729,1.256496,0.530778,1.479758,1.508269,0.820117,0.52098,0.164211,1.103358,0.690644,0.495871,0.411138,0.122074,0.995847,1.138078,0.590145,0.390699,0.142777,3.584555,2.965389,2.234364,1.214212,0.245611,4.245621,4.43496,1.048276,1.216899,0.30201,3.286408,2.152691,1.87927,0.932997,0.236781,9.910476,3.294132,1.22215,1.732814,0.767291,concentrate
4.787293,1.785618,1.054915,1.289067,0.488746,1.948501,1.78247,0.883077,0.596138,0.172192,1.387954,0.478791,0.64298,0.489193,0.114715,1.276293,1.249242,0.638496,0.433433,0.144675,3.817558,3.352004,2.521542,1.252785,0.224244,4.86333,5.338225,1.3014,1.206073,0.287507,3.40064,2.013167,2.151774,1.029728,0.233028,10.84444,3.449124,1.186395,1.718487,0.797376,concentrate
5.195673,1.734436,1.121566,1.306763,0.448932,2.548433,2.250315,0.922555,0.627787,0.170709,1.692717,0.446476,0.770371,0.561398,0.10827,1.631949,1.531598,0.666888,0.458319,0.141552,3.970914,4.000371,2.537609,1.226478,0.207159,5.347221,6.662448,1.536662,1.203167,0.268113,3.489389,2.050518,2.213461,1.084932,0.232271,11.3389,4.304372,1.101473,1.665347,0.834026,concentrate
5.569193,1.83129,1.116631,1.284406,0.409156,3.216832,2.713537,0.905114,0.612503,0.159814,1.993346,0.549382,0.829261,0.60279,0.101888,2.039342,1.85806,0.653627,0.462988,0.133841,4.130369,4.739795,2.270611,1.142431,0.194172,5.613564,7.951728,1.668954,1.187009,0.245056,3.708825,2.237923,2.02816,1.082871,0.237309,11.358909,5.707891,1.003491,1.592037,0.870133,concentrate
5.823105,1.909544,1.02706,1.22088,0.371247,3.879414,3.059542,0.819306,0.568152,0.144017,2.286119,0.788891,0.79779,0.59875,0.095694,2.480468,2.179027,0.595812,0.451727,0.124784,4.406372,5.345803,1.805914,1.022198,0.186393,5.632872,8.712359,1.639473,1.13866,0.223448,4.218673,2.494098,1.644651,1.02316,0.246693,11.045417,7.245972,0.911956,1.504935,0.893623,concentrate
6.042886,1.942398,0.874882,1.129011,0.339294,4.434767,3.308261,0.688217,0.518893,0.129275,2.557496,1.202715,0.694254,0.549198,0.090132,2.911593,2.540105,0.515337,0.430731,0.118136,4.962628,5.699204,1.29407,0.895176,0.184019,5.586356,8.706436,1.451283,1.046429,0.207454,5.084012,2.75958,1.178138,0.919832,0.25471,10.819623,8.479602,0.822851,1.411066,0.889231,concentrate
6.177857,1.971249,0.705339,1.023335,0.317376,4.760254,3.611345,0.571936,0.484115,0.119881,2.768759,1.819002,0.565365,0.468101,0.085494,3.255727,3.056005,0.454613,0.405453,0.115671,5.902779,5.788424,0.892343,0.790298,0.18484,5.724984,7.931897,1.170981,0.913642,0.197131,6.205649,3.001799,0.765348,0.797791,0.254261,11.016878,8.957458,0.744983,1.337786,0.85071,concentrate
6.044851,2.053972,0.560368,0.912164,0.306478,4.746283,4.128885,0.528842,0.469943,0.117914,2.84804,2.59087,0.460934,0.377877,0.082111,3.407338,3.808025,0.450739,0.37965,0.116755,7.150898,5.677603,0.702836,0.725074,0.186922,6.218688,6.604554,0.894803,0.761234,0.188734,7.32326,3.204299,0.504259,0.68155,0.241761,11.685389,8.491932,0.708897,1.315623,0.788588,concentrate
5.729248,2.22769,0.468969,0.797369,0.302847,4.388328,4.936569,0.584769,0.468698,0.122738,2.730934,3.393059,0.41221,0.299607,0.080261,3.309371,4.776139,0.515349,0.354519,0.119144,8.393292,5.453617,0.737686,0.698868,0.19033,6.959708,5.078033,0.71716,0.62461,0.178807,8.108071,3.361851,0.420272,0.586786,0.219861,12.520143,7.226679,0.748474,1.358571,0.728321,concentrate
4.997891,2.477693,0.436079,0.682101,0.302129,3.776407,5.917948,0.718167,0.464145,0.131611,2.405981,4.050441,0.41889,0.244929,0.080291,2.973463,5.790079,0.62697,0.329344,0.120984,9.278281,5.13826,0.924141,0.69596,0.195462,7.705678,3.673632,0.676049,0.530684,0.166171,8.316943,3.445281,0.469867,0.514362,0.195223,13.184167,5.588991,0.871368,1.446661,0.692264,concentrate
4.107576,2.697797,0.44356,0.577782,0.302896,3.046519,6.772522,0.873505,0.444247,0.142027,1.922632,4.387714,0.455636,0.213774,0.082879,2.478751,6.561604,0.742552,0.305186,0.122523,9.439878,4.677912,1.149125,0.68971,0.201806,8.070518,2.548913,0.739042,0.485742,0.152321,7.852178,3.387927,0.574553,0.454774,0.175035,13.409355,4.033598,1.043909,1.540901,0.686997,concentrate
3.18061,2.755606,0.471073,0.502983,0.306684,2.358813,7.173059,0.989628,0.407547,0.153332,1.398164,4.319915,0.496119,0.198435,0.088859,1.942786,6.828164,0.82424,0.284292,0.12607,8.846095,4.044175,1.313638,0.651943,0.207437,7.879351,1.712188,0.833778,0.480502,0.140574,6.833313,3.153349,0.666251,0.397171,0.163627,13.216285,2.834342,1.203952,1.595803,0.701514,concentrate
2.613861,2.587788,0.501466,0.473261,0.314997,1.83108,6.953294,1.028825,0.363909,0.165267,0.96926,3.888679,0.527726,0.194414,0.097858,1.48852,6.495163,0.860623,0.271426,0.133836,7.780866,3.286089,1.372664,0.574046,0.20961,7.22369,1.134007,0.889842,0.501543,0.134024,5.560914,2.75595,0.709541,0.337543,0.161218,12.926602,2.121399,1.312581,1.587951,0.718513,concentrate
2.571595,2.233139,0.526345,0.493181,0.327322,1.543195,6.20759,0.976537,0.32818,0.176916,0.750031,3.253309,0.549755,0.200476,0.107776,1.211709,5.69569,0.851935,0.2702,0.146364,6.669243,2.533063,1.330099,0.47266,0.207088,6.338162,0.789417,0.881835,0.536996,0.133893,4.386968,2.272661,0.69455,0.281278,0.166174,12.889888,1.839073,1.371526,1.519769,0.729977,concentrate
3.027202,1.7993,0.549293,0.557057,0.344806,1.503458,5.233266,0.859302,0.313548,0.186887,0.789963,2.624823,0.568981,0.219936,0.11618,1.158739,4.724257,0.81711,0.28259,0.162385,5.858476,1.93491,1.219724,0.383615,0.200548,5.451038,0.632014,0.812663,0.583856,0.139013,3.549012,1.799176,0.630617,0.241913,0.176199,13.28017,1.836057,1.396848,1.420342,0.740795,concentrate
3.842,1.42478,0.584929,0.648437,0.375722,1.709153,4.37632,0.739664,0.326775,0.193497,1.091673,2.17793,0.600498,0.254053,0.121686,1.339354,3.894605,0.792486,0.306871,0.179444,5.466729,1.62,1.106414,0.344578,0.191714,4.740341,0.603656,0.725974,0.641421,0.14702,3.098636,1.445625,0.549203,0.233253,0.188203,13.992347,1.965681,1.42265,1.332165,0.759411,concentrate
4.934493,1.237093,0.671117,0.746979,0.429531,2.146179,3.896272,0.710227,0.365413,0.195645,1.633998,2.009556,0.66318,0.295611,0.124255,1.75473,3.422903,0.83238,0.338828,0.194488,5.35446,1.620498,1.067028,0.374815,0.182357,4.254028,0.654334,0.666283,0.701038,0.155963,2.93171,1.284325,0.498416,0.259269,0.19876,14.629433,2.155255,1.497833,1.28265,0.785342,concentrate
6.304656,1.348965,0.826261,0.830929,0.506888,2.716843,3.906657,0.837314,0.410982,0.194346,2.355867,2.13792,0.759204,0.330165,0.124892,2.32011,3.388134,0.97344,0.366475,0.205027,5.22377,1.855174,1.130032,0.460276,0.174119,3.926113,0.803584,0.641991,0.745269,0.165074,2.833951,1.328203,0.504222,0.309207,0.20477,14.550432,2.386944,1.594717,1.269106,0.807647,concentrate
7.471363,1.798708,1.037954,0.884952,0.595092,3.369045,4.354607,1.106341,0.442276,0.191718,3.160881,2.499681,0.872224,0.344583,0.124467,2.971229,3.723334,1.199463,0.378675,0.209301,4.853778,2.171556,1.278113,0.565098,0.167244,3.648747,1.147822,0.658061,0.758601,0.174213,2.640617,1.527191,0.573586,0.365718,0.203629,13.356951,2.696118,1.66372,1.279129,0.813657,concentrate
8.4861,2.516193,1.253894,0.902974,0.670204,4.010836,5.062443,1.433481,0.443802,0.189212,3.907439,2.981902,0.962827,0.332845,0.123146,3.585616,4.260794,1.44487,0.369214,0.20669,4.264426,2.400913,1.46104,0.652337,0.160502,3.451369,1.762804,0.704218,0.738267,0.182273,2.365186,1.769847,0.704777,0.414466,0.194758,11.352935,3.094317,1.670591,1.307933,0.797152,concentrate
8.878616,3.341053,1.419208,0.88953,0.707686,4.525627,5.809748,1.722417,0.414632,0.187283,4.405413,3.447373,1.007505,0.299698,0.120477,4.025158,4.807581,1.645653,0.340433,0.198444,3.787906,2.452033,1.624271,0.701703,0.152108,3.479914,2.620918,0.760573,0.69564,0.186792,2.242185,1.960531,0.889204,0.449641,0.18051,9.486019,3.589868,1.634311,1.359889,0.762795,concentrate
8.600709,4.09169,1.478372,0.85643,0.694459,4.839341,6.409816,1.870692,0.370238,0.186359,4.566959,3.793077,0.982651,0.258026,0.117142,4.203539,5.212921,1.731181,0.30325,0.18801,3.824048,2.376423,1.70581,0.709832,0.140275,3.945001,3.595964,0.810207,0.648362,0.185749,2.555772,2.087248,1.084293,0.472219,0.165249,8.741919,4.183513,1.573651,1.42914,0.72159,concentrate
7.947806,4.574843,1.403287,0.814127,0.635891,4.916356,6.720606,1.824287,0.333129,0.187343,4.428385,3.936621,0.884086,0.222362,0.115443,4.124509,5.376313,1.665318,0.27045,0.179976,4.522511,2.388077,1.66263,0.688635,0.125597,4.942269,4.495076,0.85623,0.612235,0.179618,3.35813,2.281053,1.244316,0.490529,0.153429,9.612692,4.820074,1.512012,1.491886,0.682294,concentrate
7.120908,4.732094,1.209684,0.769564,0.552831,4.850657,6.702154,1.608318,0.32086,0.189857,4.148472,3.858886,0.731864,0.20217,0.117761,3.894513,5.284588,1.46794,0.251518,0.177105,5.764132,3.001798,1.52054,0.659414,0.111009,6.338401,5.189813,0.924148,0.59153,0.170433,4.480995,3.005757,1.351782,0.513784,0.147243,11.602645,5.633241,1.451705,1.521574,0.649794,concentrate
6.60716,4.752568,0.951412,0.728291,0.470473,4.723632,6.431731,1.290826,0.338862,0.193161,3.907967,3.639185,0.558494,0.204927,0.125731,3.641229,5.011836,1.188365,0.250444,0.179278,7.338264,5.035159,1.31145,0.644796,0.101388,7.889053,5.780189,1.011811,0.584314,0.161496,5.762368,5.068368,1.373113,0.546148,0.145428,13.771524,7.082889,1.345269,1.504094,0.6228,concentrate
6.613066,5.016306,0.707832,0.695313,0.405951,4.647682,6.052839,0.979257,0.37988,0.196203,3.895593,3.410003,0.415056,0.238226,0.138505,3.501341,4.665523,0.91334,0.267393,0.183314,9.16016,9.288878,1.080125,0.654774,0.101189,9.487612,6.624308,1.113184,0.600186,0.155997,7.161775,9.303895,1.302482,0.581406,0.144338,15.531123,9.746123,1.194367,1.449683,0.599166,concentrate
7.33542,5.792421,0.55387,0.682509,0.362737,4.659581,5.671649,0.768547,0.426535,0.197534,4.157627,3.273163,0.35213,0.301118,0.152575,3.505426,4.319128,0.725725,0.295924,0.184586,11.071917,15.857922,0.873338,0.678059,0.111914,11.040782,8.037633,1.219272,0.658511,0.156604,8.623685,15.861558,1.156695,0.604377,0.140457,16.818335,13.632756,1.037886,1.377171,0.576778,concentrate
8.624449,7.054437,0.530333,0.711264,0.334886,4.766953,5.371151,0.671872,0.460488,0.196115,4.616902,3.275531,0.390428,0.381247,0.163809,3.632276,4.038494,0.642895,0.325555,0.179966,12.860682,23.749348,0.73061,0.69412,0.131929,12.399426,9.996985,1.324529,0.774246,0.16559,10.041619,23.772255,0.974412,0.600978,0.13287,17.944319,18.006289,0.932945,1.307744,0.55676,concentrate
10.173248,8.382242,0.619929,0.793001,0.314765,4.943549,5.245152,0.657776,0.470132,0.190678,5.089849,3.415443,0.508445,0.456067,0.169267,3.794876,3.917357,0.640756,0.344913,0.168752,14.17789,31.02335,0.664519,0.682933,0.156517,13.339396,12.02943,1.405611,0.938371,0.182266,11.167017,31.09164,0.803711,0.564249,0.123494,19.16633,21.602091,0.909474,1.259184,0.540268,concentrate
11.632071,9.213175,0.770546,0.913422,0.300553,5.094512,5.301681,0.67946,0.451335,0.180394,5.377278,3.614639,0.649468,0.500756,0.168419,3.904292,3.990529,0.666127,0.344368,0.15255,14.611023,35.542866,0.663202,0.636617,0.179695,13.563966,13.389026,1.434054,1.112154,0.202915,11.644703,35.643383,0.682353,0.50107,0.115518,20.263132,23.150438,0.943429,1.240912,0.523873,concentrate
12.599388,9.152329,0.944552,1.034042,0.29624,5.087839,5.410641,0.696278,0.409288,0.165774,5.338274,3.762844,0.76244,0.499716,0.163245,3.8485,4.185222,0.675486,0.321906,0.134793,13.933033,35.926407,0.706083,0.563923,0.196811,12.946367,13.513368,1.405488,1.239634,0.221749,11.222706,35.969135,0.622434,0.429809,0.11288,20.695107,22.040358,0.982571,1.248756,0.500914,concentrate
13.055356,8.255673,1.105374,1.106893,0.303911,4.790983,5.424152,0.695454,0.35525,0.149425,4.969747,3.819825,0.813103,0.453631,0.15742,3.576364,4.395958,0.656068,0.284267,0.119658,12.195123,32.155209,0.763491,0.484144,0.206205,11.634638,12.37455,1.311081,1.268426,0.233149,9.858612,31.988794,0.613035,0.372346,0.119379,19.879051,18.698856,0.990422,1.263725,0.472745,concentrate
12.950526,6.964506,1.218681,1.095898,0.321727,4.177309,5.247923,0.676679,0.301037,0.135647,4.408572,3.808209,0.792282,0.376213,0.15495,3.098272,4.523288,0.61668,0.241774,0.11115,9.768919,25.593203,0.795571,0.416333,0.209286,10.005136,10.470165,1.150896,1.177021,0.233743,7.812162,25.06749,0.62278,0.344183,0.136293,17.632183,14.4877,0.965274,1.259029,0.45196,concentrate
12.481742,5.774527,1.277279,1.006773,0.345683,3.341192,4.881313,0.670846,0.259734,0.128279,3.813077,3.732712,0.733643,0.29409,0.159058,2.527028,4.501154,0.599615,0.208493,0.112303,7.25781,18.36582,0.779969,0.377486,0.211159,8.447863,8.495901,0.939725,0.99251,0.224211,5.58977,17.397312,0.623637,0.350494,0.16138,14.325181,10.927246,0.949361,1.218414,0.453393,concentrate
11.577888,4.979762,1.295144,0.893178,0.371341,2.519963,4.382508,0.712901,0.243948,0.128632,3.340788,3.584417,0.691289,0.238564,0.170569,2.029239,4.308598,0.649413,0.199782,0.123954,5.284152,12.423201,0.72438,0.379972,0.215909,7.312007,7.038795,0.709824,0.786088,0.208627,3.776465,11.024904,0.604994,0.389035,0.188507,10.859783,8.968467,0.986507,1.14894,0.483922,concentrate
10.323252,4.553262,1.284483,0.826825,0.397826,1.931773,3.826784,0.8134,0.25928,0.13519,3.044196,3.335682,0.704574,0.229068,0.187014,1.731763,3.964137,0.779105,0.223967,0.143982,4.079946,8.690755,0.666701,0.43082,0.224295,6.596634,6.280056,0.509975,0.637624,0.193629,2.629922,6.977806,0.576946,0.455442,0.210341,8.040258,8.566369,1.083882,1.083592,0.540427,concentrate
8.837596,4.246002,1.250131,0.851022,0.425777,1.682826,3.297536,0.946775,0.302074,0.144201,2.872578,2.963642,0.772271,0.264103,0.203093,1.653513,3.526044,0.954802,0.277951,0.167683,3.508645,6.927808,0.655345,0.526602,0.23337,6.03407,5.95003,0.383724,0.595651,0.187142,2.051461,5.086847,0.567178,0.542756,0.221179,6.190756,8.891827,1.209851,1.062355,0.610641,concentrate
7.174558,3.786879,1.184739,0.953901,0.452836,1.710051,2.881537,1.063113,0.358045,0.150472,2.750189,2.492067,0.854011,0.322555,0.21207,1.722131,3.081881,1.111396,0.346881,0.188486,3.233067,6.22355,0.720615,0.652748,0.239007,5.341286,5.613526,0.358228,0.654353,0.195198,1.740638,4.455171,0.597516,0.641144,0.219287,5.2454,8.99287,1.316135,1.110038,0.678039,concentrate
5.564728,3.099589,1.083815,1.071631,0.473957,1.812148,2.667182,1.109874,0.407711,0.150603,2.559225,2.004145,0.892752,0.375953,0.209822,1.777598,2.736566,1.180793,0.408639,0.201797,3.003164,5.731488,0.854553,0.783007,0.238091,4.375499,4.946095,0.422544,0.766687,0.220354,1.477815,4.200334,0.668216,0.731897,0.207351,4.861315,8.343909,1.351306,1.213631,0.727456,concentrate
4.238648,2.305199,0.949947,1.129014,0.487217,1.794956,2.71369,1.052848,0.433507,0.14487,2.211746,1.602167,0.845662,0.404911,0.19771,1.687647,2.572087,1.120087,0.444024,0.20738,2.82335,5.114326,1.027592,0.88478,0.230559,3.27314,3.942693,0.551124,0.871407,0.261312,1.250222,3.896434,0.772314,0.790573,0.191752,4.884559,7.028202,1.32436,1.322305,0.749901,concentrate
3.364075,1.613831,0.791085,1.084761,0.495851,1.599028,3.031187,0.902522,0.429217,0.136776,1.733991,1.374683,0.711682,0.403895,0.182203,1.429745,2.629013,0.939298,0.445627,0.208948,2.748534,4.422642,1.185475,0.927342,0.219051,2.327133,2.84256,0.695629,0.921883,0.312962,1.097624,3.504976,0.882501,0.796811,0.179218,5.207295,5.440334,1.252176,1.368186,0.74341,concentrate
2.821856,1.177308,0.622208,0.944158,0.504054,1.252803,3.586607,0.701291,0.400626,0.130111,1.225713,1.36788,0.5257,0.37667,0.170711,1.072189,2.915167,0.691125,0.41757,0.210818,2.760185,3.903228,1.282278,0.89867,0.20671,1.74598,1.922795,0.814298,0.903216,0.366675,1.023108,3.225348,0.970141,0.744792,0.173217,5.730654,4.029351,1.163607,1.304787,0.712688,concentrate
2.437197,1.024947,0.465763,0.756223,0.515307,0.882962,4.286306,0.501637,0.363216,0.126546,0.799198,1.560068,0.342137,0.333891,0.167487,0.747654,3.37883,0.447086,0.372853,0.21488,2.817802,3.769022,1.294758,0.80843,0.195307,1.556911,1.345042,0.873945,0.824377,0.410551,1.033516,3.266431,1.011233,0.645727,0.17275,6.317906,3.039816,1.082922,1.135747,0.667777,concentrate
2.146955,1.063775,0.348343,0.586895,0.529027,0.625576,4.974785,0.350068,0.333298,0.12573,0.530101,1.856749,0.208876,0.287745,0.171374,0.567043,3.897807,0.268428,0.326448,0.220262,2.809512,4.043464,1.220243,0.679314,0.185268,1.62845,1.097595,0.861689,0.713518,0.434477,1.097624,3.689156,0.99219,0.521721,0.173831,6.841135,2.461472,1.005969,0.907852,0.61872,concentrate
1.738883,1.184928,0.289203,0.485461,0.539276,0.562075,5.527447,0.278902,0.319156,0.126682,0.42227,2.162095,0.151935,0.248029,0.176554,0.575048,4.360977,0.19148,0.288949,0.2246,2.654879,4.583073,1.074589,0.539354,0.17688,1.771927,1.066205,0.792288,0.608618,0.434259,1.180118,4.38408,0.910823,0.398959,0.172457,7.221504,2.170124,0.917932,0.697013,0.572568,concentrate
1.453114,1.323147,0.286913,0.466647,0.538967,0.707993,5.899131,0.281605,0.318656,0.128721,0.443843,2.43451,0.158771,0.221184,0.176607,0.759836,4.721198,0.203747,0.264118,0.225521,2.381816,5.223547,0.884056,0.412389,0.170437,1.876854,1.145523,0.688684,0.538645,0.414372,1.26648,5.151925,0.778921,0.296351,0.167261,7.414691,2.062725,0.805265,0.570513,0.532124,concentrate
1.150429,1.461068,0.331678,0.511233,0.526497,0.97861,6.09817,0.327977,0.322913,0.131878,0.537583,2.658283,0.196249,0.210388,0.168476,1.044428,4.970504,0.265684,0.250113,0.221989,2.08919,5.830787,0.688011,0.315244,0.166705,1.929,1.269082,0.57411,0.512085,0.38429,1.348696,5.790671,0.630854,0.224648,0.159922,7.381611,2.095628,0.676416,0.55679,0.497737,concentrate
1.023664,1.59212,0.418968,0.578658,0.50687,1.25073,6.139484,0.390877,0.323284,0.136508,0.637864,2.811308,0.237567,0.217891,0.153965,1.321704,5.100053,0.342514,0.243724,0.21483,1.877056,6.293007,0.522006,0.254811,0.16803,1.952613,1.38776,0.472519,0.517729,0.354974,1.418047,6.146972,0.505555,0.183397,0.152943,7.149401,2.300262,0.553346,0.638334,0.467999,concentrate
1.043531,1.690722,0.558462,0.638301,0.489834,1.440177,6.004568,0.447431,0.315641,0.142473,0.717586,2.862596,0.272182,0.245245,0.137607,1.516233,5.080009,0.409835,0.242155,0.205468,1.805184,6.58286,0.400045,0.236375,0.177452,2.012335,1.458291,0.398307,0.540005,0.333166,1.462181,6.170546,0.423476,0.169756,0.148319,6.906476,2.678104,0.452556,0.773994,0.445828,concentrate
1.216296,1.71992,0.744917,0.679767,0.485004,1.505057,5.624299,0.483264,0.302688,0.148173,0.766834,2.764894,0.300716,0.290218,0.123483,1.581678,4.840679,0.454156,0.244643,0.194063,1.879932,6.732257,0.325173,0.264754,0.196182,2.142226,1.465725,0.357149,0.568054,0.318742,1.482509,5.908179,0.390544,0.183614,0.146741,6.867904,3.13942,0.388722,0.925262,0.442194,concentrate
1.46565,1.660371,0.943841,0.695923,0.496187,1.440385,4.937626,0.494086,0.288398,0.152138,0.783392,2.484133,0.322796,0.341558,0.11409,1.503517,4.32125,0.469562,0.248387,0.180836,2.038456,6.779874,0.302885,0.334188,0.223419,2.324128,1.442153,0.352175,0.596977,0.307943,1.490172,5.458407,0.409134,0.222023,0.148736,7.149704,3.56398,0.382092,1.057349,0.471242,concentrate
1.764944,1.509251,1.101964,0.692954,0.516574,1.29047,3.979417,0.479539,0.276061,0.153494,0.773889,2.035067,0.334555,0.384257,0.10932,1.32198,3.544202,0.453121,0.249881,0.166858,2.177707,6.735261,0.337936,0.42548,0.255376,2.478081,1.417192,0.377992,0.621188,0.29559,1.472412,4.925972,0.476004,0.275805,0.154964,7.646205,3.847834,0.440468,1.141379,0.537188,concentrate
2.102852,1.303114,1.169123,0.689009,0.532724,1.130401,2.920168,0.436846,0.268056,0.152798,0.761965,1.5087,0.328735,0.40695,0.107466,1.12121,2.659614,0.404258,0.247563,0.154815,2.201845,6.585033,0.42651,0.515146,0.284727,2.509249,1.411784,0.422418,0.637355,0.277834,1.415581,4.398942,0.57607,0.333216,0.164857,8.08975,3.934709,0.555658,1.161483,0.6241,concentrate
2.477647,1.111713,1.127095,0.707764,0.533137,1.014208,2.004214,0.375047,0.265803,0.152321,0.776944,1.037724,0.302771,0.4073,0.107538,0.980535,1.888534,0.334532,0.242956,0.148627,2.083773,6.296485,0.566538,0.583784,0.303634,2.379179,1.439767,0.474584,0.64735,0.254504,1.322472,3.923542,0.696633,0.381321,0.177126,8.205683,3.842631,0.712541,1.121485,0.703782,concentrate
2.881963,0.983975,0.992183,0.766226,0.515126,0.959082,1.413585,0.312887,0.268418,0.154343,0.848462,0.71963,0.264123,0.390947,0.109788,0.947329,1.392668,0.265138,0.239561,0.150879,1.886945,5.847609,0.752677,0.617608,0.307349,2.133131,1.491547,0.523605,0.65385,0.228856,1.215472,3.514687,0.828322,0.408201,0.190122,7.806244,3.658315,0.884519,1.038042,0.750679,concentrate
3.366063,0.952709,0.808136,0.862814,0.487794,0.955319,1.201983,0.264756,0.27445,0.158648,1.00936,0.603376,0.224874,0.366167,0.113795,1.025483,1.214961,0.214487,0.240144,0.160133,1.737861,5.309398,0.957922,0.613722,0.297178,1.919845,1.577093,0.554974,0.659471,0.206216,1.133417,3.200779,0.946645,0.409899,0.20386,6.950264,3.520597,1.038325,0.938458,0.757974,concentrate
3.938749,1.072991,0.641104,0.979433,0.472001,0.975962,1.310489,0.244792,0.285749,0.162501,1.288145,0.71677,0.203584,0.341503,0.117632,1.186544,1.313113,0.198791,0.246731,0.171669,1.774782,4.835894,1.156137,0.586783,0.279996,1.965416,1.768285,0.577739,0.666993,0.191098,1.10595,3.024636,1.025049,0.399389,0.220031,6.009487,3.604797,1.184098,0.853173,0.737556,concentrate
4.964288,1.454988,0.542605,1.095958,0.489919,1.005684,1.613696,0.261658,0.307086,0.162894,1.673296,1.056926,0.2103,0.32358,0.11944,1.379246,1.597786,0.22253,0.259887,0.180545,2.088753,4.585788,1.332101,0.559659,0.265007,2.486097,2.125089,0.605723,0.679599,0.185492,1.153676,3.030225,1.057856,0.401112,0.240101,5.533279,4.007139,1.355964,0.809042,0.712952,concentrate
6.841903,2.236542,0.533247,1.203943,0.548258,1.006642,2.02714,0.310186,0.341977,0.159174,2.092836,1.605297,0.240727,0.315376,0.119232,1.524071,2.006976,0.273439,0.277602,0.184292,2.727304,4.684474,1.471453,0.554515,0.259431,3.546901,2.647603,0.650444,0.703498,0.188658,1.314075,3.253809,1.060777,0.439389,0.264084,5.98526,4.709692,1.586687,0.820894,0.708145,concentrate
9.578711,3.453594,0.609757,1.296753,0.632401,0.98153,2.552768,0.38593,0.386033,0.153441,2.472649,2.325042,0.287176,0.314703,0.119043,1.588172,2.542505,0.338021,0.293931,0.183887,3.634965,5.158677,1.569054,0.579047,0.264081,4.990944,3.267411,0.729205,0.739224,0.198379,1.607543,3.698402,1.056517,0.520023,0.289165,7.590069,5.632433,1.923223,0.884747,0.743397,concentrate
12.948608,4.9791,0.762749,1.364857,0.710877,0.997519,3.197816,0.480532,0.431272,0.148454,2.795267,3.117555,0.341092,0.318162,0.122018,1.609035,3.196684,0.405264,0.306247,0.182456,4.624537,5.893913,1.629938,0.620748,0.272322,6.476062,3.84364,0.847472,0.778106,0.212393,2.020752,4.307081,1.064391,0.622356,0.309298,10.246422,6.596024,2.400447,0.978105,0.82694,concentrate
16.106855,6.495395,0.957794,1.398029,0.74846,1.145187,3.908345,0.584665,0.471745,0.145378,3.104686,3.823299,0.395248,0.323384,0.129851,1.687774,3.883821,0.469518,0.316156,0.181927,5.473035,6.664093,1.64244,0.656752,0.274144,7.667138,4.218366,0.986621,0.806568,0.229198,2.529251,4.95224,1.077513,0.710215,0.31703,13.604527,7.384936,2.956835,1.076266,0.951688,concentrate
18.462376,7.615265,1.171064,1.394297,0.722663,1.503989,4.574705,0.686268,0.507911,0.143701,3.458968,4.263933,0.454151,0.330266,0.141361,1.904209,4.459128,0.529588,0.329306,0.182147,6.015016,7.219827,1.577759,0.667713,0.26197,8.354498,4.293236,1.1214,0.814157,0.245944,3.093688,5.478147,1.062266,0.74985,0.306646,17.051542,7.855655,3.455899,1.15968,1.092781,concentrate
19.025047,8.041079,1.368998,1.360375,0.634686,2.042763,5.115175,0.766761,0.542302,0.141595,3.855326,4.341779,0.523437,0.339329,0.152933,2.285414,4.818033,0.581232,0.350462,0.180646,6.181078,7.383221,1.436677,0.649723,0.235597,8.457661,4.053375,1.234181,0.803682,0.259648,3.623479,5.760094,0.996324,0.728091,0.278167,19.71431,7.925745,3.760938,1.216291,1.215326,concentrate
17.888504,7.69053,1.511905,1.300674,0.510554,2.686245,5.515859,0.816465,0.574199,0.137273,4.21499,4.075272,0.597921,0.348645,0.160331,2.758147,4.941198,0.620839,0.378858,0.174391,5.977646,7.080791,1.237223,0.611113,0.201361,8.029551,3.592327,1.302936,0.785813,0.26812,4.005935,5.731191,0.873387,0.657601,0.237762,20.856995,7.616368,3.758166,1.234856,1.285322,concentrate
15.005527,6.709581,1.552155,1.218176,0.391523,3.244724,5.818468,0.827077,0.599935,0.130067,4.394258,3.570632,0.664821,0.354026,0.160733,3.177448,4.890011,0.643793,0.408342,0.162319,5.437551,6.379214,1.002548,0.569355,0.170452,7.23321,3.046353,1.305149,0.773898,0.27134,4.114862,5.414171,0.705507,0.571776,0.195722,20.164135,6.988798,3.419171,1.215853,1.283207,concentrate
11.463247,5.41691,1.475086,1.118272,0.317558,3.554513,6.093182,0.79097,0.61212,0.12137,4.272157,2.982495,0.7041,0.351334,0.154145,3.369292,4.782274,0.637921,0.428743,0.146807,4.661507,5.482508,0.775004,0.541338,0.153105,6.309635,2.545472,1.242546,0.777356,0.269819,3.902311,4.919759,0.526853,0.505514,0.162051,17.938053,6.121048,2.837441,1.183536,1.210848,concentrate
7.837571,4.128293,1.297025,1.006814,0.309686,3.490351,6.382769,0.71449,0.6022,0.114454,3.822264,2.451668,0.701734,0.339177,0.143352,3.233453,4.725912,0.599337,0.431827,0.132263,3.781071,4.617847,0.595016,0.533612,0.153668,5.462655,2.160475,1.128641,0.792892,0.265139,3.431752,4.381052,0.376687,0.476768,0.142744,14.947296,5.093347,2.172866,1.165019,1.089395,concentrate
5.214294,3.04283,1.071116,0.894623,0.360144,3.101831,6.650754,0.605783,0.566788,0.112613,3.138498,2.04638,0.656205,0.322084,0.13231,2.801447,4.751299,0.531821,0.416478,0.122408,2.92242,3.945615,0.486884,0.543439,0.170306,4.774438,1.890996,0.992121,0.806588,0.260552,2.839868,3.905054,0.285385,0.483879,0.140228,12.087383,3.998462,1.577468,1.175633,0.951164,concentrate
3.580978,2.20459,0.874224,0.800832,0.438694,2.512197,6.811754,0.48503,0.512812,0.117056,2.391344,1.777757,0.584052,0.309167,0.123807,2.205713,4.820956,0.453472,0.389676,0.118586,2.174757,3.540232,0.447596,0.562988,0.19762,4.245816,1.700525,0.863301,0.804194,0.259901,2.279563,3.556467,0.255274,0.512901,0.154606,10.000441,2.955616,1.153319,1.216524,0.824041,concentrate
2.843974,1.622287,0.790358,0.749559,0.510624,1.888811,6.828603,0.400092,0.455624,0.1259,1.740771,1.649449,0.522815,0.308228,0.118585,1.612821,4.896812,0.402616,0.363117,0.120136,1.616309,3.424082,0.455857,0.583656,0.228495,3.82519,1.565999,0.766666,0.778,0.264348,1.876155,3.384772,0.273259,0.544809,0.182867,8.817452,2.134498,0.92657,1.27126,0.721465,concentrate
2.543998,1.340228,0.870895,0.761449,0.55143,1.383467,6.777785,0.404501,0.414522,0.135098,1.268648,1.688981,0.507892,0.323334,0.116058,1.157234,5.00397,0.417986,0.349133,0.125106,1.239339,3.590917,0.493423,0.604709,0.255076,3.414319,1.465097,0.72143,0.733513,0.271804,1.620954,3.421895,0.324402,0.567742,0.218271,8.219265,1.709245,0.855069,1.312835,0.640497,concentrate
2.619013,1.442352,1.093787,0.838157,0.554814,1.087723,6.819818,0.515373,0.40077,0.141313,0.971193,1.925051,0.546053,0.350466,0.116019,0.903377,5.216969,0.507766,0.352711,0.131418,1.044454,4.026614,0.540021,0.631827,0.272747,3.020446,1.381627,0.721931,0.686667,0.278824,1.457231,3.680691,0.390455,0.578847,0.252334,7.814659,1.751644,0.866095,1.321633,0.575118,concentrate
2.80944,1.990297,1.359426,0.952586,0.531131,1.031539,7.062016,0.709902,0.410454,0.143794,0.791799,2.331965,0.613175,0.378535,0.118967,0.846761,5.567145,0.64642,0.367557,0.137687,0.975288,4.684529,0.572191,0.667717,0.280698,2.627546,1.316751,0.738635,0.652532,0.282862,1.290329,4.129018,0.452162,0.579729,0.277613,7.208134,2.226841,0.895759,1.289996,0.529853,concentrate
3.566968,2.850869,1.569865,1.056946,0.499319,1.197189,7.460326,0.933959,0.431623,0.144276,0.698075,2.814111,0.67542,0.394904,0.124966,0.949701,5.985974,0.790027,0.381302,0.1432,1.030629,5.39481,0.570083,0.705302,0.279647,2.321225,1.247322,0.738761,0.636157,0.282539,1.123762,4.612806,0.486318,0.570475,0.289033,6.231697,2.918908,0.928221,1.225868,0.522826,concentrate
5.093461,3.762789,1.670413,1.103449,0.478168,1.551424,7.832255,1.121908,0.455749,0.146686,0.695789,3.245777,0.707186,0.391861,0.134143,1.163753,6.325725,0.895131,0.383929,0.148981,1.220343,5.933169,0.531549,0.727764,0.270516,2.178881,1.161476,0.709603,0.627895,0.27677,1.028251,4.936384,0.481323,0.548902,0.284615,5.022993,3.531601,0.96371,1.148903,0.572984,concentrate
7.149933,4.447297,1.631152,1.067727,0.476209,2.036202,7.947184,1.216552,0.478508,0.154644,0.805026,3.51689,0.695774,0.36773,0.145993,1.437595,6.421339,0.929604,0.371116,0.15665,1.550377,6.114269,0.460195,0.715947,0.254234,2.237132,1.091081,0.65393,0.61072,0.264676,1.076053,4.967458,0.436888,0.513377,0.265627,3.961041,3.85974,0.989104,1.071224,0.680969,concentrate
9.657569,4.704694,1.487414,0.959743,0.487967,2.549764,7.649261,1.196684,0.497177,0.169033,1.004357,3.571222,0.651319,0.327092,0.158719,1.706917,6.177361,0.888687,0.345758,0.166887,1.977624,5.848746,0.369186,0.66441,0.232772,2.429849,1.070052,0.587088,0.577018,0.246472,1.26539,4.676908,0.36722,0.468345,0.23665,3.338572,3.847054,0.998091,1.008166,0.830225,concentrate
11.37233,4.480941,1.287926,0.810496,0.499173,2.980127,6.951799,1.087296,0.512166,0.187074,1.235186,3.438428,0.594268,0.279627,0.169426,1.907354,5.627303,0.797123,0.317484,0.178519,2.440959,5.195159,0.27879,0.586123,0.20955,2.662227,1.118756,0.523255,0.530217,0.224812,1.569064,4.1451,0.295892,0.423272,0.204359,3.364942,3.57002,0.983368,0.982236,0.997639,concentrate
12.164577,3.914476,1.10918,0.658837,0.497962,3.172757,5.97609,0.93536,0.522065,0.203329,1.404568,3.199747,0.541386,0.235992,0.174879,1.969586,4.87822,0.690816,0.295412,0.188513,2.896418,4.333494,0.224776,0.507587,0.188384,2.861677,1.256928,0.484724,0.479149,0.204929,1.931809,3.520179,0.258782,0.38928,0.175761,4.054848,3.211535,0.939518,1.016859,1.162929,concentrate
11.429726,3.236777,1.013726,0.539133,0.484545,3.074778,4.886849,0.78448,0.521664,0.212729,1.453347,2.932788,0.499798,0.203745,0.173583,1.862806,4.053789,0.599476,0.283238,0.193675,3.299702,3.460121,0.235248,0.453128,0.171617,2.997535,1.473304,0.4978,0.432155,0.192983,2.317149,2.927858,0.286952,0.370384,0.155465,5.181562,2.955221,0.876572,1.110595,1.310454,concentrate
9.677776,2.650853,1.035597,0.470335,0.469286,2.719533,3.832641,0.675778,0.50579,0.21376,1.381264,2.671904,0.472564,0.186687,0.167099,1.625171,3.252316,0.545778,0.279767,0.19223,3.690952,2.723204,0.318044,0.431878,0.159901,3.086865,1.730312,0.572985,0.393879,0.194024,2.758297,2.42657,0.391479,0.360129,0.144294,6.397556,2.881359,0.828082,1.226489,1.429391,concentrate
7.399491,2.239047,1.161069,0.4525,0.46274,2.313783,2.953942,0.626484,0.472438,0.208252,1.273856,2.416518,0.457375,0.185129,0.158501,1.384867,2.565835,0.535191,0.279965,0.183907,4.100035,2.167543,0.454578,0.437524,0.153112,3.141051,1.959604,0.688115,0.3675,0.210296,3.296362,2.008256,0.555746,0.350204,0.140696,7.359677,2.964056,0.832977,1.308741,1.517262,concentrate
5.465611,1.985339,1.349001,0.476504,0.46839,2.064455,2.348847,0.621188,0.4253,0.199677,1.255294,2.155912,0.447425,0.196378,0.151041,1.29707,2.070115,0.548571,0.277739,0.170106,4.489817,1.76259,0.599633,0.453013,0.150235,3.173765,2.119802,0.811484,0.358843,0.238951,3.901363,1.640074,0.733899,0.336167,0.141831,7.834729,3.054302,0.916252,1.325986,1.579969,concentrate
4.33767,1.841863,1.550084,0.531402,0.482389,2.088549,2.042886,0.648303,0.374334,0.191951,1.401602,1.912515,0.451125,0.217097,0.147537,1.418858,1.804362,0.575128,0.270972,0.154308,4.743928,1.465859,0.710204,0.463489,0.151002,3.172852,2.289223,0.918451,0.378986,0.272292,4.432731,1.320243,0.879262,0.321653,0.145095,7.821134,3.095257,1.080534,1.279692,1.62149,concentrate
4.147619,1.800063,1.710684,0.612496,0.498388,2.336807,2.010631,0.708781,0.332724,0.187288,1.710829,1.739393,0.476542,0.24322,0.150446,1.72359,1.778843,0.615289,0.26147,0.140248,4.720994,1.294747,0.760779,0.464713,0.157924,3.10342,2.624448,0.979542,0.436926,0.303818,4.689807,1.087217,0.956658,0.31646,0.15048,7.528852,3.122225,1.280702,1.199484,1.638416,concentrate
4.915553,1.873141,1.779408,0.735937,0.514821,2.69939,2.183966,0.790415,0.312508,0.186426,2.149702,1.681742,0.516665,0.27074,0.161772,2.151244,1.958704,0.661383,0.254908,0.131151,4.368896,1.305905,0.745894,0.467746,0.176057,2.971076,3.227356,0.976373,0.533338,0.332036,4.538952,0.978612,0.946188,0.331997,0.160632,7.342618,3.175277,1.433578,1.135954,1.620219,concentrate
6.282748,2.090755,1.744022,0.924869,0.534559,3.096472,2.422294,0.871153,0.318319,0.187871,2.687908,1.738172,0.566719,0.29758,0.180274,2.665286,2.224985,0.700299,0.256368,0.128152,3.803576,1.539311,0.684131,0.484841,0.206208,2.85504,4.112234,0.932325,0.655773,0.355934,4.017092,1.011973,0.857754,0.372781,0.176595,7.592296,3.359931,1.485215,1.135708,1.556481,concentrate
7.898247,2.433926,1.640381,1.19278,0.561035,3.430873,2.539858,0.946375,0.350222,0.188291,3.255971,1.845946,0.626664,0.32541,0.200927,3.18801,2.399446,0.73492,0.271019,0.130299,3.262456,1.965279,0.62476,0.524103,0.243454,2.848883,5.182468,0.893712,0.783705,0.371405,3.318325,1.163626,0.737288,0.435176,0.195825,8.510272,3.704602,1.430516,1.216247,1.447472,concentrate
9.354209,2.812689,1.521416,1.521518,0.594631,3.679682,2.420287,1.027419,0.404242,0.184855,3.777671,1.911731,0.701471,0.356617,0.217442,3.658927,2.344629,0.786232,0.30088,0.135182,2.924909,2.462351,0.612723,0.587774,0.279655,2.966863,6.224641,0.891875,0.89797,0.375123,2.668621,1.35711,0.636104,0.511317,0.212936,10.057193,4.146472,1.295991,1.356732,1.304099,concentrate
10.24417,3.11393,1.43603,1.852257,0.633702,3.815797,2.102826,1.125141,0.471741,0.176895,4.133161,1.885314,0.797466,0.392507,0.224454,3.969018,2.060425,0.877602,0.342998,0.140257,2.835773,2.874393,0.664155,0.66817,0.305714,3.125193,6.991284,0.933404,0.988933,0.365681,2.20803,1.51858,0.586589,0.589302,0.221087,11.825429,4.54204,1.128683,1.513536,1.145926,concentrate
10.28808,3.260378,1.393617,2.099153,0.674431,3.805781,1.738822,1.241306,0.537341,0.165462,4.218629,1.788391,0.910537,0.431137,0.219384,4.025258,1.675809,1.013842,0.389176,0.143242,2.888855,3.078775,0.772664,0.75105,0.314759,3.19193,7.289018,0.996725,1.056857,0.343506,1.947438,1.606471,0.600516,0.656926,0.215168,13.253347,4.732228,0.987678,1.641088,0.995366,concentrate
9.382936,3.211434,1.35646,2.181581,0.710951,3.588847,1.490828,1.343025,0.580442,0.152033,3.969671,1.684859,1.007045,0.464219,0.20315,3.756149,1.360473,1.15781,0.425359,0.142341,2.901319,3.027003,0.89891,0.818395,0.304482,3.050028,7.058279,1.040372,1.102036,0.311807,1.785386,1.607184,0.650648,0.702016,0.194735,13.855371,4.607689,0.900213,1.708687,0.871062,concentrate
7.76251,2.995883,1.263836,2.06392,0.734436,3.165351,1.465294,1.374187,0.584951,0.13802,3.433134,1.639645,1.042558,0.480519,0.180092,3.200385,1.249117,1.24809,0.437225,0.137191,2.784553,2.774659,0.985583,0.854178,0.277514,2.72148,6.373453,1.024764,1.119,0.275501,1.648383,1.567427,0.687811,0.714624,0.164813,13.508366,4.174895,0.84972,1.697435,0.780741,concentrate
5.884076,2.695385,1.107621,1.779518,0.736097,2.59671,1.684044,1.302264,0.546251,0.124137,2.751004,1.696992,1.001779,0.471088,0.156179,2.488985,1.393164,1.243274,0.416242,0.128743,2.566237,2.477846,1.002939,0.851063,0.241002,2.331827,5.412303,0.956517,1.097701,0.239244,1.526447,1.587133,0.676971,0.690869,0.13444,12.54052,3.610886,0.831781,1.617358,0.7218,concentrate
4.235364,2.377247,0.921272,1.416705,0.712977,2.024542,2.068414,1.134507,0.474977,0.110197,2.108179,1.844178,0.893933,0.435105,0.136146,1.803751,1.730993,1.130955,0.364547,0.118103,2.365466,2.327934,0.951018,0.813032,0.203619,2.042656,4.38305,0.873452,1.032051,0.206772,1.465226,1.780679,0.605241,0.635224,0.111937,11.549832,3.16878,0.848704,1.503055,0.68426,concentrate
3.167723,2.082692,0.734514,1.070853,0.668378,1.562662,2.481851,0.911572,0.390048,0.095871,1.634848,2.018933,0.746806,0.380263,0.122185,1.28716,2.126693,0.934204,0.293317,0.106044,2.262468,2.453738,0.856981,0.754566,0.172578,1.933775,3.458862,0.812309,0.92812,0.182077,1.502758,2.207847,0.491387,0.560013,0.100943,11.009854,3.037271,0.884988,1.402948,0.659808,concentrate
2.668451,1.839487,0.586702,0.80713,0.611801,1.271515,2.797684,0.699005,0.312847,0.081475,1.370482,2.151179,0.606824,0.320758,0.113688,0.99084,2.453279,0.711221,0.220629,0.093059,2.273723,2.85242,0.77995,0.694042,0.150739,1.97819,2.728027,0.806911,0.804034,0.168427,1.634134,2.815612,0.394772,0.482385,0.100166,10.956307,3.233547,0.939488,1.358934,0.649979,concentrate
2.5956,1.662809,0.508974,0.641792,0.55476,1.134593,2.960642,0.560152,0.257253,0.068265,1.259519,2.218742,0.517862,0.270719,0.108291,0.879641,2.659199,0.527828,0.16395,0.079768,2.327666,3.385068,0.785925,0.645871,0.137922,2.070322,2.211457,0.876474,0.682869,0.167023,1.793086,3.437847,0.387403,0.417978,0.105656,10.968773,3.599618,1.018859,1.378634,0.658107,concentrate
2.620173,1.570527,0.496796,0.553562,0.506397,1.082102,2.983342,0.536291,0.225308,0.058296,1.19519,2.244696,0.500425,0.236955,0.103617,0.867998,2.763919,0.434484,0.133601,0.067327,2.320093,3.829134,0.926853,0.613974,0.133229,2.080276,1.876465,1.00333,0.582728,0.177103,1.882033,3.85477,0.516397,0.376766,0.113711,10.432654,3.906431,1.128777,1.438395,0.679198,concentrate
2.402751,1.562611,0.531944,0.511458,0.473624,1.053672,2.911821,0.617641,0.212025,0.053889,1.116112,2.256135,0.542186,0.217645,0.098244,0.896212,2.813214,0.435763,0.131165,0.057214,2.176915,3.982751,1.200153,0.590144,0.134253,1.950635,1.623856,1.135154,0.507634,0.193661,1.81457,3.897495,0.77328,0.35854,0.121639,8.933969,3.895798,1.245734,1.5001,0.698976,concentrate
2.07252,1.643605,0.593078,0.495035,0.457658,1.073309,2.802966,0.746806,0.209962,0.055687,1.052745,2.273374,0.61745,0.206176,0.091218,0.974588,2.840406,0.495586,0.150964,0.05048,1.965185,3.761083,1.552133,0.561559,0.137627,1.78375,1.363099,1.245955,0.450813,0.207954,1.652276,3.536697,1.094144,0.353614,0.127827,6.739228,3.485837,1.346704,1.530094,0.701327,concentrate
1.548584,1.858656,0.654774,0.504243,0.455566,1.203828,2.692582,0.852434,0.217517,0.062557,1.065666,2.317775,0.691016,0.198403,0.082456,1.126742,2.844105,0.561562,0.186601,0.047538,1.811604,3.226581,1.877895,0.519996,0.141104,1.735464,1.095552,1.316586,0.402975,0.213487,1.512119,2.88739,1.374775,0.349985,0.132307,4.667632,2.847793,1.393423,1.510621,0.680485,concentrate
1.396257,2.239945,0.69741,0.550449,0.463092,1.468723,2.61955,0.89317,0.243778,0.073218,1.186571,2.398727,0.736444,0.197553,0.073256,1.349394,2.816267,0.597349,0.237296,0.048613,1.801447,2.556184,2.072074,0.46611,0.145104,1.891736,0.884158,1.340538,0.363413,0.212031,1.493034,2.16613,1.522981,0.341105,0.136451,3.362457,2.252136,1.368925,1.439632,0.647954,concentrate
1.564114,2.782409,0.72611,0.642237,0.476938,1.813288,2.624174,0.87171,0.300017,0.087059,1.396852,2.517991,0.746108,0.211806,0.065997,1.594195,2.772991,0.59762,0.304941,0.054362,1.93656,1.980927,2.077334,0.41775,0.151512,2.219351,0.805222,1.315048,0.348056,0.211589,1.613058,1.61765,1.501023,0.332625,0.141853,3.073192,1.997964,1.278622,1.332701,0.628311,concentrate
2.076725,3.413088,0.74975,0.768939,0.496039,2.149663,2.714065,0.809511,0.387836,0.103523,1.638785,2.665346,0.725659,0.249884,0.063332,1.797631,2.743181,0.570551,0.385844,0.065736,2.14216,1.663152,1.904369,0.411662,0.161201,2.598958,0.879946,1.238284,0.390184,0.221092,1.826422,1.389917,1.336495,0.344532,0.148476,3.493326,2.186641,1.151253,1.225414,0.64335,concentrate
2.763824,4.031778,0.782483,0.9015,0.51568,2.34644,2.870741,0.729391,0.494957,0.121512,1.814954,2.822458,0.683428,0.313402,0.067149,1.877558,2.756002,0.528121,0.469236,0.082961,2.301774,1.665818,1.623255,0.482099,0.173463,2.89627,1.094986,1.11989,0.51922,0.245252,2.018316,1.504815,1.112731,0.40098,0.154881,4.080536,2.735429,1.02281,1.166345,0.696383,concentrate
3.340232,4.544167,0.841116,1.00548,0.527708,2.354794,3.041605,0.651126,0.596488,0.138573,1.885082,2.95726,0.631841,0.392975,0.077437,1.822515,2.810122,0.482125,0.53829,0.104409,2.352025,1.962263,1.339599,0.633427,0.185759,3.058246,1.45442,0.9923,0.732522,0.282119,2.108836,1.880124,0.930442,0.508595,0.158827,4.449957,3.486453,0.935562,1.193036,0.769906,concentrate
3.754986,4.88202,0.932928,1.061718,0.524462,2.201015,3.170485,0.588989,0.664133,0.152448,1.853292,3.048613,0.5852,0.47043,0.092998,1.670364,2.881892,0.442674,0.576207,0.126925,2.318937,2.477517,1.139897,0.832317,0.196869,3.117411,1.985019,0.882753,0.985846,0.324841,2.085492,2.384305,0.85032,0.648824,0.159581,4.645157,4.32008,0.908207,1.320233,0.834832,concentrate
4.132174,4.989082,1.040788,1.066468,0.503498,1.964023,3.191958,0.562259,0.677443,0.161142,1.771859,3.079487,0.56049,0.525512,0.111412,1.490346,2.921675,0.424632,0.572674,0.146055,2.26618,3.085016,1.059064,1.014212,0.207404,3.144037,2.664182,0.804906,1.205007,0.363053,1.990457,2.858279,0.87242,0.779613,0.158052,4.910369,5.081367,0.925439,1.528412,0.86521,concentrate
4.70626,4.833793,1.123555,1.029299,0.471943,1.721086,3.057338,0.566771,0.632278,0.163254,1.686813,3.032968,0.553997,0.543354,0.129259,1.337006,2.874565,0.425926,0.528268,0.157266,2.26218,3.62855,1.055324,1.120355,0.21844,3.231468,3.38519,0.743066,1.320773,0.386406,1.895705,3.155707,0.934831,0.858168,0.156407,5.525004,5.593525,0.93515,1.770215,0.857049,concentrate
5.59081,4.436518,1.13738,0.967279,0.444069,1.532664,2.790676,0.583369,0.539954,0.158796,1.623609,2.924476,0.553588,0.518182,0.142995,1.232704,2.734297,0.437534,0.453,0.158054,2.309903,3.97526,1.05402,1.119786,0.229059,3.402885,4.005954,0.671448,1.300784,0.388039,1.838602,3.192533,0.960123,0.857335,0.155835,6.626873,5.749432,0.884607,1.97863,0.831069,concentrate
6.719485,3.934651,1.086131,0.899554,0.436418,1.420363,2.492437,0.60658,0.42475,0.150407,1.576753,2.807437,0.5635,0.459817,0.151884,1.168904,2.55927,0.466187,0.364779,0.150227,2.377854,4.055935,1.007108,1.025991,0.238549,3.645516,4.420182,0.583984,1.16644,0.370438,1.831143,2.967176,0.90902,0.782107,0.15697,8.090716,5.599377,0.773076,2.092386,0.821605,concentrate
8.050112,3.511154,0.996942,0.847003,0.456101,1.374775,2.295341,0.617049,0.314918,0.142246,1.51968,2.737593,0.56886,0.388148,0.15721,1.127752,2.442476,0.496552,0.282139,0.138672,2.395702,3.873718,0.90827,0.886132,0.246476,3.842879,4.569165,0.490469,0.976636,0.343331,1.846175,2.551029,0.7901,0.665699,0.159627,9.467197,5.308338,0.625795,2.085437,0.855689,concentrate
9.502169,3.33767,0.923357,0.823911,0.496898,1.380743,2.28872,0.604358,0.231422,0.137897,1.437724,2.733324,0.560507,0.323945,0.161242,1.096524,2.454097,0.515295,0.218524,0.129259,2.286086,3.490971,0.787394,0.752088,0.252725,3.858904,4.446663,0.415305,0.796055,0.318856,1.823453,2.055182,0.642406,0.547932,0.162556,10.178459,5.030718,0.48848,1.975439,0.934769,concentrate
11.001892,3.454485,0.912433,0.834825,0.543057,1.390413,2.46701,0.572476,0.184956,0.139827,1.29393,2.760426,0.546447,0.28364,0.165735,1.044403,2.592278,0.522712,0.182133,0.125913,2.019253,3.02992,0.695233,0.656364,0.256862,3.603742,4.124485,0.392116,0.669097,0.305616,1.722805,1.60622,0.515257,0.459298,0.16426,9.818576,4.862694,0.419999,1.80443,1.030019,concentrate
12.03622,3.728345,0.958791,0.872892,0.575399,1.386577,2.720602,0.524142,0.174878,0.148944,1.078777,2.742509,0.531287,0.271667,0.171107,0.959092,2.772738,0.515754,0.17397,0.128991,1.623522,2.590154,0.669252,0.602371,0.259133,3.083435,3.688307,0.436734,0.604336,0.306352,1.564761,1.275095,0.438543,0.411038,0.164572,8.449091,4.776053,0.444938,1.612383,1.098166,concentrate
12.485372,3.918621,1.021431,0.92491,0.582434,1.371048,2.896302,0.462602,0.195271,0.16447,0.849562,2.610531,0.51292,0.282414,0.175662,0.874116,2.876055,0.490183,0.19139,0.135537,1.239009,2.265544,0.71233,0.574277,0.261335,2.477699,3.219986,0.532272,0.584889,0.317541,1.432125,1.099212,0.412776,0.400767,0.165167,6.584443,4.661161,0.536222,1.426225,1.107047,concentrate
12.03098,3.82932,1.041498,0.97244,0.563649,1.36328,2.88241,0.391586,0.240828,0.184019,0.692255,2.343122,0.483972,0.306848,0.176775,0.840897,2.811587,0.443262,0.231274,0.14153,1.022153,2.150865,0.800951,0.563027,0.264844,2.008509,2.773106,0.636967,0.596116,0.331689,1.407926,1.114804,0.420413,0.428461,0.167716,4.881865,4.421931,0.641499,1.262733,1.050408,concentrate
10.590854,3.41594,0.981882,0.994213,0.529071,1.35986,2.671817,0.317977,0.303041,0.204313,0.660264,1.986376,0.439408,0.339265,0.172866,0.878884,2.573566,0.378851,0.287173,0.144853,1.052428,2.299845,0.895299,0.577091,0.269151,1.827916,2.354435,0.702451,0.640122,0.340925,1.51258,1.341429,0.443157,0.500869,0.173121,3.815037,4.049273,0.706167,1.140468,0.950141,concentrate
8.601563,2.774632,0.868598,0.979828,0.494918,1.33166,2.364968,0.273647,0.369858,0.221966,0.735631,1.632425,0.39653,0.377956,0.164356,0.953745,2.240793,0.328123,0.349172,0.146356,1.305025,2.689865,0.958024,0.629819,0.272324,1.971632,1.96613,0.709253,0.731257,0.340624,1.707851,1.749747,0.474457,0.620391,0.181819,3.604417,3.582002,0.706829,1.076795,0.843269,concentrate
6.793858,2.1447,0.827889,0.949488,0.475862,1.281339,2.10891,0.312951,0.427428,0.233969,0.875924,1.375679,0.417025,0.424724,0.152777,1.041862,1.932258,0.348105,0.406127,0.148217,1.682781,3.205325,0.978523,0.71807,0.272449,2.351596,1.660499,0.716544,0.875192,0.330312,1.931255,2.247409,0.521209,0.770705,0.193688,4.367379,3.146729,0.674874,1.07578,0.764324,concentrate
5.780764,1.753833,1.009646,0.935869,0.479958,1.27126,2.02024,0.473192,0.463036,0.239118,1.044882,1.273925,0.563634,0.478347,0.140906,1.121536,1.753876,0.480439,0.447855,0.152597,2.11947,3.714427,0.969574,0.817279,0.26912,2.833131,1.552893,0.816026,1.053409,0.312341,2.148439,2.725482,0.589321,0.917848,0.208367,5.911657,2.918554,0.674428,1.12296,0.732103,concentrate
5.771439,1.690097,1.478093,0.963183,0.506433,1.412417,2.119534,0.745393,0.470726,0.239106,1.240637,1.314972,0.856985,0.530873,0.132763,1.227726,1.741498,0.720564,0.468492,0.160767,2.62836,4.113095,0.958157,0.892877,0.263882,3.368767,1.7645,1.07033,1.22357,0.28997,2.397201,3.077762,0.674767,1.023825,0.225386,7.840861,2.962987,0.765488,1.190513,0.746978,concentrate
6.674404,1.880097,2.153924,1.040508,0.546647,1.857158,2.332492,1.071268,0.45424,0.23688,1.506147,1.442115,1.248487,0.570023,0.13146,1.45427,1.849548,1.013123,0.467605,0.171995,3.286195,4.400895,0.949152,0.915275,0.257993,4.010046,2.346192,1.45084,1.33385,0.266486,2.753502,3.266722,0.758911,1.061595,0.242863,9.717487,3.217615,0.963198,1.243837,0.792002,concentrate
8.338093,2.157434,2.832295,1.151242,0.58867,2.704168,2.542283,1.360796,0.42336,0.234907,1.900037,1.604959,1.630044,0.582001,0.137191,1.911809,1.986075,1.270423,0.44872,0.183879,4.261937,4.728606,0.929134,0.875062,0.251097,4.836903,3.252539,1.843365,1.343913,0.24527,3.387521,3.371229,0.81767,1.025303,0.256726,11.113189,3.561078,1.215477,1.244723,0.839682,concentrate
10.102849,2.358595,3.278455,1.267273,0.620785,3.907089,2.624812,1.520965,0.388494,0.234244,2.45678,1.767644,1.876194,0.560364,0.14709,2.653675,2.046087,1.40441,0.417618,0.19379,5.643677,5.445251,0.877146,0.788769,0.242037,5.844925,4.397144,2.119266,1.24859,0.229721,4.43912,3.639583,0.832759,0.932867,0.262118,11.747872,3.92348,1.438356,1.170369,0.864341,concentrate
11.92882,2.436912,3.310029,1.366911,0.632454,5.2264,2.523684,1.490268,0.357904,0.234449,3.109535,1.910724,1.887432,0.510113,0.156223,3.584714,1.971714,1.357344,0.38126,0.199511,7.354064,7.147816,0.787063,0.690685,0.229641,6.896398,5.732887,2.172448,1.082958,0.223243,5.882613,4.523545,0.813727,0.818619,0.255826,11.647297,4.38606,1.546892,1.029573,0.855147,concentrate
13.111947,2.480826,2.928113,1.434744,0.615449,6.327559,2.301287,1.278457,0.333263,0.23372,3.707401,2.036666,1.654856,0.44359,0.159294,4.488102,1.801252,1.143134,0.345053,0.199307,9.413047,10.537263,0.682376,0.611696,0.214723,7.976503,7.336429,1.996028,0.903578,0.22771,7.62773,6.583535,0.784474,0.714234,0.239323,11.335479,5.263104,1.504858,0.861897,0.818196,concentrate
13.597594,2.533269,2.277255,1.458515,0.569777,6.890532,2.050742,0.966843,0.312048,0.230938,4.059255,2.118923,1.263245,0.375134,0.153092,5.095274,1.608219,0.841922,0.311639,0.192349,11.891351,15.872691,0.617856,0.566432,0.199936,9.175079,9.258751,1.663532,0.766962,0.240569,9.5392,10.069522,0.776551,0.638119,0.217253,11.653182,6.893671,1.355325,0.717298,0.769028,concentrate
13.481689,2.580746,1.561444,1.433154,0.507281,6.74476,1.900192,0.651209,0.294297,0.226801,4.057325,2.134002,0.836241,0.317817,0.139115,5.21573,1.500316,0.545457,0.284573,0.179374,14.872701,22.515627,0.66501,0.553387,0.18896,10.591746,11.376747,1.302168,0.70784,0.255514,11.5496,14.586783,0.82857,0.592293,0.195868,13.213664,9.266616,1.188159,0.633475,0.726138,concentrate
12.773829,2.68521,0.979508,1.368335,0.448759,6.021155,2.15109,0.414637,0.282027,0.222552,3.728781,2.154724,0.491939,0.279654,0.123037,4.880018,1.723583,0.331174,0.268078,0.162377,18.120497,28.965153,0.85088,0.561748,0.184893,12.061205,13.309925,1.037433,0.723392,0.265401,13.50706,19.132818,0.949028,0.568847,0.180553,15.813866,11.925329,1.096359,0.621305,0.700685,concentrate
11.629907,2.995251,0.632537,1.284273,0.411352,5.075892,3.214168,0.307009,0.278026,0.218045,3.214445,2.331612,0.296497,0.263236,0.111385,4.308907,2.59075,0.239461,0.264819,0.144304,20.91913,33.412853,1.139096,0.583961,0.188314,13.167139,14.544699,0.966336,0.794829,0.266367,15.054125,22.498531,1.109237,0.560492,0.172591,18.641085,14.163355,1.140069,0.677149,0.692911,concentrate
10.237884,3.607019,0.509652,1.205046,0.400385,4.35258,5.367735,0.335035,0.283315,0.211616,2.725192,2.777482,0.259872,0.27072,0.108118,3.825611,4.282124,0.268526,0.274398,0.12857,22.279718,34.476116,1.476609,0.617863,0.196608,13.443243,14.665645,1.132335,0.910152,0.260333,15.697054,23.737436,1.28603,0.561216,0.169089,20.600058,15.30806,1.326932,0.795853,0.696229,concentrate
9.047724,4.514544,0.539175,1.156564,0.410915,4.188636,8.464577,0.475348,0.295971,0.201609,2.433506,3.494741,0.357185,0.306332,0.1127,3.69657,6.653886,0.392834,0.293682,0.118498,21.490992,31.845085,1.774948,0.661716,0.206147,12.773752,13.671156,1.511424,1.07344,0.25336,15.050037,22.552864,1.440158,0.565913,0.165896,21.003874,15.072339,1.599856,0.963557,0.704434,concentrate
8.416563,5.511077,0.646819,1.161613,0.432993,4.624463,11.82046,0.680188,0.309047,0.188039,2.378727,4.324474,0.552991,0.369641,0.120949,3.969124,9.178655,0.576048,0.314864,0.116145,18.7346,26.451223,1.953874,0.701377,0.21497,11.463513,11.940252,2.016332,1.289664,0.251217,13.215128,19.454073,1.533705,0.563347,0.160463,20.061049,13.648989,1.868643,1.153915,0.719809,concentrate
8.128908,6.241322,0.798372,1.219913,0.457336,5.341748,14.380183,0.896676,0.313423,0.172843,2.439401,4.969589,0.809404,0.445974,0.127766,4.411876,11.074168,0.779185,0.326801,0.121158,14.846213,19.936682,1.9718,0.718302,0.22468,9.921769,9.959696,2.522647,1.534822,0.255916,10.677488,15.427468,1.540995,0.542758,0.153052,18.222725,11.50305,2.040891,1.324979,0.752214,concentrate
7.678694,6.41488,0.966814,1.302871,0.477672,5.928472,15.288684,1.074105,0.304919,0.159388,2.451576,5.185126,1.071365,0.512613,0.129578,4.713014,11.727775,0.958505,0.322583,0.130556,10.964661,13.905902,1.840707,0.697841,0.238739,8.595402,8.164483,2.891439,1.755274,0.265174,8.128507,11.467908,1.452892,0.499913,0.146756,16.109245,9.186852,2.058971,1.435944,0.810381,concentrate
6.9599,5.937085,1.106231,1.368882,0.489919,6.068711,14.279509,1.16593,0.286094,0.15118,2.311427,4.878044,1.268757,0.550414,0.125221,4.650614,10.969587,1.069572,0.30274,0.139413,8.0913,9.296081,1.612545,0.639418,0.25825,7.827155,6.793861,3.010781,1.884779,0.274557,6.187361,8.194588,1.282417,0.440501,0.145375,14.318073,7.144223,1.906494,1.46098,0.890195,concentrate
5.938373,4.981045,1.172899,1.382209,0.492648,5.685286,11.843067,1.152306,0.262975,0.150754,2.01231,4.184845,1.342432,0.546389,0.115769,4.201433,9.186707,1.086768,0.271035,0.143056,6.558399,6.282226,1.358129,0.555372,0.279236,7.571552,5.89304,2.835454,1.870684,0.279432,5.071061,5.799154,1.067174,0.374928,0.150682,12.966894,5.608797,1.635403,1.395753,0.970605,concentrate
4.836726,3.846642,1.15401,1.334356,0.487161,4.874588,8.913871,1.046725,0.246902,0.159827,1.628416,3.355563,1.272704,0.502192,0.10455,3.480879,7.069782,1.011234,0.235662,0.140307,6.045178,4.465878,1.1536,0.469263,0.294394,7.476634,5.302246,2.418009,1.706951,0.279132,4.599273,4.120803,0.882386,0.318078,0.161568,11.806957,4.525064,1.35093,1.26294,1.022471,concentrate
3.889726,2.821054,1.061336,1.252936,0.474327,3.86388,6.42084,0.882933,0.253183,0.178674,1.258148,2.61805,1.085141,0.435547,0.096053,2.698264,5.284353,0.865786,0.209453,0.134447,5.831334,3.364758,1.049956,0.41027,0.298963,7.164598,4.808832,1.876482,1.446394,0.279299,4.340413,2.941858,0.798824,0.286952,0.17526,10.513782,3.715069,1.148242,1.107453,1.028876,concentrate
3.541907,2.123206,0.919187,1.178062,0.454174,2.930865,4.901101,0.704085,0.294116,0.205982,0.999113,2.102264,0.834134,0.370638,0.094458,2.061313,4.19789,0.6863,0.204944,0.131238,5.403155,2.674568,1.060233,0.394791,0.293226,6.574022,4.332608,1.34294,1.17053,0.288191,3.964923,2.138898,0.848431,0.28912,0.188175,9.071486,3.114836,1.060476,0.97376,0.997283,concentrate
3.646576,1.940457,0.785022,1.1296,0.42933,2.293666,4.329636,0.561694,0.373167,0.238232,0.906052,1.85245,0.597288,0.328094,0.101442,1.702588,3.774867,0.523924,0.229579,0.135361,4.719188,2.345804,1.136144,0.411814,0.281086,5.937199,4.123648,0.9277,0.946503,0.309916,3.404978,1.719962,0.999837,0.313932,0.196856,7.682919,2.951156,1.068069,0.88345,0.953141,concentrate
4.03809,2.487772,0.713202,1.100936,0.406315,1.955469,4.270124,0.48456,0.480713,0.269516,0.959878,1.87967,0.43835,0.319463,0.11532,1.576781,3.69515,0.416946,0.282483,0.147502,4.105603,2.365444,1.234474,0.436448,0.267112,5.524884,4.620463,0.712254,0.807977,0.340369,2.870008,1.641967,1.187178,0.342406,0.198579,6.692557,3.646076,1.145403,0.839963,0.923462,concentrate
4.304664,3.979338,0.724202,1.073166,0.394744,1.761051,4.244276,0.461945,0.594058,0.292952,1.060841,2.239906,0.379669,0.343332,0.132812,1.518065,3.634588,0.36885,0.35297,0.164168,3.777089,2.696519,1.343312,0.45062,0.255071,5.400584,6.149632,0.715958,0.751596,0.370823,2.511883,1.816154,1.356534,0.363014,0.193394,6.249649,5.534692,1.272039,0.832511,0.920374,concentrate
4.189038,6.439269,0.820871,1.034511,0.403535,1.598263,4.059661,0.483021,0.683962,0.30382,1.120534,3.009862,0.412162,0.386529,0.150631,1.414174,3.502086,0.377189,0.421463,0.179954,3.692504,3.204924,1.451647,0.450431,0.246859,5.369495,8.643601,0.901293,0.751551,0.39279,2.313267,2.120581,1.469707,0.376234,0.184244,6.197582,8.571897,1.442997,0.838889,0.931546,concentrate
3.812084,9.52976,0.941533,0.99238,0.435281,1.488292,3.790145,0.515168,0.730681,0.302866,1.135798,4.157534,0.486335,0.433334,0.166036,1.292847,3.391456,0.410911,0.470122,0.190418,3.68324,3.69243,1.536744,0.449696,0.241273,5.183815,11.613556,1.185288,0.787822,0.400241,2.208436,2.41554,1.505783,0.397036,0.175053,6.252044,12.233922,1.635202,0.850197,0.930138,concentrate
3.348086,12.52121,1.024748,0.969223,0.486033,1.529916,3.566131,0.533441,0.729819,0.295242,1.159651,5.452815,0.550513,0.471573,0.177422,1.262692,3.402796,0.436977,0.491511,0.194373,3.509208,3.993228,1.561426,0.464916,0.235404,4.706162,14.261898,1.464933,0.846065,0.39042,2.073423,2.59285,1.466688,0.441835,0.169117,6.147154,15.610596,1.814416,0.867836,0.891078,concentrate
3.036925,14.558566,1.027178,0.987001,0.548288,1.747129,3.423425,0.531236,0.689677,0.285926,1.23781,6.530679,0.571645,0.49342,0.183688,1.380612,3.526684,0.437738,0.488541,0.192982,3.055763,4.022042,1.503961,0.498939,0.226951,4.017301,15.762454,1.642108,0.904212,0.363905,1.826015,2.603182,1.377866,0.511969,0.167872,5.772304,17.704397,1.930983,0.891959,0.811806,concentrate
3.059646,15.011916,0.947344,1.057917,0.611803,2.10957,3.310951,0.513846,0.624562,0.276662,1.375649,7.04532,0.543441,0.495564,0.183989,1.636695,3.658215,0.409485,0.469916,0.187704,2.413604,3.78369,1.365037,0.538885,0.215061,3.299863,15.58741,1.667468,0.938709,0.325705,1.516131,2.466914,1.263661,0.589962,0.169595,5.329222,17.868305,1.948873,0.918626,0.716748,concentrate
3.256437,13.760592,0.821307,1.173789,0.66498,2.474724,3.143314,0.490582,0.547181,0.265957,1.510615,6.827471,0.48389,0.478744,0.178321,1.919176,3.664587,0.361974,0.444237,0.179668,1.755189,3.373073,1.170355,0.56502,0.201714,2.689446,13.776693,1.553044,0.934262,0.284404,1.234742,2.25281,1.133458,0.647216,0.170882,5.122561,16.054222,1.843903,0.944955,0.645091,concentrate
3.44221,11.259952,0.678995,1.304545,0.696594,2.716856,2.875606,0.467405,0.465909,0.250875,1.57779,5.956854,0.418154,0.44669,0.16778,2.101032,3.473579,0.310067,0.416936,0.169565,1.262126,2.931625,0.959794,0.561959,0.190533,2.260297,10.928251,1.346718,0.89167,0.248564,1.081001,2.042631,0.986483,0.657665,0.168884,5.389942,12.892607,1.612347,0.969059,0.627507,concentrate
3.599205,8.325833,0.565803,1.411487,0.698451,2.771065,2.528648,0.44381,0.385579,0.230114,1.549879,4.713963,0.366588,0.405791,0.155241,2.119143,3.112066,0.267739,0.389398,0.158123,1.01124,2.566869,0.769408,0.528804,0.18608,1.987696,7.897576,1.113808,0.82839,0.22423,1.095197,1.881068,0.819769,0.613818,0.163883,6.148441,9.38197,1.293066,0.988896,0.668977,concentrate
3.6422,5.730738,0.500456,1.457548,0.668791,2.692194,2.177355,0.416641,0.307773,0.205736,1.470958,3.456835,0.338675,0.362156,0.144616,2.009466,2.682945,0.242432,0.359411,0.146388,0.979224,2.321529,0.622659,0.476902,0.193741,1.820508,5.408684,0.900228,0.769234,0.214137,1.261591,1.772143,0.642327,0.530197,0.159947,7.238119,6.433123,0.957962,0.997434,0.751747,concentrate
3.628232,3.918966,0.477272,1.419414,0.613984,2.589299,1.878029,0.379333,0.238488,0.183581,1.455956,2.441908,0.328215,0.32096,0.13998,1.89038,2.281971,0.231574,0.327279,0.136439,1.084825,2.161188,0.528628,0.42421,0.216835,1.720995,3.779892,0.726408,0.736208,0.219047,1.50885,1.681013,0.477478,0.438259,0.163029,8.364347,4.476384,0.680034,0.985261,0.851617,concentrate
3.652475,2.943145,0.469949,1.294183,0.549022,2.722634,1.671561,0.332086,0.184556,0.169473,1.675433,1.771869,0.32306,0.285561,0.1425,1.958126,1.97478,0.229875,0.295316,0.129773,1.234753,2.002706,0.474967,0.388114,0.253719,1.669053,2.99711,0.595418,0.736565,0.23691,1.794714,1.559252,0.345755,0.369842,0.176555,9.228036,3.408786,0.5052,0.945012,0.95537,concentrate
4.110539,2.593173,0.490407,1.097517,0.496588,3.457865,1.558643,0.305803,0.150032,0.165496,2.285891,1.405184,0.317711,0.25727,0.149383,2.457639,1.768273,0.243498,0.266237,0.126552,1.305556,1.800811,0.450219,0.388333,0.296548,1.941451,3.0476,0.550969,0.774614,0.263008,2.109092,1.38622,0.272084,0.341503,0.198608,9.495433,2.879663,0.451037,0.882393,1.070817,concentrate
5.474562,2.606672,0.569107,0.862676,0.481326,4.885582,1.547267,0.349015,0.13399,0.168513,3.225965,1.263737,0.31701,0.236281,0.154892,3.376238,1.659565,0.286553,0.241682,0.125908,1.469867,1.570198,0.452056,0.441625,0.336313,3.323149,3.972737,0.641384,0.847157,0.293266,2.434308,1.178631,0.282881,0.353288,0.22566,9.255266,2.565465,0.499761,0.811285,1.212192,concentrate
8.609139,2.873621,0.770675,0.648525,0.521628,6.880057,1.642888,0.490174,0.129838,0.173717,4.308092,1.281533,0.323586,0.223802,0.153933,4.601202,1.646892,0.363295,0.222028,0.126505,1.794715,1.332651,0.482728,0.548962,0.366864,6.300491,5.682189,0.882094,0.951458,0.325057,2.724373,0.962393,0.39121,0.394921,0.255616,8.457673,2.282444,0.639821,0.753812,1.382085,concentrate
13.323092,3.390898,1.108768,0.512514,0.614147,8.856743,1.839619,0.715203,0.129669,0.178037,5.165563,1.436376,0.336609,0.222501,0.144973,5.682803,1.734998,0.464449,0.208787,0.127387,2.404315,1.135285,0.548781,0.690929,0.385518,10.591268,7.901505,1.236813,1.079075,0.355646,2.951494,0.766851,0.583071,0.451588,0.286157,7.427318,2.053225,0.85343,0.727966,1.556258,concentrate
18.933083,4.19174,1.545062,0.481103,0.730487,10.235783,2.079146,0.967857,0.128948,0.181491,5.523862,1.686497,0.350188,0.233236,0.130353,6.325116,1.898337,0.567502,0.204482,0.12885,3.245441,1.019269,0.641468,0.831657,0.390831,15.35875,10.130155,1.589652,1.200395,0.379175,3.095588,0.620476,0.811624,0.507487,0.312749,6.360355,1.940509,1.096172,0.735977,1.688848,concentrate
24.232212,5.190784,1.958874,0.54671,0.828439,10.534468,2.287146,1.16402,0.129411,0.185555,5.27437,1.968969,0.353176,0.25149,0.114661,6.257713,2.089253,0.642139,0.210746,0.131644,4.077659,1.007892,0.747506,0.929281,0.381018,18.879904,11.749655,1.809956,1.271207,0.388441,3.176997,0.542197,1.011673,0.548878,0.328558,5.612205,1.959739,1.309354,0.764059,1.731139,concentrate
26.908102,6.134683,2.21642,0.684604,0.872254,9.601773,2.391782,1.234996,0.134455,0.190606,4.5553,2.196801,0.337856,0.268297,0.102719,5.53864,2.236638,0.665042,0.226222,0.136413,4.722705,1.075237,0.833931,0.951623,0.35469,20.201597,12.265406,1.809251,1.256795,0.379513,3.2017,0.524635,1.123276,0.564838,0.32712,5.270118,2.047796,1.432861,0.790432,1.659737,concentrate
26.716988,6.673659,2.226801,0.863321,0.846341,7.786892,2.348592,1.154651,0.147187,0.195143,3.624764,2.291327,0.302818,0.274945,0.097226,4.41147,2.271641,0.627107,0.245192,0.142506,4.905537,1.176982,0.864042,0.892002,0.312901,18.743935,11.501159,1.58187,1.152993,0.35376,3.167879,0.556698,1.112324,0.550757,0.305626,5.218344,2.093292,1.432411,0.791305,1.49113,concentrate
24.28511,6.532617,1.984397,1.0506,0.759458,5.61313,2.156182,0.949532,0.167067,0.196614,2.751906,2.216297,0.25272,0.2664,0.098209,3.228622,2.153532,0.537322,0.258807,0.148403,4.59433,1.284144,0.82017,0.772473,0.260895,15.07557,9.694478,1.202498,0.991363,0.316977,3.060477,0.626551,0.985775,0.510484,0.266618,5.278415,2.015754,1.313487,0.757239,1.277009,concentrate
19.330605,5.766552,1.59136,1.211785,0.63777,3.699961,1.869012,0.682604,0.189286,0.192959,2.114337,1.999277,0.195795,0.242566,0.104261,2.291721,1.908778,0.419051,0.259001,0.152866,3.919552,1.413673,0.711121,0.63174,0.208311,10.491862,7.396775,0.788355,0.822574,0.277674,2.893356,0.724129,0.792576,0.455827,0.218169,5.329003,1.833993,1.110958,0.700766,1.079803,concentrate
15.719895,4.684112,1.197979,1.308673,0.512809,2.399644,1.592958,0.433883,0.207072,0.183175,1.719318,1.724166,0.144323,0.208161,0.113368,1.717882,1.630636,0.30301,0.242572,0.15481,3.125437,1.641673,0.580747,0.508434,0.166157,6.284937,5.222991,0.451617,0.687396,0.24642,2.684982,0.873646,0.605681,0.40073,0.171859,5.340094,1.673582,0.890494,0.645104,0.948214,concentrate
12.58491,3.708968,0.932086,1.312719,0.411097,1.753546,1.410655,0.261329,0.216568,0.168079,1.498825,1.483665,0.110632,0.171719,0.122984,1.471193,1.420783,0.214519,0.214599,0.153802,2.443445,2.060252,0.495686,0.426958,0.142911,3.38004,3.595093,0.250547,0.602912,0.231953,2.478124,1.120737,0.490967,0.355297,0.13874,5.428185,1.694406,0.714565,0.611913,0.90429,concentrate
12.183404,3.12229,0.835896,1.216717,0.346706,1.52074,1.343339,0.182396,0.219414,0.150656,1.356869,1.343425,0.107164,0.142985,0.130511,1.395008,1.338581,0.166196,0.187564,0.150465,2.036637,2.682278,0.520868,0.394379,0.142773,1.938954,2.618422,0.193206,0.560696,0.237436,2.312525,1.482946,0.486175,0.325161,0.125566,5.799137,1.97909,0.626183,0.626359,0.943057,concentrate
13.370584,2.947329,0.861185,1.051654,0.317524,1.446329,1.3637,0.174053,0.22061,0.134431,1.263458,1.333647,0.136728,0.130105,0.134136,1.383252,1.40049,0.153899,0.175567,0.146147,1.900051,3.406846,0.687313,0.404714,0.164412,1.536784,2.153873,0.25466,0.545861,0.25963,2.217375,1.911417,0.585361,0.309642,0.132024,6.535864,2.460693,0.643208,0.69612,1.033469,concentrate
15.09374,2.988421,0.914309,0.884227,0.313236,1.375887,1.433055,0.193921,0.224499,0.121523,1.207863,1.456983,0.189182,0.13664,0.132776,1.368552,1.598652,0.161409,0.185447,0.141775,1.949581,4.067249,0.979599,0.448093,0.200885,1.579589,1.988421,0.416323,0.553414,0.289516,2.176806,2.324017,0.744942,0.30517,0.151101,7.55791,2.951228,0.761157,0.812411,1.129738,concentrate
16.392721,3.034984,0.924578,0.785327,0.323926,1.313805,1.5461,0.210849,0.230772,0.112369,1.220349,1.699988,0.251313,0.159009,0.126383,1.376685,1.913715,0.174256,0.212658,0.13769,2.05724,4.535074,1.328417,0.514246,0.242121,1.72077,1.992544,0.662558,0.587058,0.317598,2.149639,2.649968,0.909299,0.31003,0.173068,8.641551,3.277983,0.950601,0.958694,1.192196,concentrate
16.347467,3.035157,0.885134,0.797209,0.343788,1.178362,1.681647,0.214438,0.234652,0.107641,1.247367,2.01585,0.308617,0.187864,0.116634,1.333948,2.285162,0.182556,0.243485,0.134272,2.264956,4.78864,1.641797,0.582594,0.277815,2.123291,2.111379,0.948872,0.644882,0.337763,2.092385,2.856574,1.034012,0.318262,0.189272,9.710966,3.383025,1.164171,1.108932,1.200436,concentrate
15.093252,3.09679,0.819561,0.912072,0.370491,1.046095,1.820608,0.209209,0.232597,0.109239,1.287044,2.336421,0.346494,0.213308,0.106483,1.281633,2.635785,0.182712,0.263873,0.132383,2.44227,4.87359,1.8335,0.626319,0.297501,2.581601,2.280314,1.198477,0.712327,0.346845,1.977305,2.944577,1.093336,0.323576,0.193154,10.465149,3.311542,1.335693,1.221924,1.155408,concentrate
12.923174,3.317441,0.775937,1.0831,0.400437,0.922607,1.96219,0.203774,0.225557,0.118138,1.290373,2.585296,0.356949,0.227342,0.098638,1.193549,2.902118,0.176753,0.265929,0.133069,2.476716,4.858428,1.862378,0.626085,0.294743,2.899986,2.425384,1.338794,0.763043,0.345511,1.83369,2.930167,1.093681,0.322544,0.182437,10.779915,3.155682,1.424162,1.264257,1.074188,concentrate
10.902158,3.628158,0.799284,1.258559,0.429469,0.823406,2.110409,0.208162,0.219477,0.132393,1.230263,2.692696,0.344398,0.228152,0.09423,1.069358,3.042028,0.172347,0.251233,0.137108,2.385975,4.797997,1.747059,0.578596,0.270772,3.058484,2.477305,1.338757,0.772879,0.337332,1.690981,2.835486,1.067315,0.312502,0.160416,10.518307,2.98374,1.426217,1.22237,0.9822,concentrate
9.453697,3.885701,0.899243,1.405782,0.453136,0.782329,2.246439,0.224425,0.223063,0.148289,1.119688,2.615043,0.320332,0.223275,0.092696,0.93416,3.033052,0.175435,0.231679,0.144578,2.140338,4.722939,1.551989,0.501085,0.233731,2.943639,2.40859,1.221776,0.737452,0.326668,1.572154,2.684808,1.044772,0.294434,0.13441,9.729733,2.806525,1.360921,1.106375,0.899618,concentrate
8.392595,3.889987,1.042025,1.524119,0.470018,0.809747,2.34133,0.246668,0.243707,0.164013,0.99878,2.365067,0.296705,0.225851,0.093934,0.813487,2.883578,0.185322,0.223063,0.156217,1.959557,4.633781,1.355837,0.42091,0.195393,2.772878,2.247692,1.051135,0.673631,0.316344,1.523311,2.506692,1.03823,0.273341,0.112532,8.724274,2.617306,1.261211,0.94919,0.832841,concentrate
7.434828,3.572464,1.168493,1.639977,0.479858,0.917461,2.389155,0.266649,0.280228,0.178254,0.921834,2.029866,0.280125,0.24453,0.097769,0.756746,2.643453,0.197505,0.233056,0.171221,1.949707,4.530155,1.211525,0.359977,0.165853,2.573585,2.086335,0.886129,0.603675,0.304648,1.583651,2.355153,1.039395,0.254194,0.100045,7.758,2.486509,1.154428,0.78686,0.773426,concentrate
6.953375,3.012788,1.229494,1.77735,0.483338,1.04322,2.410608,0.279564,0.322764,0.190109,0.927709,1.735312,0.270917,0.279448,0.104728,0.743602,2.391056,0.207829,0.257642,0.187591,2.264928,4.409129,1.136417,0.329235,0.149189,2.513768,2.020099,0.762012,0.548414,0.287901,1.783724,2.281933,1.028022,0.2406,0.097662,7.233876,2.473064,1.060839,0.65458,0.70838,concentrate
9.044443,2.489237,1.209354,1.928837,0.479944,1.204936,2.433812,0.283418,0.356347,0.198552,1.104457,1.588768,0.26845,0.321729,0.114514,0.818666,2.197291,0.214249,0.28436,0.201912,2.798508,4.276092,1.107719,0.326288,0.142852,2.670594,2.128793,0.678549,0.517139,0.26398,2.066641,2.32068,0.983909,0.233231,0.102398,7.5591,2.64557,0.987248,0.57476,0.632002,concentrate
15.523911,2.252895,1.120221,2.054342,0.471095,1.401314,2.495902,0.282872,0.370593,0.20287,1.495815,1.641846,0.276131,0.359917,0.12575,0.984931,2.108715,0.220866,0.301274,0.210405,3.374754,4.103825,1.07713,0.339021,0.14092,3.083148,2.42283,0.605154,0.508123,0.23577,2.336051,2.454268,0.902695,0.228493,0.110452,8.824167,3.013355,0.915201,0.549287,0.555469,concentrate
26.045012,2.441844,1.018427,2.114251,0.462197,1.612223,2.651054,0.286936,0.370827,0.204516,2.021378,1.887309,0.299807,0.38899,0.1371,1.204142,2.161362,0.234637,0.307953,0.211771,3.741861,3.876361,1.014104,0.357157,0.138745,3.644062,2.862701,0.524918,0.515968,0.208291,2.504714,2.654074,0.805661,0.225163,0.119473,10.602354,3.456197,0.830353,0.57098,0.502482,concentrate
38.086365,3.026302,0.960829,2.083288,0.461196,1.822786,2.963278,0.307715,0.37136,0.206684,2.545604,2.284977,0.345386,0.408813,0.148075,1.444962,2.397184,0.265498,0.312693,0.207942,3.832631,3.714593,0.910842,0.37721,0.137076,4.142845,3.398304,0.445673,0.533815,0.186693,2.568254,2.965483,0.721254,0.227076,0.130601,12.218899,3.869042,0.739713,0.624362,0.497434,concentrate
48.642063,3.848998,0.996215,1.96142,0.472629,1.993771,3.465581,0.361164,0.38304,0.21161,2.9068,2.794333,0.42348,0.422467,0.159248,1.660737,2.853697,0.326551,0.323942,0.202306,3.678134,3.914511,0.78808,0.396369,0.142825,4.36174,4.001109,0.39691,0.557296,0.177701,2.550723,3.524758,0.669443,0.236538,0.148827,13.177455,4.286993,0.656793,0.68224,0.551326,concentrate
53.102379,4.686329,1.089124,1.772021,0.494365,2.097549,4.106867,0.445505,0.404873,0.219846,3.003128,3.388811,0.520131,0.429702,0.171615,1.812096,3.517388,0.413204,0.342692,0.198696,3.398157,4.768444,0.676799,0.410457,0.163674,4.193314,4.665309,0.390505,0.578159,0.186886,2.494255,4.443413,0.651896,0.253398,0.180136,13.438062,4.833518,0.585799,0.71569,0.658122,concentrate
50.883907,5.395635,1.181226,1.543466,0.517492,2.122114,4.736696,0.542396,0.425633,0.230236,2.831917,4.017897,0.606981,0.425934,0.184718,1.871086,4.2731,0.506398,0.362851,0.199031,3.103417,6.342104,0.59839,0.418113,0.202001,3.688041,5.374444,0.413471,0.588461,0.215893,2.425608,5.670103,0.654241,0.275734,0.226137,13.167814,5.575336,0.521174,0.702215,0.801083,concentrate
41.354126,5.931121,1.221653,1.301968,0.527452,2.049241,5.165946,0.633011,0.430302,0.239808,2.474501,4.594966,0.660583,0.405746,0.195836,1.827521,4.931301,0.586451,0.374766,0.201799,2.892056,8.369917,0.568823,0.419499,0.251154,3.057757,6.079888,0.451203,0.58567,0.261506,2.358635,6.964003,0.664999,0.298763,0.279958,12.642104,6.426748,0.460681,0.637624,0.957631,concentrate
28.531906,6.242832,1.192715,1.070548,0.514906,1.887006,5.246526,0.704228,0.410386,0.244097,2.062862,5.009934,0.672461,0.368833,0.200753,1.686976,5.296357,0.637837,0.371221,0.202516,2.83303,10.285088,0.594665,0.415357,0.297086,2.548953,6.669118,0.486968,0.576425,0.315281,2.295864,7.94705,0.677017,0.316052,0.32734,12.035775,7.14708,0.411351,0.540292,1.10206,concentrate
16.628366,6.284232,1.11293,0.87028,0.481555,1.616889,4.922662,0.735311,0.368798,0.238734,1.689406,5.145948,0.642879,0.322043,0.195573,1.448841,5.227377,0.642818,0.351387,0.195897,2.939042,11.423827,0.660011,0.408503,0.325311,2.37923,6.975107,0.511804,0.572767,0.367683,2.230335,8.256894,0.682895,0.324166,0.352962,11.418872,7.431099,0.388898,0.445309,1.21233,concentrate
8.176125,6.01311,1.023351,0.712508,0.439787,1.276454,4.261143,0.716614,0.31671,0.222108,1.401291,4.9192,0.581951,0.275674,0.179164,1.137636,4.709639,0.598589,0.319424,0.179499,3.157366,11.339606,0.735968,0.400071,0.327877,2.541492,6.85521,0.522938,0.581144,0.410366,2.160753,7.732288,0.674805,0.321635,0.347645,10.583295,7.080337,0.404063,0.386609,1.271495,concentrate
4.188341,5.420818,0.960639,0.601604,0.407742,0.949349,3.446159,0.657304,0.268582,0.198268,1.18787,4.33768,0.509496,0.23754,0.154943,0.819005,3.89345,0.52055,0.283068,0.156553,3.381406,10.008943,0.808208,0.392403,0.307413,2.893404,6.270732,0.529853,0.599717,0.438635,2.080933,6.493862,0.663621,0.313915,0.31357,9.390314,6.117407,0.45339,0.390476,1.271696,concentrate
3.093922,4.55124,0.930467,0.539599,0.39812,0.724859,2.716111,0.573769,0.237625,0.175152,1.021167,3.512142,0.436842,0.210668,0.12946,0.567531,3.037814,0.42456,0.25252,0.134025,3.557902,7.83428,0.862919,0.389863,0.275079,3.205572,5.304312,0.53548,0.620943,0.450688,2.032828,4.892705,0.660482,0.31241,0.2639,7.903738,4.792528,0.515852,0.473365,1.220771,concentrate
2.886621,3.533989,0.911717,0.524181,0.412326,0.653938,2.230205,0.478819,0.228489,0.159043,0.878338,2.62861,0.365752,0.194258,0.108375,0.41681,2.379941,0.325766,0.234819,0.117356,3.662242,5.455975,0.88729,0.394601,0.244612,3.326803,4.15312,0.537831,0.63817,0.445522,2.045838,3.357125,0.6624,0.324615,0.216789,6.387244,3.456201,0.562552,0.632505,1.142051,concentrate
2.652737,2.541551,0.874057,0.542638,0.442776,0.728145,2.017949,0.395209,0.235553,0.1513,0.784525,1.864192,0.297541,0.184732,0.093963,0.375559,2.039604,0.247551,0.23146,0.108233,3.68498,3.47967,0.878395,0.406071,0.22534,3.269599,3.043107,0.529026,0.649917,0.423244,2.098953,2.210453,0.657349,0.349072,0.186833,5.25851,2.397485,0.578428,0.839984,1.063476,concentrate
2.814103,1.781692,0.799279,0.578024,0.477381,0.912114,1.997052,0.346803,0.246534,0.148978,0.770589,1.32493,0.249963,0.178791,0.085196,0.415229,1.988967,0.21236,0.237042,0.104669,3.627707,2.248434,0.836895,0.416899,0.217303,3.15365,2.161726,0.510235,0.655975,0.384783,2.150957,1.55208,0.629614,0.374415,0.177938,4.70533,1.76682,0.560916,1.04608,1.003797,concentrate
3.215519,1.344282,0.685946,0.628728,0.506575,1.089621,2.043983,0.331303,0.249753,0.147488,0.815659,1.029562,0.233773,0.175421,0.079463,0.475458,2.094676,0.217034,0.242486,0.102899,3.519548,1.768697,0.762216,0.417175,0.213359,3.07127,1.586234,0.483421,0.655108,0.333779,2.164149,1.287204,0.566753,0.385827,0.182754,4.518612,1.498189,0.513083,1.192804,0.962395,concentrate
3.633496,1.233377,0.560896,0.718641,0.524556,1.187865,2.097801,0.322318,0.242529,0.143983,0.887272,0.948999,0.241572,0.18181,0.074957,0.525646,2.228678,0.234907,0.245153,0.100456,3.373596,1.78061,0.658715,0.40542,0.204613,3.038697,1.284819,0.440789,0.650218,0.277717,2.127079,1.235071,0.470385,0.378605,0.18803,4.462258,1.427824,0.45192,1.242729,0.921599,concentrate
3.969883,1.441245,0.489469,0.878365,0.529089,1.19989,2.197439,0.310029,0.23066,0.137568,0.973477,1.068654,0.277913,0.218376,0.071222,0.572438,2.356087,0.259162,0.250045,0.096693,3.191267,2.018436,0.549111,0.391113,0.186705,3.029173,1.239398,0.389703,0.659403,0.226965,2.051301,1.287059,0.363407,0.360725,0.183793,4.446115,1.468168,0.408643,1.198983,0.859168,concentrate
3.972811,1.93556,0.581872,1.120471,0.521312,1.15741,2.419544,0.336967,0.22323,0.129843,1.05885,1.379855,0.410555,0.309242,0.069064,0.626823,2.510148,0.338397,0.26744,0.092748,2.966656,2.393478,0.478532,0.392865,0.16351,2.961549,1.484359,0.397617,0.708089,0.191448,1.964953,1.478765,0.295622,0.349579,0.170267,4.472413,1.636717,0.445213,1.104326,0.765203,concentrate
4.365487,2.712686,0.919726,1.421307,0.504191,1.094542,2.828297,0.468788,0.228217,0.12398,1.127893,1.871599,0.724604,0.465146,0.069929,0.684457,2.760607,0.546762,0.306565,0.090259,2.72155,3.012855,0.486676,0.42398,0.142087,2.811361,2.050322,0.569398,0.810617,0.175836,1.890819,1.937598,0.311613,0.357967,0.15342,4.531851,1.992921,0.628185,1.027312,0.650614,concentrate
5.376498,3.759391,1.498272,1.722824,0.486541,1.031527,3.42565,0.755098,0.25031,0.123935,1.165959,2.484891,1.273083,0.668721,0.07501,0.741273,3.141542,0.94116,0.367506,0.091132,2.47475,4.052109,0.617411,0.486596,0.129282,2.570711,2.89375,1.018653,0.95818,0.177846,1.830707,2.768353,0.435825,0.388128,0.140671,4.546888,2.588803,0.989965,1.03927,0.544128,concentrate
7.553036,5.000524,2.223663,1.953258,0.483531,0.993798,4.113363,1.193698,0.286217,0.133761,1.170243,3.087567,2.01662,0.875032,0.085589,0.802652,3.590486,1.505759,0.437389,0.098821,2.246818,5.582699,0.89066,0.566361,0.12837,2.280556,3.870891,1.785533,1.11251,0.190128,1.766291,3.962468,0.666988,0.428281,0.13663,4.462125,3.433807,1.516632,1.179421,0.473347,concentrate
10.982234,6.31815,2.942838,2.052631,0.508269,1.040894,4.76726,1.704633,0.327902,0.155574,1.174302,3.53862,2.796282,1.029627,0.101911,0.913601,4.004029,2.126301,0.497182,0.116758,2.071442,7.428199,1.290282,0.637307,0.138005,1.963804,4.745029,2.789479,1.214285,0.202779,1.707254,5.344439,0.977951,0.461049,0.141574,4.378391,4.455355,2.140333,1.436812,0.450534,concentrate
14.887547,7.493958,3.461279,2.000028,0.561506,1.226432,5.332257,2.154197,0.36325,0.187818,1.226992,3.760648,3.379383,1.089932,0.122767,1.125114,4.323389,2.62896,0.527923,0.145364,2.027325,9.176536,1.766457,0.674945,0.153555,1.640896,5.293658,3.826365,1.213994,0.208859,1.742988,6.617131,1.318413,0.473264,0.151446,4.475034,5.457985,2.735674,1.75129,0.467811,concentrate
18.404804,8.406508,3.677352,1.829355,0.625983,1.569953,5.901548,2.426412,0.382594,0.225282,1.354709,3.799223,3.581796,1.046023,0.145488,1.454348,4.611812,2.868836,0.521152,0.180294,2.225,10.398605,2.243049,0.679562,0.168745,1.334922,5.474602,4.654499,1.102565,0.206023,2.012216,7.53852,1.631839,0.471054,0.160085,4.943885,6.343302,3.199557,2.049541,0.503609,concentrate
20.245056,9.063007,3.568914,1.613762,0.67339,2.064321,6.706218,2.477362,0.382863,0.260864,1.546212,3.794222,3.355783,0.923462,0.1661,1.868678,5.044,2.797695,0.483062,0.212985,2.703967,10.889853,2.620806,0.675485,0.178301,1.175391,5.478189,5.050274,0.918019,0.196093,2.595627,8.079078,1.866325,0.47552,0.162402,5.973622,7.203053,3.455734,2.269888,0.536747,concentrate
19.812647,9.580256,3.204973,1.434247,0.678594,2.683848,7.973886,2.327023,0.369498,0.286772,1.754083,3.886479,2.7913,0.770219,0.180167,2.315123,5.780146,2.464502,0.431201,0.233473,3.508341,10.739163,2.814531,0.692232,0.180001,1.374524,5.669821,4.912765,0.727856,0.183379,3.518125,8.374263,1.981115,0.506988,0.156665,7.655746,8.289752,3.449579,2.382272,0.561327,concentrate
17.124256,10.051034,2.712743,1.346878,0.631881,3.394465,9.722766,2.04542,0.352576,0.296274,1.923102,4.110433,2.086128,0.633387,0.184096,2.746147,6.815846,1.992579,0.382646,0.234462,4.547078,10.223787,2.772946,0.742193,0.174494,2.086895,6.365809,4.313894,0.595496,0.171109,4.629065,8.57278,1.949696,0.569929,0.144316,9.847104,9.847238,3.204294,2.380506,0.58859,concentrate
13.177576,10.483658,2.20791,1.358009,0.543262,4.108211,11.653275,1.715793,0.338268,0.286785,2.006317,4.379838,1.446714,0.536544,0.177156,3.110164,7.912278,1.518772,0.344323,0.215441,5.640436,9.639887,2.500365,0.811823,0.16437,3.220195,7.624002,3.430157,0.543751,0.160851,5.681613,8.720577,1.771597,0.648225,0.129025,12.109382,11.871852,2.772669,2.279765,0.63094,concentrate
9.142906,10.816749,1.792964,1.433228,0.437039,4.714956,13.23437,1.401063,0.326134,0.261265,1.988176,4.536285,1.008826,0.477479,0.16172,3.362784,8.67638,1.131747,0.313497,0.183053,6.578651,9.142596,2.095747,0.86421,0.153208,4.521374,9.234809,2.514137,0.552663,0.153007,6.424748,8.727879,1.511244,0.710808,0.11503,13.889251,14.06463,2.265187,2.115859,0.692688,concentrate
6.382673,10.950876,1.553554,1.524322,0.342812,5.111561,13.922698,1.147348,0.315876,0.227105,1.906079,4.453528,0.806656,0.440894,0.142367,3.48186,8.755886,0.860254,0.287366,0.148116,7.211806,8.661157,1.731556,0.866394,0.143437,5.747495,10.836823,1.806227,0.582545,0.147882,6.719197,8.400547,1.281322,0.731322,0.10558,14.845164,15.905367,1.841581,1.937618,0.767172,concentrate
5.536482,10.812133,1.529723,1.587187,0.284636,5.241204,13.392584,0.991544,0.309762,0.192573,1.826303,4.098685,0.793129,0.414189,0.123964,3.476428,8.003685,0.701033,0.269,0.12035,7.469945,8.079245,1.551367,0.80436,0.135587,6.704947,12.127089,1.419567,0.598754,0.146679,6.577188,7.640357,1.174292,0.699059,0.101713,14.841619,16.927555,1.622584,1.78536,0.839848,concentrate
6.315265,10.472214,1.719917,1.595304,0.272182,5.149732,11.697308,0.964921,0.311406,0.163705,1.802613,3.543587,0.912928,0.400961,0.11043,3.393273,6.555249,0.654533,0.266846,0.104645,7.359645,7.493795,1.625383,0.700469,0.129061,7.288366,13.001204,1.359686,0.597949,0.151038,6.131291,6.641815,1.244242,0.632493,0.102755,13.968837,17.002409,1.651721,1.678313,0.892067,concentrate
8.90089,10.108798,2.049229,1.531452,0.298206,5.023311,9.289432,1.064705,0.319744,0.14282,1.85303,2.937375,1.100759,0.40403,0.10384,3.352832,4.806375,0.709814,0.283282,0.09997,6.943763,7.146701,1.88431,0.593107,0.123725,7.531684,13.48955,1.512556,0.588182,0.162069,5.532824,5.769659,1.45142,0.561539,0.107112,12.536926,16.330078,1.854931,1.602552,0.907551,concentrate
13.128522,9.861651,2.361059,1.390012,0.345154,5.06955,6.826959,1.233732,0.331682,0.129164,1.972207,2.427485,1.264396,0.416201,0.103823,3.474098,3.247105,0.822327,0.311373,0.101592,6.324803,7.260069,2.135301,0.511173,0.119601,7.552487,13.622911,1.69241,0.579285,0.178628,4.916278,5.364265,1.664821,0.509532,0.111919,11.087688,15.255455,2.058443,1.523942,0.878212,concentrate
18.337219,9.70886,2.533054,1.193601,0.396322,5.457186,4.876513,1.386813,0.343787,0.121484,2.175593,2.085988,1.336558,0.426104,0.108449,3.842237,2.236199,0.933186,0.338573,0.105582,5.580762,7.896354,2.213716,0.465362,0.116626,7.417324,13.406954,1.764119,0.577063,0.196787,4.335417,5.568563,1.763447,0.485004,0.114827,10.008744,14.07177,2.121606,1.417496,0.808145,concentrate
23.486748,9.482799,2.487066,0.976764,0.438176,6.175488,3.749929,1.443572,0.353676,0.11901,2.474765,1.930105,1.278322,0.421002,0.114874,4.437923,1.905797,0.983674,0.352579,0.11053,4.786907,8.771251,2.02869,0.444847,0.114236,7.128756,12.775093,1.664393,0.578424,0.211136,3.795227,6.182694,1.668922,0.480283,0.11487,9.3762,12.810862,1.959846,1.275013,0.713465,concentrate
27.279358,8.937253,2.224631,0.771536,0.46129,7.050845,3.427103,1.364771,0.359347,0.121251,2.809823,1.934805,1.099218,0.394892,0.120193,5.082312,2.144253,0.942821,0.346976,0.116344,4.044071,9.3932,1.634929,0.426393,0.112793,6.609026,11.668439,1.426175,0.577136,0.21775,3.29835,6.78518,1.405584,0.477893,0.113397,9.021324,11.28768,1.609654,1.106958,0.615564,concentrate
27.978428,7.928326,1.857598,0.61005,0.46405,7.776648,3.625062,1.167807,0.366575,0.128456,3.085287,2.046995,0.854071,0.353573,0.122744,5.542728,2.67316,0.819461,0.326784,0.122853,3.45766,9.368237,1.180645,0.401873,0.113738,5.80219,10.162037,1.14656,0.57141,0.217308,2.885668,6.991806,1.078731,0.47446,0.113724,8.754459,9.425169,1.200825,0.957446,0.536741,concentrate
25.888824,6.530676,1.518946,0.521279,0.452839,8.074174,3.970813,0.923074,0.390887,0.141249,3.214193,2.187961,0.619612,0.312277,0.122733,5.62208,3.182692,0.659802,0.309049,0.129981,3.133406,8.598383,0.816827,0.380862,0.118368,4.826827,8.507433,0.907998,0.564434,0.214468,2.633034,6.630581,0.815109,0.482089,0.119242,8.618438,7.449973,0.870651,0.884159,0.493251,concentrate
21.458809,4.977738,1.29341,0.518888,0.436115,7.802737,4.154873,0.700856,0.445829,0.158075,3.116855,2.254102,0.44777,0.286266,0.121327,5.249119,3.440958,0.513632,0.312529,0.13707,3.095702,7.269749,0.618741,0.381251,0.127303,3.891657,7.005193,0.768712,0.560522,0.214734,2.558191,5.761141,0.687025,0.51685,0.13158,8.62433,5.718224,0.698816,0.930565,0.489663,concentrate
15.736899,3.561481,1.194312,0.583974,0.421491,7.015422,4.016807,0.531748,0.533701,0.175474,2.795967,2.16524,0.349268,0.283701,0.120533,4.508007,3.350186,0.406085,0.347497,0.143853,3.22439,5.770206,0.590766,0.408193,0.140766,3.135672,5.846567,0.736133,0.562049,0.221723,2.592653,4.648982,0.702968,0.577551,0.150719,8.670336,4.499719,0.677822,1.088241,0.520532,concentrate
10.49432,2.534583,1.160115,0.677925,0.41311,5.887485,3.542209,0.419892,0.638367,0.188803,2.341535,1.907822,0.302346,0.302957,0.121524,3.59251,2.939242,0.339007,0.407539,0.149549,3.322318,4.511017,0.658319,0.451284,0.157175,2.598435,5.0692,0.771411,0.5678,0.234922,2.612951,3.61252,0.800385,0.64186,0.173153,8.583819,3.910433,0.748757,1.294329,0.569804,concentrate
6.496399,1.923201,1.148808,0.764585,0.410898,4.651451,2.866316,0.352789,0.728674,0.194137,1.886824,1.540621,0.284918,0.333361,0.124283,2.719847,2.357408,0.300632,0.471783,0.153085,3.230543,3.723062,0.747044,0.491312,0.173229,2.211321,4.544187,0.847483,0.573062,0.25048,2.528548,2.894369,0.904615,0.680243,0.192413,8.119054,3.800526,0.849229,1.464618,0.615226,concentrate
4.163929,1.564408,1.146782,0.831113,0.413367,3.498271,2.1826,0.322822,0.771984,0.189321,1.556245,1.163729,0.290108,0.363911,0.127294,2.040155,1.792559,0.284843,0.515032,0.153186,2.927954,3.388798,0.815866,0.512573,0.185157,1.943011,4.099333,0.927799,0.578494,0.263794,2.337765,2.550889,0.969451,0.674556,0.202007,7.172208,3.85303,0.933726,1.541466,0.63965,concentrate
3.189698,1.309069,1.1538,0.890628,0.419687,2.540738,1.649024,0.324896,0.750992,0.175041,1.40172,0.880284,0.315537,0.389918,0.128561,1.586648,1.390912,0.28817,0.5219,0.149483,2.49488,3.349965,0.850501,0.508886,0.189929,1.782931,3.659805,0.983962,0.586846,0.271878,2.087126,2.503705,0.975422,0.627798,0.199405,5.83049,3.815683,0.988428,1.51424,0.638207,concentrate
2.910667,1.108893,1.187776,0.965983,0.428852,1.827201,1.322706,0.36301,0.676455,0.154531,1.383926,0.751745,0.365588,0.415836,0.126926,1.315727,1.193212,0.314614,0.496223,0.142972,2.032928,3.427079,0.844819,0.486012,0.186954,1.708211,3.219984,0.999747,0.596119,0.275403,1.82742,2.631397,0.918269,0.560365,0.186549,4.436728,3.584511,1.00942,1.412402,0.618697,concentrate
3.150205,1.041513,1.260844,1.068506,0.439988,1.348002,1.187698,0.441176,0.577311,0.13266,1.428436,0.786798,0.444908,0.446698,0.12321,1.154464,1.159339,0.368094,0.454139,0.136253,1.630188,3.477513,0.801902,0.460318,0.177955,1.769253,2.780414,0.956599,0.601373,0.278602,1.595112,2.796294,0.817879,0.50245,0.168749,3.676199,3.223935,0.991531,1.290036,0.5959,concentrate
4.468402,1.108658,1.338496,1.184762,0.451493,1.05883,1.192396,0.538446,0.484884,0.11412,1.483131,0.937948,0.539207,0.480564,0.119422,1.054421,1.209934,0.432666,0.412407,0.132103,1.359078,3.486678,0.745708,0.447218,0.166167,2.005702,2.329631,0.864026,0.594351,0.285204,1.422508,2.95315,0.719041,0.475515,0.152403,4.070944,2.83971,0.934748,1.19131,0.584887,concentrate
5.975556,1.254559,1.376595,1.287415,0.459542,0.869572,1.304251,0.618432,0.418477,0.101578,1.524201,1.129619,0.613772,0.506242,0.117096,0.981119,1.292196,0.478207,0.379143,0.131427,1.226197,3.523661,0.699638,0.451592,0.154399,2.364133,1.8677,0.746564,0.571372,0.296124,1.319278,3.141287,0.655556,0.478941,0.141676,5.70557,2.506437,0.842411,1.130014,0.593153,concentrate
8.142712,1.436684,1.328542,1.34625,0.45943,0.760924,1.552002,0.660564,0.380454,0.094727,1.564965,1.331174,0.639017,0.509014,0.11602,0.93889,1.429038,0.490112,0.35328,0.132444,1.16731,3.6202,0.665472,0.469621,0.144534,2.725486,1.433908,0.626088,0.531486,0.307485,1.255628,3.376075,0.628485,0.49661,0.137097,8.156547,2.263861,0.728962,1.089548,0.620747,concentrate
9.550483,1.631126,1.195927,1.345232,0.452107,0.703156,1.957234,0.646049,0.361771,0.091079,1.590233,1.555845,0.602704,0.482692,0.114288,0.928393,1.669554,0.459163,0.332905,0.131571,1.109591,3.745276,0.625795,0.494453,0.137756,2.994881,1.107553,0.523638,0.481006,0.311916,1.186394,3.608173,0.6184,0.508928,0.136356,10.719687,2.108406,0.625424,1.044581,0.666649,concentrate
10.421134,1.840174,1.010524,1.285849,0.446956,0.688048,2.504941,0.581582,0.351184,0.088054,1.558872,1.831357,0.51518,0.433674,0.110295,0.919055,2.053537,0.395061,0.318935,0.125624,1.031915,3.847942,0.563098,0.521541,0.134475,3.137413,0.938146,0.457559,0.433817,0.305479,1.084686,3.768255,0.600599,0.508599,0.136045,12.760313,2.01211,0.560059,0.990507,0.731489,concentrate
9.984714,2.115746,0.831127,1.19022,0.45648,0.693375,3.189249,0.499861,0.342653,0.084675,1.441703,2.203641,0.410253,0.378623,0.103952,0.884256,2.624718,0.326696,0.315302,0.113617,0.984974,3.978906,0.478081,0.553023,0.134066,3.137548,0.972307,0.438921,0.410317,0.291234,0.968345,3.895101,0.567226,0.506762,0.134072,13.795288,2.011182,0.543279,0.953675,0.81661,concentrate
8.665586,2.538863,0.694033,1.098113,0.487066,0.721204,4.001205,0.423311,0.336622,0.080987,1.245925,2.7052,0.319003,0.336486,0.096801,0.810059,3.39354,0.27227,0.324591,0.097349,1.010709,4.264607,0.385898,0.593628,0.136698,2.999902,1.255695,0.479048,0.428159,0.276792,0.853969,4.124389,0.518707,0.519546,0.131288,13.681339,2.260932,0.557913,0.968593,0.917214,concentrate
6.857906,3.147782,0.612155,1.046557,0.534194,0.777392,4.886771,0.366355,0.334001,0.077362,1.041212,3.304731,0.261822,0.316251,0.090804,0.719836,4.289202,0.239114,0.3427,0.080573,1.137069,4.825474,0.321261,0.641311,0.143644,2.811832,1.822126,0.582532,0.489344,0.269475,0.794338,4.605748,0.474346,0.551589,0.132109,12.847017,2.98466,0.587068,1.048864,1.018447,concentrate
5.222823,3.914814,0.575746,1.057716,0.581516,0.872531,5.690322,0.335755,0.333234,0.074321,0.908624,3.879676,0.243649,0.3144,0.087196,0.662119,5.127216,0.226862,0.358938,0.067463,1.383414,5.708411,0.322621,0.687063,0.155613,2.618921,2.644567,0.744853,0.579263,0.272334,0.887498,5.413564,0.460899,0.593915,0.141942,11.824874,4.294699,0.640759,1.177725,1.100851,concentrate
5.213926,4.670135,0.562818,1.134129,0.609631,1.022903,6.200885,0.314367,0.328568,0.072866,0.891776,4.255535,0.251134,0.31708,0.086365,0.669681,5.66789,0.218222,0.35967,0.061226,1.797772,6.862969,0.41202,0.720143,0.171826,2.505895,3.622505,0.949795,0.66686,0.28366,1.209621,6.50857,0.499348,0.630846,0.163374,10.978687,6.052756,0.742886,1.308096,1.144927,concentrate
6.805997,5.242638,0.545829,1.253718,0.606017,1.207137,6.247098,0.287976,0.313987,0.0756,0.972314,4.295599,0.265694,0.30971,0.089045,0.752058,5.726543,0.203445,0.33727,0.064058,2.43436,8.103969,0.573982,0.734645,0.189528,2.555462,4.58695,1.156262,0.717738,0.297729,1.766995,7.712877,0.590457,0.650728,0.194332,10.507792,7.853811,0.904759,1.383141,1.138563,concentrate
11.089361,5.544645,0.527177,1.380144,0.575501,1.45197,5.785087,0.259482,0.29085,0.086914,1.103132,3.971114,0.277632,0.289469,0.096478,0.917935,5.271922,0.191463,0.297978,0.076771,3.2882,9.149258,0.763449,0.730887,0.20463,2.791692,5.324499,1.312795,0.716907,0.306677,2.47192,8.742375,0.711141,0.649478,0.228054,10.318324,9.180828,1.117885,1.375383,1.085335,concentrate
15.770211,5.559781,0.500163,1.471484,0.540807,1.756897,4.921278,0.236494,0.264172,0.110443,1.232753,3.372021,0.28102,0.2632,0.108893,1.162701,4.437848,0.191352,0.255157,0.097949,4.240024,9.714851,0.916842,0.71196,0.213803,3.125941,5.644865,1.379579,0.675699,0.304652,3.141477,9.294803,0.821526,0.628927,0.25579,10.05512,9.658417,1.34776,1.29844,1.003499,concentrate
21.201698,5.329178,0.484569,1.490834,0.528583,2.084713,3.873528,0.228509,0.241035,0.14633,1.346937,2.666217,0.278576,0.241958,0.125256,1.468027,3.460646,0.209748,0.222443,0.124101,5.089906,9.64469,0.983308,0.684367,0.216945,3.4255,5.468522,1.348563,0.630224,0.292286,3.58819,9.175807,0.884092,0.599047,0.27045,9.358438,9.181851,1.535762,1.199856,0.919916,concentrate
23.379879,4.874099,0.486703,1.416012,0.550251,2.424888,2.886495,0.240288,0.22504,0.189142,1.474061,2.028194,0.279839,0.233111,0.142732,1.811197,2.583531,0.248922,0.206162,0.149927,5.623431,8.969522,0.961737,0.652737,0.216831,3.567098,4.865004,1.254194,0.617863,0.275933,3.692758,8.38624,0.893413,0.570707,0.268814,8.13718,7.977506,1.653038,1.130746,0.862271,concentrate
24.038441,4.285608,0.531996,1.256181,0.595753,2.670571,2.128278,0.268735,0.216686,0.228784,1.625858,1.569169,0.299698,0.23701,0.157134,2.137071,1.953758,0.302698,0.20497,0.169479,5.6815,7.85284,0.903931,0.621741,0.217772,3.466982,4.052114,1.164357,0.656418,0.262679,3.443428,7.097422,0.887111,0.552596,0.252974,6.533351,6.527895,1.718802,1.11884,0.847044,concentrate
20.717644,3.667912,0.620202,1.051095,0.637283,2.79534,1.632036,0.308816,0.214526,0.254837,1.773435,1.297884,0.351774,0.248542,0.164417,2.370675,1.573706,0.363961,0.212995,0.178061,5.27082,6.556425,0.893308,0.594104,0.221897,3.134611,3.320701,1.152517,0.736532,0.25475,2.964475,5.609113,0.924494,0.54369,0.228731,5.017148,5.37088,1.790235,1.151487,0.869577,concentrate
16.808931,3.097415,0.761429,0.855238,0.647007,2.701361,1.321544,0.373571,0.2165,0.261411,1.856206,1.149215,0.45637,0.26216,0.162983,2.441129,1.349471,0.443146,0.225003,0.174793,4.556947,5.332199,1.012183,0.57101,0.228389,2.676736,2.884601,1.264423,0.831268,0.249478,2.431334,4.234016,1.068063,0.535977,0.203216,4.005209,4.802932,1.935551,1.191521,0.907021,concentrate
12.000218,2.646094,0.937381,0.71446,0.61195,2.440289,1.117041,0.484265,0.221719,0.250193,1.81919,1.058226,0.629114,0.273719,0.155052,2.319161,1.191699,0.559595,0.238931,0.163528,3.797971,4.398737,1.287668,0.555406,0.234227,2.244251,2.827876,1.483738,0.910143,0.242245,2.001234,3.227822,1.334399,0.524609,0.181609,3.621103,4.766275,2.182738,1.206428,0.929763,concentrate
8.563314,2.45423,1.105869,0.652229,0.539767,2.048538,1.009413,0.64713,0.22983,0.228982,1.650688,1.025531,0.844384,0.280845,0.145167,2.037181,1.091054,0.714893,0.253087,0.150494,3.170708,3.803663,1.661364,0.555154,0.235399,1.923382,3.08686,1.711073,0.951432,0.229194,1.707629,2.677716,1.662519,0.514577,0.165191,3.656824,4.980191,2.4732,1.189743,0.919297,concentrate
6.289196,2.635818,1.219661,0.664626,0.452069,1.642407,1.059644,0.850246,0.239205,0.207878,1.404194,1.122505,1.058723,0.284675,0.138698,1.679789,1.119357,0.894636,0.264972,0.141742,2.741309,3.511587,2.03893,0.577759,0.229573,1.727347,3.574432,1.849796,0.951015,0.210607,1.501585,2.541618,1.956934,0.514269,0.152541,3.788234,5.219835,2.708221,1.163081,0.875509,concentrate
5.247476,3.210263,1.259873,0.727536,0.381725,1.327214,1.322008,1.056758,0.247825,0.194942,1.152112,1.416774,1.22451,0.286161,0.139101,1.352926,1.352376,1.063702,0.271859,0.140892,2.508013,3.458773,2.325272,0.620071,0.216712,1.598947,4.213009,1.85497,0.913028,0.190216,1.346128,2.684778,2.118259,0.526872,0.142075,3.788971,5.428016,2.804276,1.154017,0.816073,concentrate
4.669757,4.051749,1.23017,0.807349,0.365792,1.143324,1.767753,1.211576,0.252602,0.192892,0.958606,1.904131,1.302787,0.283406,0.146573,1.1239,1.788714,1.174071,0.270853,0.147929,2.483542,3.587813,2.461608,0.669179,0.200174,1.513067,4.915523,1.73315,0.849864,0.174287,1.282288,2.945093,2.100637,0.548908,0.13488,3.726693,5.648394,2.722952,1.188689,0.773377,concentrate
4.104328,4.940533,1.149587,0.875391,0.425516,1.108623,2.27844,1.274155,0.252148,0.198551,0.861782,2.484922,1.287697,0.274589,0.157879,1.009399,2.323966,1.194216,0.261478,0.158972,2.728327,3.854286,2.449411,0.709109,0.184337,1.513098,5.563691,1.541509,0.778472,0.170994,1.412153,3.195133,1.935668,0.572963,0.132016,3.859688,5.89498,2.489221,1.266099,0.781672,concentrate
3.731557,5.608512,1.074435,0.915482,0.551584,1.174292,2.684057,1.2336,0.246484,0.205767,0.869395,2.985044,1.205868,0.257876,0.168375,0.988845,2.780741,1.124686,0.2454,0.168716,3.274734,4.206048,2.314033,0.726423,0.173522,1.661227,6.009775,1.341193,0.713277,0.189296,1.806104,3.374007,1.692307,0.589566,0.133579,4.421432,6.090973,2.15906,1.358999,0.861858,concentrate
3.164487,5.862045,1.014626,0.919331,0.705927,1.308412,2.835725,1.112855,0.2371,0.209508,0.968808,3.225274,1.100921,0.233258,0.174324,1.025153,2.986984,0.998737,0.225783,0.173372,4.057749,4.466197,2.102331,0.712489,0.170828,2.007601,6.084509,1.18883,0.66502,0.232447,2.434294,3.400252,1.451377,0.589102,0.139527,5.678185,6.084367,1.802505,1.420536,1.005363,concentrate
4.556032,5.72388,0.988192,0.889063,0.838555,1.466908,2.679373,0.957165,0.227523,0.206815,1.163305,3.11175,1.014151,0.204938,0.173529,1.088654,2.859007,0.864964,0.206563,0.171036,4.904183,4.427285,1.851865,0.666377,0.177134,2.656116,5.715677,1.091359,0.638192,0.294415,3.170743,3.197383,1.257904,0.567804,0.149722,8.503151,5.868146,1.472157,1.407875,1.171561,concentrate
9.198778,5.415209,0.972412,0.837961,0.909437,1.591462,2.279106,0.806695,0.221501,0.19757,1.45041,2.690146,0.959447,0.179034,0.166439,1.153978,2.443495,0.758238,0.19085,0.162493,5.564297,4.010991,1.576741,0.596079,0.191345,3.649578,5.003283,1.012456,0.62657,0.362296,3.811353,2.762267,1.105017,0.529446,0.163318,13.980761,5.621622,1.211302,1.312316,1.304202,concentrate
16.505178,5.207989,0.968806,0.782384,0.903609,1.620669,1.783692,0.687788,0.221351,0.184418,1.782459,2.11551,0.9266,0.161536,0.156549,1.192296,1.892574,0.692826,0.181396,0.15087,5.790137,3.287337,1.289654,0.515438,0.210594,4.843774,4.157964,0.925386,0.6148,0.420351,4.144493,2.165215,0.964581,0.482917,0.178466,22.323639,5.527051,1.058454,1.15269,1.352509,concentrate
26.183933,5.271708,0.985845,0.745357,0.840364,1.57674,1.367313,0.623927,0.23004,0.172226,2.086188,1.582773,0.903595,0.158262,0.148916,1.20053,1.397559,0.672774,0.183401,0.140014,5.469851,2.444409,1.023196,0.442244,0.230409,5.958338,3.41748,0.824056,0.586775,0.453884,4.072304,1.531643,0.823734,0.439762,0.192749,32.236721,5.70683,1.029068,0.96333,1.29574,concentrate
34.352058,5.58219,1.033734,0.74574,0.761244,1.492975,1.158675,0.641549,0.252765,0.166247,2.296316,1.254107,0.892058,0.176914,0.147017,1.199256,1.103485,0.70179,0.205091,0.13263,4.694689,1.733851,0.832561,0.393025,0.245427,6.710112,2.965389,0.730851,0.537263,0.45485,3.651779,1.017416,0.703316,0.411127,0.203468,41.236076,6.164191,1.099563,0.789676,1.154527,concentrate
39.365314,5.964126,1.085917,0.787743,0.704289,1.45971,1.200291,0.761007,0.292472,0.169866,2.350339,1.196484,0.893324,0.223312,0.150876,1.198893,1.059517,0.781636,0.250741,0.130186,3.6921,1.345891,0.770403,0.373019,0.251613,6.855397,2.846548,0.669276,0.47549,0.425701,3.038575,0.740924,0.643152,0.400692,0.208446,46.252171,6.68384,1.188385,0.669898,0.978772,concentrate
38.944874,6.154293,1.102438,0.855152,0.682674,1.496892,1.455424,0.959601,0.346633,0.182194,2.263436,1.371442,0.889635,0.295,0.15687,1.231783,1.225216,0.884076,0.315637,0.132657,2.728664,1.314783,0.813883,0.37755,0.249213,6.338463,2.953081,0.634957,0.420775,0.379304,2.428242,0.729256,0.637992,0.405197,0.2079,45.385834,6.971529,1.207181,0.621038,0.824663,concentrate
34.875874,5.950881,1.036385,0.920599,0.685694,1.635515,1.832428,1.179956,0.411715,0.197465,2.0911,1.659972,0.857229,0.381815,0.159376,1.301628,1.507702,0.967583,0.389218,0.138066,1.997796,1.533544,0.907789,0.403191,0.242196,5.281582,3.094103,0.617756,0.394387,0.332607,1.964586,0.928769,0.660397,0.421839,0.203982,38.75333,6.80214,1.121989,0.637418,0.730564,concentrate
29.313818,5.325783,0.890493,0.966128,0.692846,1.788773,2.213547,1.354635,0.488212,0.208388,1.9038,1.916143,0.783128,0.4742,0.15387,1.387163,1.80008,0.99773,0.463903,0.143111,1.570615,1.842015,1.005815,0.447644,0.235397,3.950176,3.142911,0.619101,0.409271,0.299411,1.70901,1.251978,0.690364,0.448873,0.200135,28.723955,6.19151,0.958575,0.701073,0.702281,concentrate
24.862322,4.437839,0.691638,0.991172,0.688668,1.89968,2.509221,1.415449,0.575174,0.209829,1.765919,2.046527,0.664999,0.564574,0.139514,1.45941,2.036662,0.950848,0.535911,0.14505,1.462287,2.148529,1.063906,0.50469,0.232564,2.677386,3.092105,0.650176,0.467888,0.284887,1.670894,1.644099,0.709898,0.480149,0.199576,18.637831,5.342335,0.778496,0.793522,0.715751,concentrate
22.813789,3.569142,0.527799,1.00911,0.671644,1.967079,2.728639,1.357431,0.666476,0.201143,1.757789,2.076028,0.538316,0.642764,0.119899,1.559094,2.245718,0.851849,0.602212,0.143099,1.744013,2.486554,1.119516,0.563872,0.234946,1.779037,3.030412,0.768312,0.553569,0.283633,1.897875,2.117115,0.748853,0.50587,0.203455,11.341152,4.569832,0.688134,0.895193,0.734908,concentrate
22.652769,2.991405,0.488265,1.035891,0.65017,2.08366,2.976075,1.220575,0.74948,0.185455,1.940566,2.127537,0.458521,0.697337,0.100505,1.765727,2.533234,0.755628,0.658445,0.137922,2.492104,2.997021,1.245345,0.615721,0.240862,1.454653,3.102579,1.036701,0.649891,0.284063,2.449655,2.74029,0.846524,0.521824,0.20986,8.028463,4.170877,0.749249,0.987218,0.731424,concentrate
23.172762,2.820704,0.585969,1.071644,0.628286,2.35085,3.375228,1.053524,0.808865,0.168565,2.311591,2.305918,0.447881,0.719717,0.086337,2.129519,2.988898,0.697565,0.700195,0.131784,3.686488,3.73163,1.473034,0.656408,0.246472,1.678023,3.357331,1.44217,0.749915,0.276347,3.331883,3.513442,1.005775,0.533895,0.214527,7.953144,4.203301,0.936974,1.055866,0.699605,concentrate
21.689741,3.118669,0.801926,1.104845,0.602041,2.768658,3.992781,0.906033,0.830992,0.155528,2.7823,2.6791,0.495234,0.705974,0.079501,2.605066,3.639502,0.696177,0.72229,0.127175,5.15139,4.615291,1.768,0.690693,0.248083,2.257092,3.75447,1.899437,0.859134,0.258419,4.421049,4.350245,1.192127,0.555665,0.213614,9.283411,4.518606,1.171674,1.098573,0.656895,concentrate
20.915436,3.866404,1.091701,1.123629,0.565891,3.240336,4.774798,0.820128,0.80819,0.14779,3.213717,3.241711,0.582399,0.656517,0.078661,3.063996,4.406301,0.761972,0.718131,0.125497,6.540942,5.481034,2.04381,0.72414,0.243772,2.987064,4.21155,2.294113,0.976945,0.233528,5.451065,5.097853,1.352073,0.596824,0.204914,10.537286,4.905632,1.374304,1.118325,0.635126,concentrate
19.813095,5.034918,1.399104,1.12412,0.517251,3.599097,5.551522,0.809934,0.74192,0.143991,3.452355,3.922621,0.689316,0.578325,0.080854,3.34788,5.135467,0.886093,0.682046,0.12664,7.519518,6.138253,2.205853,0.760287,0.233487,3.659458,4.64255,2.52493,1.093321,0.207287,6.151606,5.598289,1.441225,0.660051,0.188142,11.332004,5.318172,1.504593,1.121325,0.663878,concentrate
20.178431,6.427765,1.67502,1.115499,0.461154,3.681417,6.079888,0.875182,0.644022,0.141634,3.398758,4.567851,0.807321,0.484521,0.08388,3.322705,5.631132,1.051643,0.614313,0.129324,7.799252,6.41353,2.19237,0.798632,0.220293,4.130336,4.92104,2.542616,1.189356,0.186737,6.330342,5.733196,1.44167,0.738151,0.167595,11.719315,5.581596,1.566529,1.112919,0.762478,concentrate
21.592299,7.67278,1.893376,1.113161,0.409815,3.398056,6.158332,0.995335,0.533744,0.138616,3.042993,4.996748,0.931834,0.389646,0.087595,2.957744,5.743587,1.235838,0.524111,0.131903,7.301681,6.199752,1.981196,0.828448,0.20898,4.280671,4.924356,2.344506,1.236284,0.178382,5.914966,5.442713,1.344703,0.811166,0.150701,11.634559,5.510187,1.559742,1.085956,0.929303,concentrate
22.266071,8.382662,2.007224,1.127766,0.375269,2.813312,5.739755,1.130448,0.431247,0.133649,2.481747,5.093114,1.049982,0.306976,0.093072,2.34716,5.440942,1.402778,0.426889,0.132506,6.146271,5.575696,1.632608,0.835549,0.203781,4.078251,4.626578,1.990716,1.210627,0.186133,4.992793,4.811726,1.180361,0.854932,0.143493,11.057374,5.067282,1.491517,1.03459,1.136669,concentrate
21.433619,8.353719,1.996058,1.155513,0.36263,2.119109,4.946298,1.227506,0.350051,0.126382,1.876026,4.837948,1.129048,0.244837,0.101516,1.683504,4.817042,1.503151,0.33857,0.130076,4.707149,4.76528,1.253119,0.80899,0.207468,3.58369,4.117352,1.57355,1.103231,0.209155,3.841325,4.020767,0.994403,0.851489,0.148398,10.111016,4.385003,1.370183,0.969014,1.333178,concentrate
17.715124,7.6034,1.864841,1.176392,0.366079,1.493392,4.001066,1.260553,0.294242,0.117408,1.364552,4.295884,1.140832,0.204395,0.113172,1.130615,4.042099,1.510419,0.270178,0.124572,3.394619,3.985102,0.926675,0.749001,0.220457,2.909652,3.511481,1.178893,0.930039,0.24237,2.79183,3.256613,0.823782,0.79977,0.164296,9.047605,3.641824,1.210223,0.912099,1.458035,concentrate
12.94036,6.362401,1.638069,1.171017,0.374466,1.062797,3.138231,1.235805,0.257011,0.108041,1.022371,3.619482,1.080208,0.17929,0.127399,0.77574,3.311631,1.431222,0.22325,0.116998,2.500665,3.373276,0.687563,0.669599,0.239736,2.198541,2.916023,0.84805,0.723891,0.277856,2.10168,2.646244,0.685947,0.713885,0.186574,8.109065,2.995163,1.023425,0.89365,1.468508,concentrate
7.985209,4.986579,1.3353,1.13809,0.379203,0.830629,2.499595,1.172749,0.22893,0.100277,0.839064,2.965981,0.96007,0.163254,0.14359,0.606622,2.759499,1.292677,0.193941,0.109222,2.137368,2.964833,0.521715,0.591836,0.259652,1.603862,2.409334,0.585159,0.527555,0.306932,1.871751,2.231421,0.57747,0.615324,0.208074,7.551201,2.524425,0.819309,0.938393,1.358901,concentrate
5.266103,3.910249,1.059464,1.095679,0.377142,0.7644,2.118777,1.101875,0.207111,0.096952,0.753136,2.464075,0.817634,0.157003,0.161665,0.56222,2.438049,1.135535,0.179672,0.103685,2.203408,2.7214,0.417794,0.537106,0.275208,1.235862,2.027279,0.410916,0.376225,0.32361,2.021297,2.00048,0.506035,0.52799,0.223075,7.480922,2.197274,0.636808,1.052801,1.168079,concentrate
4.547915,3.599231,0.899446,1.06624,0.370305,0.862851,1.954105,1.037252,0.191497,0.099775,0.748019,2.19619,0.691539,0.163141,0.179774,0.617902,2.334055,0.989256,0.176169,0.101635,2.474463,2.583355,0.381092,0.515761,0.283602,1.143574,1.764022,0.341636,0.284069,0.32537,2.358538,1.929821,0.484108,0.468584,0.229363,7.785914,1.932588,0.523995,1.212821,0.968485,concentrate
6.322824,4.332747,0.894073,1.052993,0.3641,1.135186,1.947745,0.97681,0.181453,0.108242,0.855795,2.183442,0.605307,0.179122,0.194076,0.788364,2.400365,0.866178,0.176697,0.102625,2.745382,2.50625,0.418488,0.519487,0.284158,1.285837,1.602576,0.369301,0.24674,0.314169,2.682749,1.993712,0.512849,0.439026,0.22827,8.209901,1.68287,0.504835,1.367128,0.835924,concentrate
9.808105,5.975347,0.994851,1.041024,0.363206,1.578838,2.02713,0.898866,0.178794,0.119632,1.113999,2.353227,0.545484,0.200459,0.200157,1.08261,2.551785,0.751592,0.178722,0.105198,2.81421,2.45334,0.505696,0.530495,0.27731,1.527266,1.523158,0.449839,0.250661,0.29635,2.813624,2.144906,0.5664,0.431263,0.223398,8.347551,1.439595,0.559705,1.463757,0.817376,concentrate
14.044047,8.026669,1.110989,1.009504,0.367689,2.062819,2.13249,0.787972,0.184064,0.13029,1.482225,2.585839,0.486831,0.222682,0.195356,1.436052,2.699697,0.633187,0.182711,0.107848,2.685931,2.381203,0.587511,0.532639,0.264527,1.758822,1.492119,0.523513,0.282703,0.279222,2.713326,2.302588,0.595927,0.432939,0.217943,7.953313,1.207913,0.633941,1.470972,0.910596,concentrate
17.510397,9.730075,1.167115,0.949353,0.375575,2.431473,2.20525,0.656909,0.19533,0.137654,1.850194,2.750657,0.422231,0.2422,0.180536,1.743454,2.764187,0.524678,0.190218,0.109899,2.407238,2.278871,0.617832,0.518571,0.248462,1.925229,1.479659,0.54399,0.333337,0.267658,2.421371,2.396912,0.567348,0.432165,0.213132,6.99798,1.024952,0.680285,1.398159,1.068162,concentrate
18.430851,10.441543,1.120815,0.870522,0.387871,2.563857,2.199884,0.541677,0.210848,0.142137,2.08678,2.743477,0.359109,0.258126,0.160609,1.901938,2.696682,0.45256,0.204292,0.112108,2.108042,2.160007,0.588733,0.491498,0.232643,2.036198,1.47007,0.505975,0.397969,0.261977,2.029141,2.389057,0.488144,0.422482,0.208759,5.671968,0.935705,0.676476,1.295245,1.218976,concentrate
16.665518,9.87847,0.984045,0.795623,0.409554,2.413455,2.117362,0.480502,0.227721,0.146663,2.088584,2.546365,0.310937,0.27148,0.142315,1.849965,2.514461,0.434254,0.22635,0.115857,1.881879,2.039459,0.525883,0.45879,0.219844,2.092519,1.479555,0.43894,0.473725,0.258684,1.658099,2.285328,0.398748,0.403344,0.204485,4.331985,0.972869,0.631816,1.218599,1.300392,concentrate
12.875409,8.243648,0.813161,0.744272,0.444592,2.052531,2.010588,0.486148,0.245517,0.15465,1.862257,2.216089,0.287277,0.283589,0.130875,1.617526,2.288458,0.466381,0.256907,0.121981,1.797884,1.921506,0.459718,0.431015,0.21131,2.115818,1.541096,0.381928,0.554862,0.256678,1.41071,2.120775,0.33858,0.380929,0.200111,3.372761,1.160173,0.573149,1.218043,1.289884,concentrate
8.311398,6.094401,0.661997,0.725851,0.490837,1.627758,1.961247,0.541778,0.268294,0.167336,1.499187,1.866739,0.2838,0.297483,0.127831,1.308615,2.119918,0.522199,0.295317,0.130302,1.824818,1.807744,0.415575,0.411058,0.205929,2.097436,1.67195,0.365904,0.62819,0.257664,1.30136,1.942915,0.321574,0.359275,0.194716,3.011172,1.487434,0.529259,1.311748,1.2059,concentrate
4.545558,4.053391,0.566026,0.735517,0.537747,1.244301,2.005926,0.611651,0.300142,0.18208,1.1213,1.595741,0.290984,0.317297,0.131136,1.015518,2.065401,0.569351,0.337211,0.139595,1.861921,1.72356,0.400927,0.398062,0.200665,2.006462,1.862621,0.393216,0.678519,0.263753,1.276051,1.800116,0.33487,0.340617,0.186701,3.274281,1.905121,0.504198,1.470226,1.091947,concentrate
2.148752,2.521048,0.523703,0.756696,0.575098,0.956059,2.106232,0.652065,0.34145,0.193582,0.82322,1.428885,0.300949,0.3467,0.136813,0.790518,2.098994,0.580309,0.376547,0.14839,1.85073,1.715555,0.409789,0.392911,0.192908,1.82033,2.080211,0.440585,0.69753,0.277427,1.281533,1.729695,0.348302,0.32815,0.175378,4.050863,2.324415,0.483583,1.629856,0.997114,concentrate
1.181261,1.596673,0.531345,0.779742,0.602357,0.782199,2.187291,0.643744,0.389713,0.197213,0.663125,1.340357,0.338939,0.385962,0.141491,0.6621,2.146756,0.559383,0.408747,0.156236,1.771693,1.873874,0.462304,0.394634,0.182009,1.58523,2.350777,0.511625,0.687323,0.299848,1.297402,1.779273,0.355756,0.322051,0.160891,5.130843,2.692554,0.465049,1.719703,0.95565,concentrate
1.079625,1.17204,0.590302,0.814144,0.625753,0.776395,2.188074,0.585775,0.444731,0.191274,0.662403,1.289913,0.441803,0.430888,0.144022,0.676959,2.136553,0.527618,0.434284,0.163458,1.724443,2.349262,0.591564,0.399425,0.169709,1.439804,2.783605,0.627959,0.655116,0.327808,1.345976,2.036293,0.37823,0.318805,0.143952,6.343201,3.096562,0.456463,1.686782,0.971631,concentrate
1.826195,1.293279,0.766297,0.87769,0.655274,1.087091,2.135441,0.50037,0.507935,0.178621,0.863662,1.278201,0.629008,0.473152,0.145676,0.961168,2.076329,0.510016,0.456948,0.17063,1.785398,3.364454,0.80237,0.401498,0.160082,1.508284,3.550853,0.80156,0.608367,0.354166,1.445969,2.669219,0.444592,0.3134,0.126599,7.579342,3.798846,0.474019,1.527333,1.020895,concentrate
4.08779,2.337816,1.12889,0.976704,0.697936,1.888022,2.264834,0.425923,0.577013,0.164181,1.328458,1.434439,0.885367,0.501218,0.147304,1.664271,2.163575,0.528367,0.478203,0.176686,2.014728,5.084695,1.057962,0.393781,0.156716,1.854303,4.774236,1.021866,0.552955,0.370918,1.611964,3.829946,0.567394,0.301873,0.112021,8.788477,5.062526,0.523322,1.292343,1.068313,concentrate
8.498729,4.606143,1.672529,1.102128,0.750015,3.265494,2.952587,0.38953,0.644055,0.151618,2.074785,1.947391,1.151268,0.504767,0.148047,2.847154,2.702053,0.583749,0.495004,0.178671,2.406836,7.414746,1.28906,0.373544,0.159882,2.438788,6.350836,1.25435,0.495707,0.373695,1.859063,5.480592,0.726197,0.285398,0.103199,9.881347,6.848259,0.591418,1.057415,1.088456,concentrate
14.107,7.953263,2.317557,1.233964,0.797235,5.181542,4.427583,0.400049,0.696737,0.141547,3.066716,2.927582,1.350801,0.480103,0.146083,4.467603,3.863831,0.656869,0.50079,0.17336,2.912057,10.019484,1.426038,0.345112,0.166084,3.097835,7.969308,1.467211,0.441859,0.364036,2.213524,7.403978,0.873501,0.270019,0.101624,10.704405,8.778353,0.666414,0.889234,1.071786,concentrate
19.857838,11.740282,2.919528,1.353365,0.820746,7.498961,6.553228,0.462145,0.72225,0.133011,4.197345,4.292662,1.427144,0.434301,0.140416,6.377419,5.532993,0.732198,0.489905,0.160356,3.451959,12.421107,1.43386,0.319019,0.169942,3.624967,9.218371,1.638566,0.396521,0.349185,2.711924,9.287746,0.969779,0.263725,0.106433,11.10671,10.298951,0.73679,0.821882,1.024801,concentrate
24.026869,14.945807,3.340313,1.450239,0.807723,10.137342,8.875269,0.557607,0.715653,0.127104,5.388631,5.773562,1.368158,0.38454,0.133136,8.446846,7.349347,0.794815,0.462734,0.144591,3.960221,14.14544,1.340596,0.307806,0.167714,3.897811,9.754236,1.765171,0.367514,0.336742,3.377906,10.803233,1.015936,0.273027,0.115037,11.066484,10.92117,0.811449,0.849769,0.964827,concentrate
25.920284,16.578434,3.471629,1.530096,0.759512,13.058531,10.934905,0.645938,0.686565,0.126797,6.65234,7.051507,1.204844,0.349336,0.128146,10.613368,8.935365,0.828646,0.429256,0.133844,4.373762,14.854937,1.223817,0.316379,0.159891,3.870631,9.455595,1.854477,0.359295,0.329239,4.164137,11.67622,1.054479,0.298191,0.124668,10.675818,10.462769,0.914297,0.93412,0.909268,concentrate
25.358093,16.258644,3.291764,1.603961,0.693373,16.170082,12.355397,0.707257,0.655138,0.134293,8.007373,7.856185,0.998846,0.338414,0.128576,12.753517,9.964067,0.829206,0.404074,0.133859,4.659242,14.499887,1.169056,0.341726,0.15132,3.610479,8.556057,1.938125,0.368842,0.323785,4.958404,11.782022,1.133914,0.333721,0.133995,10.177958,9.169451,1.070655,1.02659,0.866863,concentrate
23.456974,14.267657,2.89017,1.667692,0.633294,19.044765,12.90498,0.752437,0.637634,0.148537,9.379088,8.041564,0.826844,0.347541,0.134656,14.635173,10.248637,0.817675,0.394822,0.145164,4.756358,13.283827,1.20003,0.374321,0.147875,3.228937,7.490438,2.017248,0.394635,0.315352,5.564444,11.163021,1.25339,0.369457,0.143326,9.726118,7.529001,1.277141,1.091726,0.837893,concentrate
22.765957,11.363063,2.39302,1.699497,0.599608,21.339798,12.594183,0.787487,0.635307,0.165314,10.571431,7.575541,0.743364,0.362425,0.144173,15.992901,9.799708,0.806476,0.398102,0.163677,4.585251,11.603726,1.277694,0.404946,0.153942,2.860539,6.740347,2.047725,0.440567,0.30383,5.766955,10.00294,1.367335,0.396043,0.154627,9.386043,6.07265,1.486486,1.119401,0.820417,concentrate
24.560299,8.506879,1.936719,1.670571,0.599698,22.621401,11.815076,0.819349,0.63924,0.179094,11.331379,6.617007,0.758531,0.370561,0.153929,16.651005,8.916776,0.798457,0.406746,0.183186,4.142213,9.975919,1.335007,0.430712,0.170962,2.625596,6.730934,2.013524,0.515045,0.297206,5.460311,8.631756,1.411953,0.409542,0.16988,9.249791,5.293142,1.647228,1.116977,0.811671,concentrate
28.591177,6.408073,1.603119,1.561589,0.624928,22.805765,10.947585,0.852332,0.641684,0.185586,11.449062,5.377964,0.837843,0.372261,0.161158,16.514441,7.879195,0.789335,0.420337,0.198087,3.559838,8.771856,1.317608,0.454689,0.196574,2.624022,7.546134,1.923774,0.620303,0.30652,4.705728,7.371458,1.345745,0.412893,0.189954,9.419587,5.362083,1.727753,1.103805,0.809743,concentrate
33.273888,5.226447,1.424728,1.390041,0.656956,21.881401,10.128963,0.88861,0.642804,0.183636,10.876355,4.065712,0.943666,0.3787,0.164086,15.673073,6.836924,0.783902,0.446449,0.205337,3.006669,8.073819,1.217606,0.478219,0.224899,2.865184,8.868838,1.809395,0.745008,0.336735,3.68652,6.389983,1.177793,0.413173,0.213763,9.861848,6.103171,1.733788,1.10941,0.812104,concentrate
36.117008,4.692388,1.377238,1.205646,0.675428,20.291553,9.412323,0.919303,0.651093,0.175386,9.812788,2.924545,1.033369,0.402515,0.162134,14.422832,5.949104,0.777273,0.49417,0.204913,2.648312,7.696613,1.063118,0.496436,0.24855,3.261504,10.1474,1.708875,0.864692,0.382376,2.691899,5.687698,0.958828,0.415381,0.238025,10.418186,7.174673,1.699444,1.153679,0.816883,concentrate
35.350224,4.451773,1.424102,1.064005,0.664786,18.663355,8.868828,0.94419,0.674084,0.165264,8.674538,2.209145,1.090456,0.447265,0.155902,13.278581,5.4071,0.778985,0.564273,0.198979,2.482296,7.361786,0.898741,0.505201,0.261314,3.635354,10.841552,1.649724,0.951832,0.429744,1.936162,5.162343,0.755616,0.419727,0.25826,10.781147,8.259229,1.666797,1.237518,0.821764,concentrate
32.230255,4.411621,1.569866,1.008282,0.624368,17.421669,8.524549,0.962161,0.70716,0.157675,7.805557,2.074119,1.124487,0.500879,0.146293,12.53792,5.325343,0.803044,0.641128,0.189939,2.429727,6.834272,0.759949,0.505117,0.260534,3.821355,10.613338,1.633979,0.987881,0.462274,1.522912,4.674953,0.619799,0.42135,0.270441,10.705873,9.064054,1.660318,1.350273,0.822281,concentrate
27.892342,4.680513,1.799223,1.051984,0.57077,16.576982,8.404764,0.973732,0.733956,0.154679,7.27878,2.541339,1.15197,0.542909,0.134331,12.18081,5.708826,0.855194,0.697351,0.179197,2.356383,5.954874,0.682225,0.504888,0.247567,3.723264,9.414458,1.64585,0.971502,0.467125,1.381828,4.081808,0.575323,0.416779,0.272123,10.079895,9.330888,1.679566,1.475557,0.814212,concentrate
25.345823,5.26154,2.087036,1.181286,0.52621,15.906816,8.473113,0.988092,0.735025,0.155746,6.960091,3.429873,1.197767,0.559983,0.121326,11.973924,6.39361,0.936232,0.708521,0.167281,2.116657,4.720934,0.685573,0.52062,0.226522,3.297553,7.490816,1.668456,0.923116,0.44109,1.342139,3.305002,0.6074,0.411841,0.262737,9.004947,8.902386,1.708906,1.606689,0.795755,concentrate
25.996044,5.958179,2.386206,1.351889,0.502933,15.275326,8.579794,1.010922,0.6988,0.159062,6.625477,4.401391,1.268392,0.552321,0.10918,11.705774,7.085227,1.034063,0.666218,0.15446,1.722891,3.384172,0.768214,0.560521,0.202534,2.642944,5.333172,1.696492,0.86921,0.392623,1.28582,2.45656,0.68768,0.415118,0.243719,7.762656,7.831176,1.728369,1.744396,0.770712,concentrate
28.403074,6.448308,2.618432,1.508876,0.500409,14.590595,8.600741,1.031962,0.628689,0.164021,6.138215,5.135147,1.342943,0.532092,0.10041,11.315912,7.532035,1.120224,0.581826,0.141958,1.359959,2.318242,0.912513,0.617326,0.180637,1.963223,3.481354,1.726441,0.824588,0.336043,1.211801,1.755123,0.79207,0.430894,0.218519,6.711995,6.375881,1.716085,1.886687,0.753536,concentrate
31.606192,6.4487,2.692597,1.606722,0.50959,14.079265,8.481483,1.021195,0.545069,0.171914,5.542782,5.424963,1.369231,0.515912,0.096793,10.923311,7.59778,1.150425,0.482149,0.131434,1.180199,1.807989,1.085275,0.672495,0.164476,1.461232,2.2988,1.735219,0.789819,0.283959,1.130499,1.364675,0.903288,0.457554,0.191609,6.074351,4.844102,1.658572,2.009891,0.763508,concentrate
33.043793,5.90151,2.556192,1.625347,0.519489,13.705905,8.190491,0.957431,0.472666,0.183393,4.940042,5.22118,1.304691,0.5165,0.098415,10.562196,7.270571,1.098492,0.395901,0.123358,1.238722,1.945233,1.251333,0.707546,0.155398,1.238752,1.873518,1.698421,0.756328,0.243726,1.058007,1.338216,1.00808,0.486344,0.167453,5.877289,3.539314,1.55382,2.072626,0.814453,concentrate
31.163179,4.937759,2.21479,1.55853,0.523849,13.324818,7.629674,0.842453,0.42499,0.196788,4.399077,4.596687,1.146173,0.53195,0.10396,10.142274,6.580915,0.972558,0.337901,0.117016,1.46432,2.607348,1.377403,0.711287,0.152338,1.271019,2.048917,1.604649,0.712084,0.218905,0.992539,1.61024,1.09834,0.506091,0.14965,5.846559,2.673036,1.418114,2.037747,0.909934,concentrate
26.857155,3.747661,1.759711,1.411407,0.521624,12.54631,6.759101,0.706869,0.398931,0.208545,3.894005,3.718947,0.937993,0.547135,0.111638,9.442835,5.63841,0.820066,0.304966,0.111853,1.741741,3.518979,1.452523,0.687513,0.151267,1.461739,2.53584,1.482207,0.658033,0.213145,0.974304,2.033174,1.176265,0.510328,0.13874,5.695539,2.32556,1.291423,1.895965,1.044127,concentrate
19.459726,2.678172,1.318057,1.20778,0.513327,11.182051,5.734069,0.573869,0.382465,0.214313,3.396214,2.80267,0.730168,0.547669,0.11949,8.322781,4.655457,0.680127,0.285539,0.107878,2.014324,4.396205,1.484816,0.648131,0.148064,1.73307,3.086001,1.385972,0.606637,0.230973,1.07027,2.462009,1.242867,0.498581,0.133146,5.253609,2.499704,1.227621,1.668166,1.201375,concentrate
13.204273,1.953218,0.998786,0.98559,0.498538,9.307304,4.85287,0.465654,0.363816,0.210074,2.94001,2.04811,0.573196,0.528458,0.125282,6.882619,3.873169,0.576451,0.270052,0.104808,2.348175,5.061612,1.491272,0.60455,0.142224,2.076855,3.562317,1.375028,0.572257,0.273347,1.37074,2.814435,1.296981,0.475297,0.130778,4.586051,3.094569,1.27643,1.39978,1.354764,concentrate
8.812044,1.626209,0.855338,0.795085,0.476601,7.355541,4.280358,0.409873,0.340752,0.194136,2.596835,1.559612,0.498999,0.497088,0.127279,5.392166,3.391078,0.519392,0.259404,0.102163,2.80531,5.462363,1.471731,0.562943,0.136653,2.493747,3.902522,1.458073,0.55913,0.332417,1.88277,3.081764,1.32965,0.447924,0.130428,3.918022,3.90974,1.446747,1.15292,1.469836,concentrate
7.151244,1.652573,0.876618,0.688921,0.449024,5.655382,4.085939,0.422495,0.326636,0.168713,2.395457,1.384944,0.516549,0.472251,0.124867,4.099589,3.237997,0.510559,0.269818,0.099678,3.364389,5.654226,1.399744,0.525121,0.134615,2.946429,4.092644,1.585468,0.558291,0.393089,2.500758,3.314667,1.309952,0.424134,0.131937,3.445105,4.685733,1.697064,0.979937,1.516832,concentrate
7.071738,2.035043,0.978709,0.691468,0.419746,4.428813,4.315683,0.496677,0.340187,0.140119,2.315063,1.572789,0.598429,0.470018,0.118787,3.155157,3.440717,0.536416,0.317719,0.097341,3.925554,5.799297,1.252121,0.493309,0.13668,3.340089,4.21916,1.686716,0.55796,0.438586,3.070657,3.640064,1.209787,0.408982,0.135338,3.213096,5.310387,1.958144,0.895587,1.481793,concentrate
7.569496,2.999643,1.096995,0.790827,0.394336,3.650271,5.039627,0.617411,0.390764,0.116838,2.286292,2.210705,0.714032,0.497493,0.110775,2.561564,4.066162,0.586723,0.404945,0.095234,4.350424,6.109301,1.038702,0.475627,0.140779,3.583827,4.459969,1.717166,0.553732,0.456569,3.403403,4.213165,1.037703,0.40685,0.140409,3.219461,5.947768,2.164767,0.884111,1.372596,concentrate
8.742235,4.913457,1.192002,0.944506,0.376807,3.156668,6.346965,0.753124,0.472838,0.106176,2.23811,3.383856,0.821105,0.546607,0.102989,2.226484,5.202984,0.645935,0.516569,0.093803,4.463023,6.670969,0.79926,0.475472,0.143443,3.562428,4.916837,1.650975,0.541244,0.44334,3.376177,5.077963,0.827637,0.41813,0.146001,3.386414,6.784211,2.26079,0.903932,1.212832,concentrate
11.223363,7.988925,1.257405,1.098521,0.367144,2.812495,8.23434,0.877444,0.568198,0.110797,2.146171,5.043089,0.890604,0.600248,0.097003,2.040653,6.850078,0.701746,0.627114,0.093824,4.164156,7.377847,0.592674,0.499873,0.142336,3.248418,5.551677,1.505197,0.53473,0.406258,2.958266,6.099013,0.628818,0.448491,0.151994,3.652874,7.868769,2.217203,0.931006,1.036093,concentrate
15.190055,11.973717,1.321796,1.197927,0.361721,2.505803,10.441236,0.979844,0.648814,0.127509,2.015821,6.904199,0.914294,0.636718,0.093581,1.929777,8.772803,0.747581,0.708314,0.096148,3.504751,7.994944,0.467505,0.547334,0.138061,2.738004,6.257523,1.311988,0.552341,0.360096,2.28205,7.003284,0.487922,0.49976,0.159459,3.907513,9.079097,2.031039,0.957442,0.879026,concentrate
21.841553,16.122089,1.419764,1.2072,0.35797,2.366052,12.471697,1.073005,0.68748,0.148584,1.968603,8.543081,0.906909,0.637051,0.092767,1.942458,10.525148,0.795911,0.737942,0.100904,2.709255,8.366675,0.452853,0.611753,0.134676,2.27165,7.029897,1.114061,0.605609,0.319503,1.576491,7.555921,0.444903,0.573417,0.169293,4.272069,10.290241,1.761079,1.000074,0.773669,concentrate
28.970701,19.459455,1.564029,1.130375,0.357825,2.56539,13.724463,1.185006,0.678904,0.166176,2.182622,9.579117,0.894811,0.602213,0.094293,2.186568,11.584121,0.871935,0.716674,0.107428,2.156775,8.524837,0.554123,0.686395,0.13758,2.272066,8.059527,0.956418,0.694791,0.292986,1.171325,7.690088,0.525515,0.668534,0.180943,5.151314,11.589037,1.50363,1.087488,0.738462,concentrate
35.658863,21.173992,1.724425,1.005591,0.363835,3.164432,13.742801,1.323759,0.644787,0.17523,2.77752,9.837155,0.890683,0.554368,0.097664,2.669323,11.576565,0.987224,0.670034,0.114279,2.274657,8.638499,0.722057,0.764961,0.148854,3.314928,9.612296,0.85231,0.804259,0.280273,1.383306,7.525394,0.703459,0.778774,0.191413,7.106045,13.188154,1.321973,1.225543,0.770144,concentrate
39.269905,20.928907,1.848374,0.881877,0.3763,4.033075,12.443825,1.468365,0.616076,0.174351,3.736532,9.389186,0.895455,0.522724,0.101988,3.305112,10.460157,1.133637,0.630007,0.119298,3.312514,8.846374,0.897516,0.840061,0.166025,5.845026,11.72913,0.793891,0.909217,0.276931,2.342092,7.255378,0.915304,0.888929,0.196475,10.406385,15.15906,1.237233,1.397113,0.844092,concentrate
38.788139,18.871866,1.886916,0.796188,0.395728,4.970601,10.149855,1.582556,0.615943,0.165794,4.897394,8.460936,0.901657,0.52623,0.105968,3.952848,8.535563,1.289792,0.617218,0.120197,5.107977,9.077446,1.032468,0.899043,0.183681,9.769958,13.971123,0.764825,0.98514,0.2803,3.870552,6.986102,1.088902,0.974467,0.193122,14.713977,17.120129,1.241613,1.558442,0.928446,concentrate
34.979874,15.806064,1.808133,0.769481,0.426685,5.78414,7.474712,1.628632,0.649068,0.153888,6.021298,7.313385,0.893209,0.568822,0.108091,4.506959,6.326848,1.416026,0.633203,0.115302,7.137889,9.130114,1.092307,0.928603,0.196516,14.341608,15.602744,0.73907,1.028214,0.290225,5.534416,6.705693,1.158339,1.011465,0.181528,19.070578,18.435797,1.280246,1.663243,0.994073,concentrate
29.417318,12.739569,1.638764,0.811702,0.475656,6.389165,5.082301,1.586702,0.70521,0.143742,6.887156,6.156919,0.859669,0.63962,0.107695,4.920372,4.371425,1.473028,0.66484,0.10553,8.718818,8.765989,1.061381,0.920126,0.202721,18.397564,15.94325,0.685953,1.053617,0.306417,6.77786,6.29594,1.087801,0.989341,0.165943,22.35482,18.602757,1.29003,1.698848,1.020953,concentrate
24.99749,10.420599,1.429198,0.913486,0.543656,6.751773,3.353594,1.471755,0.761682,0.138697,7.375349,5.051628,0.812191,0.714907,0.105078,5.199332,2.959257,1.448551,0.688829,0.094117,9.318144,7.875425,0.96558,0.876268,0.204384,20.822912,14.710201,0.600974,1.08223,0.325056,7.156643,5.646145,0.909429,0.915018,0.152822,23.67391,17.40893,1.259787,1.680246,0.996736,concentrate
23.241495,9.071297,1.227913,1.053537,0.62003,6.913572,2.311513,1.327483,0.799172,0.139277,7.500067,3.976202,0.764149,0.772871,0.101166,5.381874,2.093601,1.357412,0.688562,0.084707,8.764965,6.521212,0.838385,0.813661,0.204829,20.963926,12.134495,0.494832,1.131691,0.33915,6.566269,4.722186,0.682807,0.812287,0.147765,22.739349,15.02945,1.210992,1.645135,0.927045,concentrate
23.343382,8.494088,1.080131,1.207963,0.683103,6.966853,1.752885,1.210898,0.815641,0.143408,7.388403,2.955991,0.731559,0.804356,0.097382,5.53159,1.616208,1.238723,0.665759,0.079311,7.381028,5.019935,0.709537,0.760623,0.206165,18.968826,8.986618,0.390593,1.209353,0.342068,5.335838,3.696267,0.477207,0.714115,0.152742,20.057323,12.12009,1.175356,1.630126,0.838944,concentrate
24.491987,8.318263,1.006985,1.347611,0.708635,6.906849,1.447363,1.168338,0.818661,0.148073,7.150962,2.06762,0.732234,0.810706,0.095313,5.640436,1.348156,1.139248,0.631529,0.077631,5.725807,3.660991,0.588611,0.743943,0.208074,15.595056,6.107228,0.310778,1.309085,0.332383,3.969928,2.757029,0.332968,0.647047,0.165229,16.507757,9.320414,1.156198,1.642509,0.769921,concentrate
24.781092,8.099545,0.993501,1.447439,0.68394,6.68358,1.277613,1.208856,0.814946,0.150431,6.77917,1.416213,0.772184,0.797623,0.096147,5.599194,1.207072,1.089409,0.597804,0.077624,4.352829,2.678647,0.475487,0.77087,0.209083,11.83989,4.045611,0.262324,1.40706,0.318353,2.909225,2.064204,0.242357,0.618108,0.180163,12.950443,7.095605,1.125816,1.672442,0.754052,concentrate
23.073538,7.626616,1.013384,1.491636,0.615209,6.175921,1.207092,1.279161,0.800535,0.148373,6.241018,1.084557,0.828689,0.766373,0.09982,5.310164,1.184726,1.069803,0.567493,0.076827,3.629958,2.178405,0.380487,0.823783,0.207439,8.579645,2.916297,0.249621,1.474476,0.313585,2.394498,1.69916,0.183991,0.613507,0.192584,9.956409,5.563603,1.053711,1.696293,0.802485,concentrate
21.318478,6.713155,1.069313,1.470913,0.523386,5.483975,1.242705,1.322119,0.764288,0.140839,5.603827,1.029363,0.884818,0.71477,0.105013,4.838951,1.275552,1.045553,0.534958,0.073664,3.610479,2.068068,0.31494,0.868225,0.202042,6.309955,2.420966,0.269673,1.490977,0.329329,2.411777,1.604795,0.143087,0.607982,0.199452,7.762468,4.479673,0.934561,1.687026,0.894571,concentrate
18.718925,5.396253,1.139021,1.389887,0.435426,4.782838,1.406642,1.308493,0.697267,0.128338,4.97816,1.125974,0.924907,0.641343,0.109949,4.343273,1.469652,0.993089,0.49099,0.068197,4.010478,2.168837,0.283291,0.870535,0.192897,5.032085,2.218723,0.311297,1.451198,0.366555,2.678902,1.657535,0.11751,0.579335,0.199755,6.324934,3.601933,0.787358,1.626998,0.987159,concentrate
15.593927,3.919433,1.209229,1.262563,0.372039,4.301338,1.714923,1.242978,0.600794,0.113181,4.488441,1.262138,0.932038,0.551284,0.113611,4.016488,1.760613,0.908177,0.430548,0.062251,4.413581,2.339094,0.27345,0.817644,0.182131,4.429578,2.152762,0.354699,1.363958,0.415268,2.880926,1.758095,0.108393,0.520655,0.194917,5.464295,2.933125,0.637058,1.522433,1.035296,concentrate
12.855942,2.623359,1.241684,1.117682,0.340932,4.091408,2.153178,1.151356,0.495156,0.099619,4.164932,1.37551,0.889893,0.460521,0.116399,3.900079,2.13251,0.802092,0.363414,0.05888,4.51142,2.519324,0.26182,0.721405,0.172888,4.155992,2.215562,0.361908,1.244634,0.459167,2.823741,1.860519,0.113418,0.441495,0.188413,5.073345,2.666365,0.505271,1.40404,1.013329,concentrate
10.710938,1.796729,1.235531,0.994896,0.338369,4.008313,2.658025,1.06103,0.410711,0.092602,3.930196,1.459311,0.809272,0.389358,0.119497,3.864425,2.546237,0.696674,0.309752,0.060695,4.20072,2.724693,0.239615,0.608052,0.167439,3.965355,2.434942,0.337568,1.112072,0.484279,2.512361,1.957164,0.127754,0.359923,0.184178,5.04331,2.930215,0.422059,1.311269,0.924282,concentrate
9.628694,1.497942,1.202514,0.923966,0.354953,3.863065,3.144575,0.995946,0.368826,0.095028,3.670791,1.511662,0.71906,0.34953,0.123868,3.746211,2.929342,0.616619,0.285455,0.068105,3.538131,3.005455,0.234334,0.504639,0.167368,3.685824,2.824858,0.311835,0.981245,0.486389,2.063615,2.064525,0.166156,0.29215,0.185105,5.16617,3.655108,0.436266,1.271476,0.795093,concentrate
9.179854,1.623135,1.152153,0.909908,0.381777,3.550479,3.523498,0.968313,0.370488,0.105944,3.309102,1.519892,0.649084,0.339398,0.130017,3.433848,3.184504,0.577149,0.292457,0.07902,2.664535,3.381738,0.281175,0.430774,0.173771,3.254941,3.341904,0.317068,0.862728,0.471637,1.618853,2.191168,0.247054,0.248019,0.192075,5.201255,4.601355,0.578984,1.288763,0.661855,concentrate
9.74206,1.992869,1.089688,0.942858,0.416461,3.056914,3.702842,0.960656,0.395734,0.12116,2.850957,1.464232,0.61241,0.347831,0.137961,2.918247,3.218814,0.568672,0.317432,0.089918,1.793335,3.80883,0.398698,0.395153,0.18619,2.770672,3.896699,0.364599,0.76548,0.450436,1.288664,2.323236,0.374859,0.229376,0.203476,5.044127,5.479552,0.832771,1.344704,0.553309,concentrate
11.401179,2.493079,1.019723,0.999002,0.463625,2.506831,3.625262,0.940001,0.413877,0.135449,2.404268,1.330753,0.603694,0.35734,0.146558,2.33078,2.99365,0.56543,0.338038,0.097304,1.173753,4.168623,0.57047,0.396278,0.202356,2.360062,4.367982,0.44938,0.68996,0.430643,1.18987,2.411594,0.53236,0.233118,0.215987,4.757601,6.047943,1.136915,1.402798,0.479405,concentrate
13.392537,3.053109,0.952617,1.043768,0.526859,2.05975,3.319306,0.885886,0.401091,0.145594,2.07256,1.136669,0.606692,0.353663,0.15355,1.838264,2.573811,0.548882,0.336584,0.099367,0.928874,4.330785,0.744058,0.428541,0.219859,2.091811,4.661057,0.553495,0.631083,0.414812,1.354165,2.399329,0.678985,0.257625,0.227875,4.539655,6.203953,1.411783,1.438073,0.437169,concentrate
16.148531,3.568673,0.896964,1.054387,0.602077,1.823697,2.878133,0.794812,0.355327,0.151221,1.916725,0.914323,0.603187,0.338799,0.156867,1.559422,2.089514,0.512456,0.310688,0.0966,1.063233,4.243407,0.866074,0.487733,0.237313,1.967824,4.749889,0.657241,0.589318,0.401675,1.755633,2.267644,0.771913,0.305529,0.239693,4.63077,6.014724,1.597658,1.460445,0.424773,concentrate
19.191719,3.910706,0.852392,1.030548,0.674248,1.950757,2.42221,0.672792,0.295502,0.153391,1.957547,0.706715,0.58107,0.326171,0.155142,1.603366,1.678706,0.45694,0.273756,0.091458,1.483413,3.980997,0.904104,0.566124,0.254195,1.935774,4.684326,0.746026,0.567989,0.387799,2.317683,2.060047,0.785056,0.377411,0.252516,5.106049,5.616135,1.658524,1.498279,0.445155,concentrate
21.759693,3.987229,0.805423,0.985896,0.721755,2.570341,2.063522,0.538957,0.249355,0.153076,2.195721,0.56824,0.536075,0.330485,0.148331,2.069236,1.440477,0.39143,0.246879,0.08766,2.058634,3.70493,0.86949,0.648476,0.268872,1.961021,4.547138,0.814379,0.564677,0.37029,2.919619,1.86325,0.724164,0.462767,0.265682,5.860438,5.120502,1.59666,1.576388,0.502324,concentrate
23.293215,3.790732,0.743349,0.935285,0.727232,3.707352,1.875263,0.42176,0.233472,0.150578,2.594005,0.562979,0.486192,0.354225,0.137994,2.935216,1.412808,0.335255,0.242865,0.088356,2.623516,3.561662,0.821389,0.713965,0.278475,2.044027,4.410945,0.876961,0.569375,0.348396,3.380815,1.760049,0.634125,0.540675,0.275719,6.660894,4.593056,1.473671,1.700728,0.592397,concentrate
22.826796,3.423304,0.663024,0.884717,0.687125,5.091653,1.89279,0.337209,0.246916,0.145867,3.046216,0.742914,0.450083,0.386127,0.126692,3.98551,1.585606,0.297647,0.260333,0.094438,3.0429,3.567804,0.81672,0.742851,0.280085,2.240852,4.289796,0.942922,0.572491,0.322575,3.563149,1.758362,0.562373,0.586912,0.277796,7.247615,4.029756,1.360973,1.842286,0.702001,concentrate
20.528843,3.03774,0.560282,0.827793,0.613051,6.284125,2.115174,0.284761,0.275007,0.139295,3.387387,1.10655,0.427843,0.40776,0.117162,4.872675,1.918149,0.273658,0.285852,0.104104,3.258482,3.62559,0.875008,0.721475,0.272327,2.630056,4.129411,1.00495,0.564429,0.295554,3.440061,1.808312,0.534357,0.583996,0.268712,7.461068,3.406452,1.297905,1.947483,0.812532,concentrate
16.628199,2.832865,0.469206,0.753927,0.527879,6.878032,2.50018,0.269499,0.301449,0.132194,3.469682,1.591287,0.412274,0.404949,0.111093,5.287191,2.357934,0.263068,0.30385,0.113883,3.280305,3.610444,0.972892,0.651101,0.25619,3.227296,3.838891,1.052786,0.541218,0.271567,3.093166,1.85856,0.546738,0.530544,0.248793,7.357061,2.719202,1.271697,1.9687,0.904617,concentrate
13.105935,2.985417,0.468677,0.665761,0.4556,6.682218,2.968745,0.287211,0.318524,0.126631,3.231627,2.093451,0.395688,0.378754,0.108216,5.080888,2.84442,0.26348,0.308366,0.120615,3.18581,3.445204,1.060315,0.550552,0.235157,3.984011,3.357955,1.072888,0.503507,0.25435,2.668505,1.879849,0.576227,0.443394,0.222139,7.139322,2.019027,1.240875,1.896796,0.961404,concentrate
13.608097,3.560972,0.611688,0.58962,0.410746,5.809504,3.446526,0.316132,0.328841,0.124315,2.724775,2.503223,0.368857,0.34398,0.106609,4.339916,3.322153,0.266,0.305281,0.123508,3.029507,3.153267,1.084189,0.446761,0.213861,4.712228,2.72942,1.062251,0.457793,0.246171,2.305136,1.872772,0.592211,0.349694,0.195432,6.976751,1.420467,1.171284,1.761506,0.973207,concentrate
18.2623,4.406168,0.893542,0.554331,0.393612,4.605578,3.884001,0.346844,0.341606,0.125422,2.087739,2.743464,0.33522,0.318843,0.104207,3.331064,3.745523,0.27182,0.306884,0.124146,2.870944,2.844825,1.023081,0.361311,0.196066,5.197397,2.105536,1.020036,0.413808,0.246847,2.07351,1.850485,0.5746,0.273108,0.174469,6.983691,1.036919,1.057585,1.612698,0.939331,concentrate
26.482487,5.227576,1.240885,0.57081,0.395031,3.439852,4.255427,0.371925,0.364391,0.128468,1.482612,2.815744,0.3088,0.311234,0.099936,2.353383,4.089314,0.284138,0.321245,0.125033,2.738855,2.64475,0.892555,0.303503,0.183456,5.306599,1.673967,0.947379,0.376164,0.253968,1.955094,1.827053,0.520916,0.224923,0.162564,7.121077,0.901331,0.924341,1.49881,0.868008,concentrate
34.434658,5.75918,1.535698,0.638734,0.405468,2.554365,4.56022,0.380206,0.398699,0.131019,1.033921,2.817998,0.294739,0.316967,0.094046,1.607689,4.376816,0.296659,0.347525,0.127663,2.639898,2.613637,0.732638,0.278277,0.175917,5.049314,1.561318,0.851123,0.349425,0.264502,1.868069,1.804265,0.443015,0.206403,0.159812,7.245238,0.975631,0.799884,1.445489,0.773096,concentrate
39.223099,5.865465,1.692923,0.748508,0.423587,1.985209,4.837983,0.374636,0.440423,0.13113,0.800549,2.922864,0.291197,0.325343,0.088207,1.154625,4.694768,0.303962,0.378573,0.131218,2.525747,2.730685,0.583548,0.285502,0.172473,4.536489,1.771864,0.738334,0.338557,0.275464,1.728086,1.777215,0.356775,0.212521,0.164122,7.144852,1.18339,0.695608,1.440085,0.672866,concentrate
39.482018,5.585711,1.683898,0.878495,0.454887,1.632037,5.131622,0.369883,0.480728,0.12845,0.762951,3.272727,0.295988,0.325979,0.08507,0.923973,5.128289,0.306109,0.404572,0.133309,2.37408,2.949076,0.47191,0.322594,0.172175,3.934042,2.207288,0.615314,0.344357,0.285084,1.527288,1.7641,0.278688,0.237054,0.172396,6.66046,1.473686,0.610743,1.441956,0.59277,concentrate
35.05632,5.10918,1.548249,1.001559,0.505591,1.369165,5.445819,0.374501,0.509783,0.124646,0.857516,3.889019,0.300788,0.315119,0.087062,0.805257,5.694535,0.301322,0.416823,0.131943,2.15655,3.239767,0.404439,0.39068,0.175585,3.361185,2.720152,0.489568,0.3671,0.292927,1.307236,1.800522,0.223666,0.279424,0.18225,5.881917,1.83924,0.536192,1.418923,0.564564,concentrate
27.376038,4.703506,1.365515,1.103171,0.579298,1.172262,5.708776,0.38621,0.519353,0.122612,1.036334,4.640915,0.293989,0.295443,0.095155,0.75471,6.290308,0.285183,0.410397,0.127521,1.892107,3.581367,0.372618,0.492769,0.18299,2.909122,3.170667,0.378508,0.408583,0.299119,1.121077,1.911173,0.199236,0.339118,0.191482,5.202638,2.24709,0.462852,1.359094,0.607812,concentrate
20.601328,4.561705,1.230559,1.188007,0.670787,1.118152,5.800208,0.394726,0.506737,0.125488,1.253861,5.291388,0.271618,0.273628,0.108694,0.800802,6.717742,0.257772,0.387698,0.123124,1.608679,3.942878,0.365018,0.62573,0.194338,2.588053,3.458868,0.308651,0.469864,0.305253,1.000676,2.085373,0.204548,0.408741,0.198908,4.968623,2.635604,0.384301,1.271542,0.716361,concentrate
18.679466,4.715784,1.196477,1.26981,0.763731,1.217186,5.621437,0.386414,0.475323,0.134792,1.441836,5.608803,0.237627,0.256969,0.125405,0.942439,6.780291,0.224236,0.357179,0.122597,1.347875,4.241829,0.372159,0.774566,0.20824,2.331527,3.533834,0.291218,0.548426,0.313354,0.956142,2.265167,0.230881,0.47512,0.204758,5.278774,2.913263,0.309245,1.189299,0.857788,concentrate
21.271498,5.003486,1.245561,1.353849,0.834938,1.433044,5.131653,0.354659,0.432386,0.149012,1.54025,5.468207,0.199305,0.248248,0.141622,1.126558,6.373176,0.194315,0.327164,0.126764,1.135182,4.362584,0.390211,0.910138,0.22111,2.072977,3.397183,0.312719,0.635872,0.32415,0.97926,2.369986,0.265066,0.523599,0.20939,5.913215,2.996422,0.256938,1.149472,0.985534,concentrate
27.322157,5.154293,1.299949,1.429994,0.860933,1.684203,4.397707,0.306185,0.389091,0.163636,1.531539,4.894944,0.161983,0.245286,0.153587,1.315008,5.549112,0.176365,0.303846,0.13262,0.983021,4.203099,0.422759,0.996912,0.228127,1.802449,3.092421,0.347927,0.718264,0.335706,1.055883,2.333367,0.297395,0.542867,0.211993,6.474893,2.864592,0.244643,1.16787,1.057876,concentrate
32.412407,4.996874,1.287344,1.480714,0.827342,2.011871,3.611993,0.245242,0.354674,0.172734,1.460866,4.060761,0.126223,0.243205,0.158562,1.532099,4.527889,0.167451,0.288293,0.134943,0.905989,3.756476,0.469945,1.009502,0.225096,1.556687,2.693819,0.376048,0.779728,0.343667,1.188127,2.162018,0.320827,0.530132,0.210413,6.71541,2.580218,0.276748,1.225017,1.056266,concentrate
33.446537,4.576455,1.179172,1.488858,0.736457,2.433125,3.044534,0.186112,0.330989,0.171945,1.389612,3.231818,0.095765,0.236799,0.155248,1.803293,3.623525,0.165043,0.276035,0.129353,0.903149,3.126071,0.52094,0.945951,0.211239,1.394019,2.272249,0.387444,0.808816,0.343096,1.363294,1.944683,0.3275,0.492554,0.202798,6.702815,2.25146,0.33791,1.282503,0.994208,concentrate
30.748898,4.073182,0.979946,1.442017,0.608137,2.870603,2.916327,0.15058,0.315729,0.160645,1.340514,2.65228,0.075485,0.222687,0.144103,2.083317,3.102725,0.169416,0.261808,0.115043,0.96141,2.502742,0.562572,0.826723,0.190171,1.3107,1.890267,0.381366,0.80001,0.32991,1.547336,1.806529,0.320678,0.443831,0.188903,6.656405,1.974151,0.398481,1.310283,0.90651,concentrate
24.16074,3.595442,0.73526,1.338937,0.475333,3.171259,3.30979,0.148025,0.306085,0.142669,1.306248,2.439001,0.067796,0.199946,0.127341,2.289958,3.082985,0.17623,0.242821,0.095657,1.083563,2.123061,0.577566,0.684878,0.168187,1.308622,1.590139,0.360178,0.755056,0.303696,1.711455,1.863631,0.308866,0.398092,0.170788,6.752436,1.803473,0.430377,1.298563,0.832919,concentrate
16.580063,3.216642,0.511831,1.188636,0.373866,3.21115,4.114025,0.172227,0.301625,0.125011,1.252619,2.546158,0.072174,0.172845,0.108387,2.348397,3.49212,0.179923,0.220779,0.077341,1.314146,2.155687,0.554899,0.553486,0.151216,1.357694,1.385407,0.332846,0.685423,0.26858,1.857716,2.153053,0.302598,0.365694,0.152557,6.952402,1.73539,0.424607,1.25643,0.799384,concentrate
9.398577,2.939983,0.361216,1.020907,0.329206,2.955173,5.038799,0.215121,0.302472,0.114275,1.170423,2.806952,0.088732,0.149793,0.090854,2.23446,4.100248,0.185695,0.200231,0.06547,1.727227,2.564287,0.497842,0.458074,0.141912,1.428565,1.235563,0.301082,0.611164,0.231943,2.013792,2.580548,0.311831,0.353315,0.138205,7.12897,1.7092,0.389379,1.202131,0.803429,concentrate
4.977592,2.748754,0.304103,0.877637,0.345611,2.475405,5.731184,0.261711,0.309798,0.112989,1.074227,3.034445,0.115298,0.139427,0.077302,1.983676,4.622885,0.196189,0.188015,0.062062,2.370649,3.123206,0.433334,0.414278,0.138792,1.504796,1.08331,0.273589,0.554676,0.200602,2.204285,2.960172,0.346038,0.365534,0.129923,7.238184,1.642971,0.352987,1.159913,0.819883,concentrate
3.036525,2.623642,0.327872,0.791632,0.404627,1.932301,5.926951,0.299225,0.326292,0.119026,1.011181,3.100772,0.145858,0.148434,0.068824,1.683022,4.837896,0.205587,0.190446,0.065577,3.225042,3.560759,0.392271,0.4242,0.136628,1.636627,0.907376,0.262435,0.536401,0.177321,2.447998,3.123368,0.40803,0.403893,0.126312,7.325763,1.478657,0.355978,1.137603,0.816357,concentrate
2.836929,2.580371,0.389274,0.770008,0.47664,1.53583,5.604454,0.327366,0.352636,0.129666,1.044396,2.996243,0.177177,0.177875,0.06596,1.463266,4.701275,0.21262,0.208178,0.0736,4.19372,3.686708,0.405081,0.476336,0.130312,1.881948,0.719904,0.289909,0.563759,0.161823,2.743255,3.009171,0.500284,0.463547,0.123816,7.580462,1.230246,0.432382,1.119968,0.773705,concentrate
3.764878,2.607114,0.449215,0.792028,0.537011,1.441705,4.997113,0.367876,0.386437,0.145131,1.23336,2.785374,0.217062,0.221809,0.070312,1.422573,4.33779,0.231744,0.236559,0.085584,5.140499,3.468138,0.490125,0.55566,0.119375,2.294056,0.553024,0.383509,0.632558,0.153533,3.092343,2.677149,0.621334,0.53758,0.119874,8.287626,0.940128,0.589965,1.085232,0.69413,concentrate
5.653644,2.652702,0.505944,0.822145,0.573964,1.70515,4.485444,0.451668,0.423914,0.167378,1.59418,2.548798,0.276076,0.271141,0.083572,1.602975,3.954041,0.282679,0.2698,0.10235,5.913802,3.055153,0.637512,0.647073,0.108831,2.875778,0.459634,0.544691,0.726239,0.153291,3.483644,2.289989,0.754426,0.617632,0.115202,9.510787,0.703134,0.796624,1.027397,0.596947,concentrate
7.713006,2.718166,0.562974,0.829651,0.585731,2.239958,4.357982,0.590816,0.459766,0.196619,2.048683,2.336215,0.358196,0.317577,0.105491,1.938157,3.706622,0.37569,0.302879,0.123646,6.347206,2.708513,0.808465,0.73155,0.105407,3.535837,0.515321,0.734538,0.818686,0.162253,3.861881,2.041125,0.869814,0.691548,0.112623,11.158239,0.596192,0.993722,0.96744,0.508582,concentrate
10.208766,2.800216,0.614756,0.79601,0.578854,2.926418,4.645271,0.76118,0.486467,0.228436,2.484759,2.154923,0.450591,0.355728,0.132539,2.304174,3.615298,0.495744,0.331402,0.146122,6.32314,2.677106,0.947596,0.787409,0.112202,4.108352,0.783072,0.885148,0.878184,0.180881,4.138775,2.079329,0.935061,0.744134,0.113835,12.845409,0.704841,1.12381,0.943491,0.452337,concentrate
11.612452,2.887663,0.646629,0.730694,0.566957,3.528967,5.073282,0.915053,0.500094,0.25495,2.771768,1.970368,0.528077,0.387305,0.158612,2.567261,3.546674,0.612114,0.354792,0.16422,5.844093,3.066882,1.009701,0.803252,0.127184,4.429451,1.268448,0.941698,0.883823,0.210003,4.248223,2.444601,0.930581,0.764352,0.118233,14.23338,1.093597,1.159046,0.991567,0.441366,concentrate
12.261608,3.020891,0.652707,0.67406,0.564303,3.965101,5.275357,0.99749,0.504141,0.268323,2.82387,1.746312,0.564592,0.421142,0.178117,2.653263,3.343672,0.687642,0.377346,0.17298,5.053005,3.805007,0.984045,0.784628,0.146062,4.420896,1.928673,0.886357,0.835691,0.250897,4.16886,3.058195,0.8613,0.748539,0.12463,14.99382,1.772933,1.113356,1.129652,0.480405,concentrate
13.785553,3.415691,0.630521,0.670095,0.580897,4.135005,5.053938,0.977561,0.506891,0.264613,2.639918,1.490982,0.550387,0.465662,0.187875,2.572777,2.95222,0.695083,0.402989,0.170385,4.143215,4.676037,0.886319,0.750255,0.164864,4.122107,2.70266,0.74546,0.757479,0.304715,3.914332,3.761176,0.749922,0.701647,0.133853,14.966434,2.690665,1.030417,1.344543,0.567641,concentrate
18.43609,4.227451,0.591917,0.739039,0.617049,4.129109,4.447182,0.87484,0.512555,0.245556,2.312029,1.259966,0.507768,0.519229,0.18793,2.416667,2.446144,0.646762,0.427678,0.158527,3.287286,5.409691,0.75682,0.721384,0.180711,3.629018,3.479671,0.586908,0.68804,0.368897,3.51383,4.366755,0.629261,0.634576,0.148358,13.991415,3.698949,0.958552,1.590645,0.689088,concentrate
27.233004,5.443326,0.566972,0.858762,0.66362,4.064689,3.74855,0.775625,0.518036,0.217865,2.001499,1.159224,0.487855,0.569973,0.18057,2.339872,2.044008,0.602796,0.442086,0.142707,2.610692,5.798194,0.641006,0.707669,0.191775,3.069444,4.116752,0.508874,0.659839,0.434029,3.034471,4.725492,0.528528,0.559029,0.169037,12.303822,4.586608,0.944733,1.803888,0.820557,concentrate
39.366043,6.876482,0.60419,0.977952,0.706043,4.218771,3.404252,0.765438,0.515798,0.190252,1.88452,1.275213,0.53405,0.601901,0.1686,2.554219,2.017052,0.619088,0.438445,0.129033,2.215766,5.765257,0.575573,0.703767,0.197098,2.569613,4.51536,0.587561,0.679748,0.485616,2.580478,4.757584,0.465272,0.484037,0.193568,10.306235,5.188185,1.011924,1.938298,0.930788,concentrate
52.140499,8.189671,0.734663,1.042843,0.730159,4.860021,3.73041,0.890771,0.498286,0.169114,2.112723,1.599993,0.660901,0.602541,0.154055,3.22829,2.496354,0.721949,0.414214,0.121152,2.210027,5.378146,0.586225,0.696615,0.196585,2.273473,4.680873,0.842679,0.726915,0.509484,2.281985,4.468734,0.449595,0.416824,0.21691,8.542148,5.448174,1.158951,1.993723,0.994039,concentrate
61.842861,9.011847,0.952303,1.031691,0.728277,6.000882,4.707131,1.127023,0.463277,0.155779,2.688301,2.021563,0.833522,0.568942,0.137746,4.314353,3.368636,0.88518,0.374464,0.11863,2.617552,4.794231,0.658086,0.674433,0.190957,2.279575,4.682234,1.205029,0.767465,0.498031,2.224927,3.940777,0.468224,0.362293,0.233328,7.443004,5.395225,1.349593,2.005211,1.000598,concentrate
65.617409,9.204641,1.216298,0.958086,0.700363,7.40347,5.995059,1.381107,0.414665,0.147389,3.476873,2.386941,0.979295,0.509303,0.120297,5.573992,4.33819,1.037056,0.329889,0.118136,3.314312,4.189426,0.73855,0.628912,0.181699,2.567023,4.595778,1.544576,0.768575,0.453815,2.422011,3.315072,0.489872,0.317613,0.238736,7.196466,5.126219,1.529144,2.002806,0.960659,concentrate
63.046497,8.91587,1.484283,0.857064,0.654446,8.628062,7.080432,1.545465,0.357971,0.140362,4.273453,2.557878,1.038346,0.438234,0.104119,6.662961,5.046415,1.108632,0.289251,0.116412,4.045227,3.68563,0.786817,0.562105,0.171342,3.03475,4.437608,1.754229,0.718144,0.388621,2.755569,2.737092,0.493745,0.277723,0.232657,7.72886,4.772755,1.650243,1.989874,0.899753,concentrate
57.555473,8.439994,1.727728,0.771926,0.603066,9.269978,7.523136,1.552467,0.300092,0.13341,4.851282,2.465652,0.9984,0.370483,0.093894,7.243811,5.232631,1.074353,0.256069,0.112551,4.53598,3.29306,0.780477,0.487532,0.163185,3.511721,4.163608,1.777588,0.628666,0.319629,3.057823,2.283392,0.469351,0.244397,0.218354,8.848549,4.443119,1.66836,1.953936,0.846776,concentrate
51.777657,8.08074,1.920447,0.738084,0.558857,9.088214,7.252811,1.406108,0.250838,0.127673,5.05848,2.181811,0.897876,0.315113,0.094137,7.158195,4.913569,0.961152,0.231274,0.107737,4.569737,2.927746,0.731158,0.422813,0.160271,3.793571,3.722847,1.632028,0.528233,0.263044,3.127717,1.9322,0.424843,0.226101,0.201523,10.12855,4.168077,1.579314,1.87265,0.818311,concentrate
47.770004,7.888709,2.043331,0.773912,0.527937,8.216925,6.473509,1.1533,0.218652,0.124491,4.850464,1.842155,0.792328,0.273526,0.105313,6.480025,4.292481,0.815521,0.212943,0.103526,4.08469,2.512723,0.664951,0.380888,0.16323,3.725046,3.121425,1.394358,0.44535,0.228855,2.870947,1.627268,0.369119,0.230495,0.186978,10.963786,3.906474,1.417349,1.737965,0.809751,concentrate
45.439407,7.669471,2.101788,0.872416,0.508943,6.937053,5.537305,0.873246,0.206055,0.125005,4.307031,1.585973,0.727341,0.241183,0.123603,5.441761,3.645828,0.685254,0.198171,0.101831,3.257834,2.034431,0.607273,0.363436,0.169753,3.280218,2.419499,1.15604,0.394833,0.218534,2.364676,1.338793,0.317033,0.258587,0.175653,10.994609,3.599168,1.249627,1.573342,0.802756,concentrate
42.869183,7.166523,2.108201,1.008257,0.49787,5.673185,4.755999,0.651812,0.215263,0.130498,3.615897,1.482668,0.724156,0.216379,0.143442,4.375276,3.183001,0.604431,0.189312,0.10474,2.379475,1.575091,0.575013,0.361933,0.175779,2.57866,1.741399,0.981051,0.371179,0.227232,1.794187,1.091452,0.287344,0.302754,0.165116,10.211458,3.244248,1.131056,1.423892,0.77658,concentrate
37.556961,6.17234,2.072955,1.159104,0.490407,4.692218,4.253366,0.531073,0.248066,0.14146,2.991412,1.504783,0.759469,0.203165,0.159978,3.546585,2.956733,0.57205,0.192194,0.113433,1.745658,1.272524,0.564045,0.366247,0.178415,1.862936,1.239993,0.882381,0.358791,0.246492,1.37292,0.941304,0.283671,0.350236,0.15277,9.04015,2.935016,1.072669,1.331194,0.7227,concentrate
29.449524,4.806086,1.985395,1.301304,0.482419,4.068436,3.944569,0.500144,0.300222,0.156395,2.580925,1.545399,0.784823,0.206125,0.16962,3.06187,2.85856,0.56146,0.210223,0.126711,1.515767,1.238551,0.55758,0.368295,0.176554,1.375313,1.041201,0.836527,0.34658,0.265844,1.236537,0.934072,0.295431,0.3859,0.138493,8.040678,2.788707,1.04539,1.30073,0.648032,concentrate
22.207308,3.601693,1.884168,1.418888,0.471986,3.678981,3.632556,0.52419,0.362807,0.171666,2.409876,1.509038,0.769838,0.231762,0.170526,2.854546,2.724488,0.550358,0.246233,0.141031,1.656451,1.462579,0.546812,0.36686,0.169634,1.235295,1.165305,0.808158,0.336454,0.275797,1.380042,1.053131,0.315596,0.399284,0.124889,7.542185,2.87227,1.005605,1.310272,0.576429,concentrate
20.394339,2.999945,1.796235,1.5134,0.461241,3.290851,3.168435,0.571816,0.425154,0.182361,2.375206,1.387216,0.71336,0.287097,0.16419,2.725046,2.465809,0.535988,0.299906,0.152184,1.983555,1.796002,0.532828,0.366117,0.158176,1.378889,1.46777,0.774724,0.340889,0.270289,1.691681,1.212246,0.345372,0.389319,0.115449,7.495106,3.123992,0.927768,1.323493,0.536488,concentrate
25.036451,3.242341,1.743501,1.599046,0.454279,2.769857,2.570716,0.628081,0.479395,0.184322,2.35419,1.258235,0.638156,0.372803,0.154105,2.518708,2.126631,0.529799,0.367895,0.157043,2.292349,2.047434,0.528569,0.374907,0.144625,1.61397,1.751775,0.734455,0.371287,0.250286,2.030272,1.313078,0.392429,0.364494,0.112183,7.636261,3.379731,0.82156,1.322689,0.551567,concentrate
35.766376,4.247512,1.720697,1.701091,0.454427,2.171517,2.032583,0.693801,0.52436,0.176275,2.273449,1.228109,0.576888,0.479694,0.143764,2.220365,1.857928,0.545472,0.444322,0.154521,2.459298,2.080961,0.534483,0.407594,0.132579,1.77037,1.866967,0.69055,0.435128,0.223448,2.300353,1.3038,0.456282,0.343565,0.114904,7.727452,3.490451,0.707289,1.328624,0.632495,concentrate
48.804794,5.606509,1.747309,1.846924,0.463082,1.633756,1.784288,0.772611,0.563474,0.160538,2.112045,1.359509,0.552045,0.589353,0.135043,1.887391,1.81102,0.585585,0.52112,0.145499,2.491857,1.913977,0.550904,0.475693,0.125694,1.811554,1.771313,0.650951,0.527828,0.20142,2.472693,1.227013,0.533083,0.345957,0.12206,7.606644,3.411625,0.618304,1.378576,0.770859,concentrate
59.945042,6.73456,1.82963,2.038148,0.478665,1.294685,1.949682,0.858031,0.597104,0.142119,1.903568,1.626115,0.560447,0.679267,0.128429,1.617486,2.041471,0.638494,0.585567,0.13213,2.488419,1.671378,0.565704,0.578939,0.127088,1.832209,1.5379,0.620995,0.632014,0.194268,2.568948,1.175373,0.602095,0.379683,0.131283,7.237473,3.228247,0.573795,1.488471,0.937389,concentrate
64.041588,7.119171,1.935293,2.234027,0.496943,1.288825,2.447164,0.923114,0.618215,0.126905,1.725401,1.907553,0.57338,0.729059,0.123403,1.523652,2.451844,0.676948,0.621592,0.117239,2.562063,1.505206,0.562015,0.703261,0.137795,2.020198,1.314968,0.604819,0.727198,0.20433,2.622771,1.228384,0.633972,0.437896,0.139912,6.781438,3.079772,0.567079,1.632369,1.087344,concentrate
60.383167,6.740218,2.003231,2.361591,0.511675,1.641833,3.078506,0.943066,0.615522,0.119183,1.640558,2.067779,0.560605,0.72763,0.11889,1.66159,2.872704,0.677658,0.61642,0.103522,2.769843,1.496558,0.524527,0.826901,0.155148,2.490929,1.212669,0.591957,0.803292,0.225309,2.684071,1.391967,0.608542,0.503838,0.145986,6.467494,3.043312,0.574989,1.749727,1.179643,concentrate
50.418877,5.610576,1.972683,2.356545,0.517773,2.277885,3.658509,0.906673,0.5814,0.119898,1.66755,2.032083,0.517526,0.679698,0.113639,1.99935,3.166098,0.637105,0.567963,0.093023,3.077361,1.613229,0.455756,0.928793,0.175299,3.220514,1.255092,0.576531,0.866232,0.250168,2.772602,1.593011,0.530524,0.560289,0.150143,6.425177,3.08416,0.579986,1.773308,1.199178,concentrate
38.746155,4.277601,1.830068,2.197822,0.517014,3.007193,4.065127,0.817717,0.516405,0.127369,1.763517,1.811161,0.468462,0.60286,0.107117,2.424934,3.267851,0.570663,0.48574,0.08711,3.355242,1.815024,0.394321,0.993944,0.19494,4.004268,1.431341,0.574843,0.927328,0.275399,2.858009,1.782784,0.439656,0.596584,0.155764,6.63893,3.120974,0.609018,1.662397,1.158856,concentrate
29.410034,3.379594,1.611602,1.921986,0.518637,3.572189,4.246466,0.705444,0.432042,0.13833,1.837626,1.496326,0.447015,0.519864,0.100231,2.748623,3.19027,0.508096,0.38897,0.086451,3.466766,2.140395,0.391736,1.019014,0.21241,4.589073,1.74674,0.614035,0.99527,0.30225,2.92275,1.996297,0.386527,0.61191,0.166799,6.984853,3.147453,0.705679,1.428921,1.08937,concentrate
25.578211,3.33787,1.401725,1.599199,0.534911,3.738937,4.215283,0.607841,0.347753,0.15004,1.807535,1.217035,0.476326,0.453329,0.095394,2.825615,3.001303,0.476915,0.300719,0.091543,3.358238,2.698726,0.476256,1.008886,0.227443,4.75983,2.230008,0.712781,1.06795,0.333464,2.946512,2.331155,0.405726,0.611424,0.184761,7.243083,3.225107,0.886125,1.129293,1.025807,concentrate
27.187132,4.204123,1.246117,1.30348,0.574985,3.472623,4.027341,0.547063,0.282348,0.160986,1.680425,1.083207,0.548902,0.415818,0.094544,2.626168,2.789103,0.483177,0.237936,0.101335,3.067914,3.579212,0.63543,0.973633,0.23881,4.481216,2.899815,0.863697,1.131669,0.367343,2.929324,2.864624,0.498697,0.601228,0.20672,7.24439,3.478004,1.126021,0.846028,0.991174,concentrate
32.082111,5.958426,1.201733,1.091819,0.640263,2.900642,3.760891,0.516046,0.248904,0.170823,1.535668,1.162821,0.628539,0.406402,0.097799,2.243926,2.641459,0.507252,0.207783,0.113018,2.759161,4.736773,0.832805,0.926379,0.245242,3.932885,3.720248,1.042355,1.169204,0.397902,2.901415,3.582987,0.645593,0.587366,0.227914,7.011509,4.040583,1.394382,0.649343,0.984885,concentrate
38.79948,8.601048,1.289158,0.974415,0.721884,2.281828,3.494272,0.489799,0.252832,0.179559,1.48817,1.460824,0.666077,0.414082,0.103382,1.840928,2.616347,0.515305,0.208722,0.123373,2.543281,5.889094,1.009534,0.877251,0.245524,3.380361,4.513921,1.194315,1.166131,0.418016,2.856498,4.28575,0.806557,0.574379,0.243628,7.039623,4.875079,1.639062,0.564888,0.989669,concentrate
46.511658,11.954172,1.484744,0.929594,0.802904,1.838443,3.276841,0.449758,0.288212,0.186499,1.60221,1.903969,0.630701,0.422689,0.108506,1.56674,2.71483,0.484197,0.230674,0.130087,2.497312,6.662818,1.103084,0.827333,0.238553,3.076404,5.047038,1.259606,1.114246,0.422812,2.78478,4.709463,0.931299,0.562517,0.249587,7.945711,5.788804,1.789239,0.567963,0.982796,concentrate
54.751183,15.45367,1.722877,0.923052,0.862566,1.666368,3.125863,0.39042,0.33779,0.189451,1.842022,2.380168,0.526333,0.41558,0.110498,1.460358,2.88516,0.409559,0.257229,0.132134,2.59739,6.758843,1.084419,0.771965,0.224593,3.079596,5.141274,1.214498,1.01608,0.412526,2.691556,4.661369,0.984557,0.549933,0.243616,10.009144,6.517249,1.799836,0.608122,0.947306,concentrate
61.857319,18.283419,1.935442,0.936534,0.883405,1.717594,3.011552,0.316328,0.381431,0.185477,2.111782,2.758673,0.386135,0.383909,0.107643,1.492512,3.029761,0.307901,0.274876,0.129617,2.754288,6.125027,0.979834,0.710493,0.205948,3.281254,4.794271,1.096336,0.8858,0.392287,2.584279,4.132577,0.961106,0.535408,0.226887,12.901258,6.866069,1.687851,0.639119,0.877545,concentrate
66.792938,19.715273,2.083361,0.96996,0.857124,1.871738,2.899484,0.243182,0.403909,0.173028,2.295032,2.949745,0.25498,0.330268,0.09967,1.580604,3.071691,0.211788,0.278328,0.123286,2.862128,4.984536,0.851412,0.649462,0.186921,3.476099,4.155773,0.970467,0.743621,0.368497,2.483538,3.306542,0.879366,0.519079,0.204504,15.799406,6.752108,1.508812,0.64297,0.781955,concentrate
67.945564,19.350157,2.119509,1.025413,0.786327,1.989911,2.764775,0.195447,0.399281,0.153291,2.317297,2.928274,0.171466,0.267125,0.088328,1.644559,2.976295,0.156794,0.26914,0.114106,2.84017,3.727796,0.755932,0.595508,0.171524,3.497947,3.476353,0.893643,0.608344,0.343621,2.382347,2.46417,0.769612,0.498881,0.184132,17.677038,6.259409,1.325806,0.626133,0.676833,concentrate
63.186947,17.198027,2.034061,1.096724,0.686144,1.98998,2.582674,0.193374,0.373355,0.13043,2.163555,2.705924,0.16384,0.21311,0.076434,1.638778,2.739058,0.168146,0.255134,0.10358,2.675155,2.687759,0.713754,0.55208,0.161119,3.306805,2.951798,0.875744,0.496967,0.316127,2.263972,1.822776,0.663527,0.47263,0.171885,17.846857,5.494415,1.167941,0.602335,0.57644,concentrate
52.815929,13.741056,1.879064,1.182634,0.579167,1.865237,2.33624,0.259467,0.345407,0.11017,1.884468,2.325613,0.258988,0.190838,0.066832,1.557411,2.383106,0.258087,0.249715,0.093659,2.372782,2.039086,0.728446,0.524606,0.154558,2.913881,2.678767,0.914175,0.424468,0.283802,2.078127,1.471025,0.597664,0.444738,0.169936,16.069838,4.584762,1.065835,0.590426,0.492621,concentrate
38.465889,9.865833,1.756076,1.295356,0.486157,1.675357,2.068661,0.415371,0.342529,0.096915,1.569755,1.902584,0.503088,0.221691,0.06102,1.43337,1.986837,0.432754,0.268279,0.086092,2.003586,1.838013,0.785089,0.52253,0.15048,2.408705,2.695018,1.02298,0.405744,0.249099,1.846975,1.436899,0.595953,0.42723,0.176135,12.743696,3.788049,1.057026,0.607468,0.438843,concentrate
24.103043,6.711678,1.795109,1.447622,0.424652,1.501557,1.875183,0.666656,0.384798,0.091607,1.341844,1.649755,0.945555,0.317067,0.058952,1.319806,1.678295,0.691541,0.320953,0.082229,1.730462,2.186491,0.880459,0.549442,0.149148,1.996758,3.21828,1.231972,0.447907,0.219687,1.708366,1.790007,0.677083,0.429675,0.185833,9.06844,3.647434,1.189155,0.657654,0.42841,concentrate
12.284027,5.082909,2.102645,1.629295,0.408895,1.407051,1.850923,0.990664,0.473672,0.091914,1.305755,1.767599,1.585536,0.467797,0.059676,1.274067,1.575969,1.016283,0.404883,0.082442,1.766743,3.217778,1.041419,0.598274,0.15171,2.028262,4.545778,1.594866,0.538408,0.20445,1.851424,2.609893,0.85107,0.451549,0.193345,6.759595,4.714438,1.52736,0.735078,0.466271,concentrate
6.093491,5.112854,2.659987,1.809786,0.443239,1.432421,2.069149,1.326564,0.587116,0.093687,1.49477,2.324796,2.320024,0.639675,0.061995,1.333419,1.747061,1.348251,0.500157,0.085915,2.273234,4.959591,1.270406,0.653988,0.159485,2.795735,6.759285,2.101283,0.650573,0.209492,2.400694,3.900464,1.104714,0.483716,0.195102,7.087348,7.155771,2.054035,0.828289,0.545821,concentrate
4.12671,6.157587,3.331275,1.957302,0.51867,1.585271,2.513204,1.587841,0.693276,0.094128,1.861526,3.166878,2.967446,0.786509,0.064864,1.505396,2.145842,1.602335,0.57981,0.091267,3.234293,7.09624,1.545709,0.700434,0.172011,4.302186,9.435156,2.651428,0.753815,0.233788,3.324106,5.428959,1.408348,0.514791,0.191551,10.27499,10.364838,2.676749,0.922081,0.648282,concentrate
4.541999,7.220963,3.891133,2.034178,0.618197,1.873366,3.09103,1.716048,0.760619,0.09579,2.28688,3.99126,3.337166,0.862147,0.068261,1.778727,2.649417,1.714016,0.617778,0.098197,4.413577,9.01275,1.806604,0.719686,0.186393,6.223069,11.759942,3.077297,0.815542,0.268901,4.387362,6.763614,1.695473,0.532529,0.187237,15.381103,13.20394,3.234026,0.993778,0.748514,concentrate
5.28598,7.641113,4.207357,2.022353,0.720437,2.353052,3.700698,1.734475,0.774051,0.1053,2.65748,4.535444,3.343868,0.841923,0.073073,2.164645,3.147491,1.693535,0.603596,0.107887,5.422453,10.108761,1.977911,0.69923,0.198293,8.076072,12.947602,3.250248,0.816432,0.301986,5.231256,7.504438,1.888497,0.528255,0.18726,20.688389,14.670872,3.560156,1.029126,0.823622,concentrate
6.05389,7.185733,4.241585,1.94065,0.80351,3.069662,4.29322,1.739056,0.737896,0.127319,2.90154,4.653101,3.042171,0.737834,0.080196,2.666497,3.579959,1.621039,0.546384,0.120947,5.98173,10.028659,1.975412,0.640378,0.203939,9.561715,12.55291,3.086722,0.755105,0.321235,5.614982,7.435199,1.909706,0.500488,0.193335,24.662319,14.303956,3.508518,1.036939,0.860527,concentrate
6.5287,6.061523,4.095748,1.821973,0.848356,3.982532,4.893745,1.864189,0.674742,0.159849,2.998874,4.394163,2.61555,0.591577,0.089472,3.239499,3.975568,1.622701,0.470442,0.135934,6.080384,8.8443,1.79609,0.561798,0.202738,10.581435,10.690855,2.636689,0.656329,0.323525,5.543674,6.640424,1.760098,0.456006,0.202824,26.194426,12.261128,3.12017,1.064623,0.862807,concentrate
7.08843,4.731566,3.896621,1.705007,0.847265,4.97969,5.517229,2.165773,0.610646,0.194125,2.996693,3.95142,2.269924,0.454737,0.099517,3.820796,4.383341,1.779149,0.402603,0.14971,5.769724,7.021575,1.527981,0.494709,0.19824,11.109219,8.010139,2.087044,0.565195,0.315609,5.112632,5.454908,1.519196,0.407557,0.211534,24.893003,9.234259,2.613738,1.170153,0.847106,concentrate
7.967513,3.657156,3.748314,1.610375,0.810292,5.896916,6.128812,2.573209,0.558967,0.219104,2.992365,3.527924,2.115858,0.360185,0.108656,4.344881,4.802828,2.064634,0.355735,0.158745,5.368495,5.205424,1.278269,0.462423,0.195203,11.292917,5.352868,1.644895,0.518039,0.306638,4.591351,4.308994,1.281222,0.362505,0.216458,21.761265,6.132596,2.231223,1.370193,0.831504,concentrate
9.40864,3.135115,3.590261,1.537148,0.762506,6.576167,6.625512,2.895449,0.519448,0.226857,3.056899,3.239353,2.101999,0.312692,0.11574,4.738886,5.157785,2.33396,0.326997,0.160707,5.186169,3.907329,1.116669,0.473579,0.196892,11.268562,3.369469,1.427346,0.534764,0.302809,4.243652,3.516641,1.114523,0.324995,0.217189,18.455784,3.750726,2.135001,1.621181,0.826447,concentrate
11.327488,3.164121,3.316212,1.4744,0.728882,6.896564,6.864748,2.945276,0.480978,0.216094,3.201817,3.082193,2.087807,0.292545,0.120433,4.943979,5.32319,2.420624,0.302599,0.155371,5.317896,3.315367,1.058208,0.521077,0.202876,11.02953,2.308754,1.438808,0.619396,0.305813,4.144818,3.157255,1.039763,0.297149,0.215249,16.425354,2.457962,2.322146,1.837516,0.828335,concentrate
13.229598,3.56791,2.867139,1.418259,0.719242,6.820849,6.825065,2.666428,0.434786,0.192246,3.352238,3.015285,1.956082,0.277317,0.123004,4.919896,5.257562,2.246366,0.270731,0.144597,5.581103,3.348691,1.062896,0.591565,0.208953,10.41196,2.055503,1.59241,0.758503,0.311745,4.172162,3.173697,1.024174,0.28672,0.211709,16.026613,2.209653,2.648888,1.942279,0.821758,concentrate
14.487431,4.129374,2.306889,1.387518,0.727784,6.376244,6.561679,2.154005,0.392213,0.164915,3.404655,3.000442,1.700468,0.263414,0.124348,4.666218,4.994925,1.851183,0.235692,0.13193,5.677989,3.791933,1.10559,0.678819,0.209981,9.280024,2.338914,1.831982,0.925303,0.316321,4.138125,3.456671,1.032663,0.316575,0.207425,16.472013,2.710319,2.958409,1.922397,0.79339,concentrate
14.56461,4.659906,1.803381,1.410727,0.734801,5.82624,6.166159,1.598498,0.378465,0.14298,3.323146,3.038015,1.427439,0.264413,0.126254,4.337667,4.630512,1.36779,0.215232,0.121291,5.548813,4.462105,1.199271,0.778458,0.203314,7.801477,2.951969,2.141822,1.086295,0.316774,4.061946,3.920436,1.063646,0.40684,0.203412,16.628668,3.616363,3.157439,1.830542,0.744585,concentrate
13.786263,5.038879,1.518916,1.500921,0.720628,5.541688,5.765253,1.205661,0.409624,0.131209,3.185827,3.162837,1.262144,0.290635,0.130579,4.192481,4.307014,0.959175,0.22385,0.115685,5.427333,5.273049,1.363896,0.877797,0.189475,6.410862,3.771728,2.489366,1.204533,0.311391,4.175978,4.522152,1.127312,0.554203,0.1997,15.796933,4.639533,3.216636,1.742407,0.688821,concentrate
13.410891,5.209826,1.522511,1.646579,0.674515,5.900338,5.457719,1.098493,0.483252,0.129524,3.130126,3.366698,1.269249,0.340126,0.138053,4.472495,4.13566,0.744558,0.263476,0.116593,5.583054,6.127105,1.581282,0.959633,0.172019,5.550912,4.612147,2.807379,1.250296,0.300772,4.658189,5.167799,1.215834,0.731398,0.195717,14.022491,5.494732,3.125601,1.709016,0.64198,concentrate
14.816683,5.196215,1.738518,1.818179,0.598991,7.00633,5.220367,1.244626,0.577898,0.134319,3.253582,3.575116,1.413876,0.402686,0.147393,5.263628,4.107291,0.735188,0.323313,0.123474,6.18541,6.877604,1.786145,1.009833,0.155786,5.407612,5.242519,2.995144,1.219368,0.286208,5.501176,5.697535,1.296298,0.895368,0.190726,11.885822,6.029548,2.910351,1.731965,0.616321,concentrate
19.019215,5.227017,2.031319,1.971093,0.5169,8.715021,4.958564,1.508117,0.659751,0.142105,3.59453,3.726961,1.598038,0.461853,0.156056,6.459997,4.150721,0.864243,0.384911,0.135064,7.135129,7.403979,1.890529,1.016763,0.144561,5.836139,5.531025,2.960197,1.134267,0.268499,6.516971,5.970093,1.322216,1.000323,0.184419,9.881008,6.313794,2.615895,1.7665,0.615236,concentrate
26.499083,5.52311,2.307441,2.054685,0.46284,10.53931,4.568251,1.754625,0.69679,0.152829,4.046128,3.767687,1.744247,0.503967,0.162541,7.714884,4.160706,1.058896,0.429877,0.150891,8.153204,7.624092,1.827364,0.975942,0.140345,6.625741,5.457796,2.691858,1.032937,0.24913,7.386788,5.922388,1.255966,1.017153,0.177098,8.422511,6.477808,2.29136,1.751448,0.63218,concentrate
34.564629,6.276762,2.52143,2.035976,0.460443,11.836307,4.061706,1.912245,0.671577,0.168961,4.399351,3.689526,1.825468,0.525909,0.166976,8.579008,4.087178,1.263189,0.44652,0.169782,8.77645,7.50009,1.592067,0.895948,0.142907,7.397753,5.072804,2.269284,0.955497,0.230005,7.770534,5.573743,1.094513,0.94745,0.169454,7.534081,6.592093,1.987613,1.654289,0.653475,concentrate
42.496662,7.566849,2.633274,1.916496,0.50917,12.12486,3.598958,1.974436,0.591886,0.197118,4.507495,3.563465,1.842537,0.52976,0.171433,8.732608,3.994914,1.437074,0.435221,0.190481,8.658902,7.055117,1.246123,0.791963,0.152099,7.768133,4.460653,1.79502,0.921373,0.214709,7.468108,5.016142,0.879813,0.819108,0.165452,6.855211,6.629494,1.736766,1.492244,0.669008,concentrate
47.520126,9.143637,2.661942,1.717127,0.584621,11.278461,3.351929,1.978221,0.481942,0.243457,4.354805,3.465436,1.815169,0.516724,0.178089,8.117584,3.978187,1.560388,0.404866,0.211501,7.769905,6.3807,0.920899,0.681352,0.16722,7.539016,3.730667,1.388804,0.920379,0.205309,6.580338,4.385283,0.699982,0.673317,0.170688,6.075165,6.460833,1.574807,1.312993,0.678123,concentrate
49.151314,10.501155,2.676397,1.491123,0.653069,9.686191,3.46103,2.019028,0.373817,0.3074,4.066689,3.452544,1.795271,0.491469,0.187972,7.0358,4.11201,1.672883,0.370463,0.230934,6.53152,5.610655,0.738538,0.577115,0.186069,6.861484,3.001325,1.140146,0.923862,0.201027,5.484086,3.813269,0.62978,0.544837,0.188045,5.187376,5.970153,1.515756,1.152026,0.686603,concentrate
47.505753,11.121855,2.772559,1.299968,0.686893,8.139493,3.985914,2.173154,0.295648,0.377623,3.831255,3.568148,1.835906,0.455624,0.199128,6.006434,4.426626,1.827877,0.345726,0.245443,5.488377,4.864364,0.745122,0.484867,0.203692,6.025778,2.361643,1.06631,0.900832,0.198373,4.59426,3.371363,0.685959,0.448607,0.213855,4.373058,5.172543,1.553237,1.013289,0.701262,concentrate
42.775871,10.726537,3.011865,1.184469,0.673891,7.249657,4.861712,2.426243,0.258412,0.434108,3.759068,3.797548,1.948291,0.411507,0.206501,5.409893,4.883759,2.031436,0.335789,0.251254,4.978327,4.232014,0.900675,0.407557,0.215012,5.383834,1.863762,1.104379,0.835294,0.194712,4.10034,3.066629,0.826103,0.380814,0.239951,3.829404,4.23597,1.640699,0.881882,0.72122,concentrate
36.35928,9.398232,3.397532,1.144421,0.619249,7.271873,5.920711,2.705916,0.256906,0.457444,3.849222,4.053396,2.102636,0.364714,0.205796,5.399549,5.395545,2.248811,0.339656,0.246825,4.993432,3.766685,1.09756,0.347779,0.217138,5.102841,1.531676,1.163047,0.734487,0.191865,3.953685,2.871537,0.964198,0.330384,0.258182,3.643157,3.383869,1.719189,0.745265,0.73654,concentrate
29.063196,7.491974,3.865413,1.149349,0.543611,8.027023,6.951153,2.92123,0.273757,0.438812,3.996182,4.20577,2.248497,0.32209,0.196463,5.852152,5.840975,2.418962,0.349403,0.233685,5.267106,3.480801,1.224012,0.30832,0.210189,5.112409,1.374,1.195073,0.620567,0.194659,3.962037,2.752961,1.019498,0.2913,0.264526,3.616686,2.721511,1.758991,0.614222,0.740327,concentrate
20.976053,5.507313,4.278379,1.154793,0.473596,9.042278,7.779253,2.976256,0.292261,0.384955,4.045292,4.136523,2.32519,0.289552,0.182676,6.480722,6.119327,2.458138,0.355526,0.216514,5.404488,3.297357,1.216302,0.292439,0.197265,5.197061,1.40022,1.194923,0.520764,0.20902,3.915026,2.633356,0.958742,0.26699,0.260365,3.544873,2.234415,1.754906,0.514916,0.740411,concentrate
13.986391,3.904708,4.476139,1.128559,0.43263,9.938633,8.249477,2.835079,0.304261,0.31471,3.936274,3.775466,2.268146,0.267408,0.170616,7.076333,6.140564,2.318974,0.352442,0.200494,5.180998,3.131773,1.08983,0.29879,0.183614,5.25491,1.608217,1.166197,0.458745,0.241028,3.711369,2.441162,0.821508,0.259473,0.250381,3.431047,1.883137,1.697155,0.459525,0.754074,concentrate
8.508008,2.904151,4.366122,1.072826,0.436288,10.502236,8.263721,2.529827,0.31032,0.250173,3.713212,3.167773,2.051867,0.256503,0.164585,7.508328,5.865265,2.023204,0.340799,0.188487,4.540895,2.922193,0.908663,0.321762,0.174675,5.318128,1.964252,1.114676,0.450713,0.29418,3.308144,2.152261,0.685912,0.266367,0.240002,3.338799,1.657795,1.585683,0.451916,0.801954,concentrate
5.883882,2.545495,3.930798,1.016942,0.485993,10.64894,7.845478,2.130171,0.316519,0.208349,3.472068,2.468364,1.70154,0.258806,0.165776,7.690491,5.348401,1.642268,0.326125,0.18131,3.71113,2.668532,0.748481,0.353188,0.173683,5.703726,2.38523,1.053584,0.499361,0.365964,2.798003,1.815766,0.619459,0.282039,0.233028,3.455351,1.591388,1.454894,0.499983,0.894794,concentrate
5.619236,2.767565,3.275414,1.000073,0.567915,10.483111,7.099586,1.707336,0.327505,0.195819,3.289119,1.84998,1.28121,0.27432,0.172148,7.615645,4.696655,1.258951,0.312958,0.178726,2.991947,2.386087,0.661998,0.386035,0.18019,6.7625,2.760387,0.996242,0.591371,0.445412,2.310214,1.494856,0.646245,0.300214,0.230128,3.967748,1.708486,1.354675,0.620962,1.024892,concentrate
7.773105,3.503983,2.61306,1.045996,0.658206,10.221447,6.120473,1.323139,0.342715,0.207224,3.186924,1.414219,0.881656,0.298113,0.17951,7.348815,3.991822,0.942395,0.301361,0.179349,2.567772,2.077424,0.659023,0.415356,0.190678,8.592611,2.981172,0.958781,0.698849,0.514924,1.985679,1.232285,0.737909,0.315342,0.229023,4.943847,1.943272,1.326664,0.823295,1.162769,concentrate
11.813214,4.614798,2.139394,1.153746,0.731048,9.908188,5.053494,1.025835,0.358703,0.229656,3.100529,1.198438,0.582104,0.321796,0.183446,6.921519,3.341873,0.730434,0.289791,0.181276,2.479047,1.769422,0.700275,0.436493,0.199897,10.814831,2.976758,0.934553,0.78476,0.556836,1.902395,1.062523,0.827051,0.322636,0.226247,6.254629,2.145998,1.357548,1.090521,1.268043,concentrate
16.669544,5.854517,1.906352,1.2921,0.76684,9.621585,4.12605,0.833672,0.367705,0.249896,2.99958,1.191818,0.409633,0.334704,0.181137,6.428945,2.889074,0.614392,0.274654,0.182581,2.622954,1.466764,0.722597,0.445297,0.20348,12.675543,2.750306,0.89466,0.817087,0.56111,2.078737,0.968029,0.843813,0.320908,0.219753,7.709624,2.187332,1.380815,1.371206,1.308026,concentrate
21.485876,6.887499,1.86175,1.414142,0.762092,9.409975,3.515322,0.722753,0.363302,0.259456,2.93617,1.313834,0.339347,0.328265,0.172538,6.058235,2.702121,0.548628,0.254828,0.1821,2.860789,1.190265,0.69772,0.44085,0.201757,13.456856,2.414259,0.824099,0.78303,0.532476,2.48087,0.902191,0.773453,0.314995,0.212207,9.184808,2.016457,1.334369,1.594052,1.271446,concentrate
24.786966,7.366936,1.881025,1.481832,0.730811,9.338043,3.283404,0.66858,0.343843,0.253677,2.96021,1.466571,0.332994,0.301141,0.159502,5.95092,2.755734,0.503647,0.232932,0.178966,3.077904,1.004308,0.628507,0.422765,0.198174,12.813187,2.139697,0.733367,0.693283,0.487152,3.012261,0.837507,0.636008,0.307795,0.207751,10.477168,1.720132,1.202262,1.698825,1.174191,concentrate
25.503513,7.12056,1.847212,1.484625,0.695574,9.374515,3.404215,0.662003,0.314855,0.232505,3.065253,1.609215,0.365765,0.2611,0.145092,6.101283,2.982472,0.479614,0.213143,0.172677,3.223417,0.995744,0.553687,0.393343,0.196175,10.928892,2.047276,0.655937,0.582376,0.444276,3.534533,0.798076,0.486127,0.300102,0.208701,11.384139,1.466391,1.023588,1.659924,1.04718,concentrate
23.493698,6.244493,1.685856,1.441349,0.680654,9.376141,3.803941,0.683156,0.282702,0.203804,3.204117,1.77871,0.412085,0.219772,0.132636,6.322903,3.32873,0.475257,0.196543,0.165548,3.295695,1.187009,0.502458,0.356574,0.197162,8.500211,2.153706,0.619498,0.490058,0.415497,3.905593,0.817934,0.367024,0.291005,0.21468,11.758495,1.402529,0.8518,1.507837,0.93015,concentrate
19.263773,5.063298,1.408069,1.391712,0.698619,9.123942,4.392131,0.704881,0.256469,0.182648,3.303258,2.033314,0.450276,0.190337,0.125314,6.34728,3.769878,0.48385,0.186391,0.164172,3.383898,1.507137,0.482577,0.316052,0.200141,6.406554,2.374686,0.634516,0.439283,0.400612,4.066302,0.903973,0.295406,0.280569,0.222506,11.538017,1.571781,0.736698,1.329152,0.861774,concentrate
14.403902,3.886946,1.090749,1.379449,0.744761,8.441009,5.071891,0.688892,0.244245,0.183512,3.295719,2.387444,0.460155,0.182585,0.125194,5.963923,4.292943,0.479157,0.18664,0.175566,3.599219,1.852813,0.472017,0.274887,0.203002,5.229392,2.559326,0.673301,0.432385,0.391506,4.071867,1.042052,0.25939,0.271241,0.228199,10.782891,1.875886,0.690409,1.22184,0.868713,concentrate
10.435061,2.954814,0.826914,1.425911,0.798561,7.352358,5.753419,0.617361,0.250241,0.211274,3.181804,2.800194,0.434517,0.19804,0.131864,5.182332,4.872606,0.439388,0.19875,0.202093,3.945202,2.139491,0.455729,0.238846,0.204057,5.020903,2.586762,0.702264,0.455544,0.377711,3.997539,1.208039,0.240209,0.266651,0.229184,9.72011,2.131109,0.695212,1.233418,0.963943,concentrate
8.144663,2.361653,0.663515,1.52017,0.836657,6.077463,6.360305,0.514014,0.272551,0.257222,3.002349,3.184305,0.38517,0.229349,0.141181,4.214763,5.462086,0.372575,0.219808,0.238144,4.301807,2.302388,0.430797,0.21427,0.202944,5.359066,2.423055,0.703004,0.487275,0.353968,3.876992,1.352434,0.222442,0.267937,0.225439,8.615622,2.193098,0.709747,1.342634,1.139473,concentrate
7.546721,2.058631,0.589632,1.627213,0.84562,4.835684,6.815509,0.413433,0.305147,0.302844,2.804491,3.444129,0.333674,0.2636,0.147919,3.290999,5.973288,0.302053,0.244168,0.271586,4.510695,2.335626,0.411684,0.204118,0.199527,5.677852,2.135871,0.663648,0.509747,0.324698,3.709869,1.447517,0.215775,0.272628,0.218464,7.600169,2.009397,0.695681,1.473814,1.356775,concentrate
7.83412,1.922383,0.570933,1.701855,0.825651,3.741775,7.009127,0.352984,0.342596,0.329571,2.594737,3.495137,0.29994,0.288819,0.148933,2.521488,6.259846,0.253047,0.267042,0.289773,4.483163,2.329634,0.432846,0.207367,0.193411,5.677424,1.84577,0.596146,0.513325,0.298611,3.474658,1.534547,0.252573,0.275819,0.210345,6.801178,1.662825,0.63749,1.544277,1.555145,concentrate
8.146605,1.83412,0.581003,1.707696,0.782649,2.863893,6.834985,0.373788,0.379033,0.32875,2.37486,3.318761,0.302407,0.298143,0.144635,1.932406,6.187829,0.249929,0.283911,0.28619,4.170345,2.352208,0.525423,0.222131,0.183775,5.275502,1.587335,0.533185,0.497119,0.28147,3.124824,1.66173,0.364761,0.272937,0.202697,6.191997,1.285801,0.554211,1.507277,1.670896,concentrate
8.304064,1.763103,0.623979,1.639459,0.72506,2.262393,6.290825,0.503967,0.406563,0.30431,2.168413,2.979936,0.358052,0.292488,0.137689,1.52612,5.738955,0.31616,0.290919,0.262649,3.648919,2.402115,0.694949,0.24388,0.169835,4.560114,1.339061,0.504124,0.466872,0.272793,2.669415,1.845092,0.564762,0.260664,0.19551,5.744927,0.961725,0.482417,1.380606,1.670774,concentrate
8.213497,1.736249,0.715387,1.522082,0.661826,2.02771,5.546752,0.724358,0.418588,0.267668,2.018259,2.590683,0.465357,0.279598,0.130731,1.33558,5.052524,0.450301,0.287365,0.226876,3.175198,2.433904,0.90862,0.266431,0.15144,3.903776,1.096867,0.520662,0.429353,0.266618,2.214574,2.055516,0.821743,0.238627,0.187213,5.69133,0.755987,0.443102,1.215629,1.563195,concentrate
8.151163,1.729641,0.861379,1.404235,0.599787,2.169647,4.835275,0.987135,0.413291,0.230888,1.950577,2.24782,0.604713,0.271622,0.125079,1.359445,4.333323,0.631537,0.276604,0.189159,2.981392,2.377682,1.107486,0.284473,0.13037,3.686435,0.874715,0.572714,0.389377,0.255767,1.887042,2.221559,1.07197,0.212226,0.176139,6.215556,0.664415,0.439716,1.068621,1.386677,concentrate
8.453348,1.699841,1.044275,1.326945,0.54371,2.559386,4.326892,1.228701,0.392556,0.201684,1.968051,1.997404,0.747543,0.277357,0.120405,1.541529,3.751951,0.824862,0.26331,0.158231,3.146785,2.210149,1.241594,0.292804,0.110916,4.100599,0.683212,0.634759,0.349178,0.237184,1.770304,2.296363,1.250416,0.18762,0.162014,7.306676,0.676612,0.459914,0.980107,1.19035,concentrate
9.085032,1.629502,1.235843,1.291078,0.496886,3.054438,4.040442,1.380747,0.362696,0.182534,2.055073,1.817293,0.862643,0.297091,0.116033,1.819668,3.356148,0.979733,0.251979,0.138998,3.521192,1.984179,1.292884,0.288328,0.097885,5.128097,0.575043,0.680449,0.309438,0.213365,1.811237,2.289739,1.327156,0.168089,0.146773,8.653316,0.812204,0.497087,0.95477,1.012489,concentrate
10.124822,1.574657,1.424349,1.268541,0.463712,3.528523,3.877646,1.418675,0.333943,0.172155,2.178903,1.654576,0.935852,0.322331,0.112174,2.108052,3.083314,1.067577,0.245338,0.132639,3.814374,1.794126,1.272515,0.273614,0.093653,6.514107,0.61867,0.70128,0.279207,0.190413,1.901875,2.271379,1.308908,0.156828,0.133535,9.662395,1.071339,0.556556,0.973965,0.86798,concentrate
11.445582,1.617502,1.614872,1.223424,0.447294,3.829531,3.735418,1.362813,0.316454,0.168672,2.297225,1.486033,0.971331,0.339318,0.109912,2.297861,2.849938,1.089713,0.24324,0.137972,3.806045,1.731397,1.204052,0.254903,0.098577,7.83955,0.836318,0.705564,0.271176,0.174926,1.972026,2.337089,1.226454,0.157005,0.12545,9.821401,1.488225,0.634482,1.016353,0.753342,concentrate
13.045104,1.800002,1.807073,1.137339,0.449034,3.994835,3.593264,1.2415,0.315416,0.17197,2.443775,1.344228,0.968771,0.337315,0.110887,2.404121,2.63299,1.052973,0.243242,0.153581,3.424463,1.816604,1.107315,0.242459,0.113896,8.74512,1.180877,0.707353,0.293714,0.173077,1.99657,2.527744,1.109721,0.172823,0.125507,9.02118,2.084525,0.716245,1.075241,0.660456,concentrate
14.830676,2.086773,1.982144,1.020808,0.465111,4.124549,3.521145,1.087658,0.32675,0.180873,2.636974,1.26956,0.925858,0.313684,0.115869,2.515862,2.475304,0.966166,0.241008,0.176463,2.894128,1.998354,0.994722,0.245652,0.141109,9.107147,1.558888,0.716985,0.344845,0.187664,2.084996,2.796326,0.977342,0.205218,0.135323,7.664512,2.810877,0.78552,1.153928,0.582265,concentrate
16.830204,2.371799,2.100704,0.906213,0.488769,4.344513,3.641032,0.94703,0.337691,0.190383,2.840681,1.295163,0.851485,0.275406,0.123684,2.704656,2.469545,0.859731,0.230686,0.199819,2.656189,2.187644,0.879344,0.269606,0.180509,9.012972,1.877607,0.739414,0.412403,0.216458,2.475145,3.04781,0.848603,0.253135,0.155435,6.508967,3.519991,0.836414,1.255492,0.526225,concentrate
18.480417,2.518019,2.10172,0.836591,0.515814,4.697869,4.031579,0.850508,0.336804,0.193975,2.986082,1.435986,0.757701,0.238558,0.131829,3.000779,2.692043,0.764761,0.211369,0.21519,3.118328,2.284956,0.781561,0.310063,0.2278,8.716616,2.076023,0.764232,0.480296,0.251718,3.392012,3.171931,0.750145,0.310687,0.183842,6.296386,4.014311,0.879977,1.372369,0.509196,concentrate
19.299444,2.44883,1.946732,0.842285,0.54516,5.106893,4.660348,0.81627,0.318273,0.186817,3.010564,1.672245,0.660838,0.2213,0.137363,3.31679,3.141865,0.708584,0.187797,0.215863,4.416152,2.23553,0.728445,0.354256,0.273481,8.496008,2.142227,0.783157,0.535305,0.283129,4.879318,3.089139,0.708171,0.365239,0.215357,7.388342,4.118477,0.935424,1.479354,0.544332,concentrate
18.974857,2.227757,1.662657,0.925187,0.577585,5.394657,5.37883,0.851413,0.284616,0.168637,2.888482,1.947688,0.578838,0.23223,0.138288,3.545495,3.719215,0.711001,0.167458,0.200464,6.250428,2.071182,0.748329,0.386251,0.305657,8.456949,2.130771,0.795556,0.571365,0.301216,6.694564,2.817683,0.74445,0.401605,0.24205,9.529831,3.780377,1.015667,1.539973,0.628502,concentrate
17.42976,1.986289,1.335047,1.059361,0.612572,5.426278,5.92505,0.944113,0.244861,0.143932,2.679053,2.181866,0.527049,0.266854,0.134425,3.603434,4.221431,0.770168,0.155943,0.173741,8.057518,1.887048,0.851108,0.399771,0.317112,8.498318,2.136399,0.809333,0.594505,0.30072,8.403227,2.460497,0.855482,0.411217,0.257292,12.004133,3.136039,1.119814,1.528344,0.738697,concentrate
15.135503,1.830299,1.051148,1.205798,0.648392,5.17469,6.086563,1.052725,0.210188,0.11972,2.541955,2.335178,0.505645,0.312996,0.127042,3.525103,4.478554,0.853214,0.156506,0.144198,9.205585,1.769255,1.018409,0.408594,0.307613,8.399519,2.225479,0.837949,0.627612,0.28392,9.511527,2.132732,1.008897,0.401155,0.257818,13.927372,2.424371,1.231686,1.458631,0.843353,concentrate
12.706034,1.796074,0.854668,1.333858,0.68155,4.811382,5.852945,1.134287,0.189028,0.101893,2.640406,2.42447,0.506951,0.355758,0.117806,3.447011,4.466299,0.919205,0.168699,0.11984,9.309615,1.744861,1.20989,0.438413,0.28341,7.993693,2.404552,0.879028,0.689859,0.257672,9.680758,1.906456,1.157741,0.390872,0.244668,14.64919,1.888865,1.326549,1.381613,0.911922,concentrate
11.226982,1.868278,0.7382,1.427157,0.705668,4.561967,5.371027,1.162293,0.18809,0.09307,3.043602,2.479803,0.522626,0.384911,0.108158,3.518722,4.268241,0.94162,0.190743,0.104773,8.374007,1.778199,1.384209,0.50797,0.25417,7.319321,2.658823,0.92093,0.782227,0.230426,8.890095,1.78437,1.254629,0.398412,0.222955,14.093405,1.692942,1.391789,1.35051,0.92609,concentrate
11.178413,2.015018,0.665349,1.473938,0.714231,4.551099,4.84652,1.138138,0.208875,0.092327,3.66563,2.508501,0.544739,0.396878,0.09934,3.777698,4.004969,0.918355,0.218248,0.098108,6.766381,1.817554,1.513599,0.617662,0.229928,6.566463,2.974612,0.949172,0.885078,0.209987,7.391674,1.708196,1.276503,0.430132,0.200598,12.622604,1.859293,1.431458,1.386656,0.891728,concentrate
12.373679,2.146596,0.597056,1.462653,0.706067,4.78152,4.41559,1.08997,0.247311,0.096619,4.306564,2.490702,0.569309,0.392209,0.092567,4.142752,3.755518,0.871106,0.244869,0.095587,5.088981,1.840244,1.592547,0.75309,0.217045,5.948424,3.31856,0.955447,0.969782,0.204179,5.672493,1.618417,1.240083,0.482191,0.185005,10.878116,2.289934,1.469703,1.46742,0.835542,concentrate
14.050223,2.254182,0.524851,1.390638,0.68643,5.038257,4.185142,1.037799,0.296137,0.102474,4.721365,2.455086,0.5921,0.37373,0.089041,4.426288,3.605364,0.820167,0.264762,0.093133,3.856742,1.885244,1.629372,0.881788,0.215365,5.543314,3.658104,0.945432,1.009176,0.218565,4.166539,1.5076,1.177118,0.543039,0.18019,9.434926,2.828804,1.522517,1.540575,0.798192,concentrate
15.368223,2.411092,0.450426,1.270736,0.661541,5.149754,4.262911,0.983005,0.347323,0.106802,4.757777,2.494155,0.599329,0.342438,0.089296,4.486046,3.666142,0.771344,0.273921,0.089242,3.296725,2.018626,1.627961,0.966695,0.220177,5.304739,3.94764,0.932696,0.98904,0.25247,3.126868,1.417232,1.106043,0.597474,0.186005,8.549399,3.329503,1.57525,1.548153,0.816443,concentrate
15.657552,2.659163,0.397712,1.123873,0.634735,4.944903,4.654003,0.926467,0.390219,0.108022,4.378385,2.687929,0.583199,0.299943,0.092617,4.253646,3.978213,0.724233,0.271292,0.085119,3.271763,2.271323,1.575433,0.980415,0.224884,5.062872,4.124703,0.927798,0.909228,0.299632,2.560597,1.407878,1.023301,0.630652,0.197981,8.159534,3.674214,1.587499,1.464864,0.902949,concentrate
14.86694,2.965552,0.392222,0.970911,0.605926,4.429673,5.213539,0.877546,0.415292,0.106254,3.673624,3.035038,0.548889,0.250192,0.096874,3.772644,4.460065,0.681062,0.259008,0.082994,3.456733,2.614786,1.45407,0.91726,0.223592,4.70453,4.133424,0.920821,0.783147,0.348786,2.314063,1.517937,0.915817,0.634605,0.209476,7.98596,3.800242,1.523305,1.306553,1.038973,concentrate
12.980317,3.229805,0.441413,0.826566,0.574672,3.780264,5.733427,0.841713,0.416013,0.103409,2.828871,3.450427,0.50789,0.199987,0.099252,3.201607,4.959242,0.642059,0.241468,0.084431,3.629761,2.962659,1.274265,0.795845,0.213455,4.372322,3.958662,0.894386,0.635041,0.387045,2.233904,1.729256,0.781216,0.610987,0.214983,7.843669,3.69343,1.37346,1.120168,1.183231,concentrate
10.731606,3.336027,0.532623,0.698868,0.542376,3.278994,5.974619,0.829976,0.391535,0.101848,2.064621,3.766389,0.47537,0.157154,0.097767,2.729022,5.273029,0.619624,0.222774,0.089016,3.850524,3.199276,1.06318,0.651421,0.194986,4.481316,3.648884,0.833365,0.491178,0.403587,2.316958,1.959681,0.636208,0.569993,0.21169,7.89185,3.386142,1.16217,0.958387,1.289728,concentrate
8.467119,3.2438,0.642185,0.591258,0.516227,3.084574,5.756807,0.867692,0.349301,0.103311,1.509627,3.816587,0.47537,0.12697,0.091975,2.425989,5.219439,0.644299,0.206477,0.094655,4.265345,3.28951,0.869677,0.522597,0.171991,5.345665,3.328839,0.739317,0.371009,0.393563,2.597525,2.123029,0.513364,0.524762,0.200216,8.414434,2.990991,0.947428,0.867805,1.329013,concentrate
6.477558,3.035182,0.751004,0.497844,0.501431,3.169425,5.073197,0.955289,0.298306,0.107656,1.168881,3.54924,0.525693,0.112325,0.083434,2.253858,4.749208,0.730686,0.192989,0.098847,4.899274,3.253128,0.737804,0.435897,0.149996,6.83373,3.085812,0.643556,0.285718,0.36121,3.034897,2.161887,0.437242,0.485614,0.182938,9.410966,2.631851,0.79506,0.864128,1.293291,concentrate
5.089875,2.860646,0.851378,0.413793,0.498727,3.40483,4.176207,1.063107,0.250863,0.113332,1.002499,3.085614,0.619555,0.11396,0.075199,2.15382,4.039584,0.859487,0.18327,0.100202,5.58972,3.102351,0.677998,0.399489,0.134544,8.405287,2.903192,0.584433,0.241543,0.318684,3.515491,2.044264,0.41339,0.459034,0.163461,10.514315,2.395466,0.748786,0.924929,1.193201,concentrate
4.357036,2.840482,0.940675,0.345772,0.505484,3.603012,3.420915,1.152888,0.22087,0.118133,0.96965,2.62708,0.732545,0.132911,0.070079,2.086221,3.372576,0.994531,0.181748,0.098743,6.059432,2.85349,0.660655,0.400393,0.128419,9.422521,2.714075,0.578371,0.238745,0.278647,3.903138,1.799124,0.424709,0.443768,0.145545,11.162067,2.318702,0.800554,1.005476,1.050581,concentrate
4.601594,2.982169,1.011755,0.313642,0.516836,3.672274,3.077474,1.189486,0.217999,0.120298,1.052834,2.343585,0.830042,0.170514,0.068998,2.068655,2.986643,1.094839,0.193853,0.095799,6.043763,2.537056,0.65169,0.419288,0.130095,9.446481,2.442423,0.624275,0.271697,0.250478,4.087631,1.501631,0.444712,0.435962,0.130909,10.881413,2.344185,0.905583,1.066516,0.888812,concentrate
5.335537,3.170753,1.055678,0.337914,0.526616,3.581425,3.188967,1.157002,0.246239,0.119009,1.225438,2.251487,0.882761,0.227849,0.071148,2.114221,2.932956,1.129797,0.225563,0.093175,5.46373,2.202962,0.637927,0.435762,0.135624,8.475258,2.071342,0.716742,0.322727,0.237366,4.010749,1.23875,0.454103,0.429344,0.120205,9.568509,2.363651,1.020876,1.09066,0.729773,concentrate
6.595979,3.290534,1.06997,0.42049,0.526368,3.333932,3.599225,1.062528,0.298606,0.114563,1.437498,2.245435,0.880102,0.300778,0.074781,2.179102,3.091932,1.090313,0.276142,0.091864,4.496777,1.930349,0.628605,0.436188,0.141135,6.958131,1.669312,0.84783,0.371477,0.237086,3.751059,1.080241,0.450465,0.417418,0.113058,7.667727,2.324569,1.13154,1.094738,0.592924,concentrate
7.28847,3.275025,1.056495,0.543809,0.510735,3.055298,4.10105,0.93379,0.358979,0.108538,1.650635,2.20983,0.827352,0.378306,0.078175,2.244954,3.305122,0.990315,0.33549,0.091584,3.510602,1.751265,0.638783,0.419939,0.144311,5.477553,1.28664,0.998996,0.407364,0.245877,3.462313,1.040925,0.444699,0.399913,0.10816,5.926742,2.166196,1.24999,1.121657,0.494581,concentrate
7.423279,3.119463,1.010433,0.679591,0.482885,2.869918,4.565132,0.805442,0.410789,0.104005,1.84075,2.09517,0.742548,0.445601,0.080908,2.316468,3.483695,0.859955,0.38783,0.091422,2.914847,1.697958,0.672757,0.39617,0.14586,4.503651,0.968387,1.143189,0.430023,0.261839,3.31291,1.136583,0.444826,0.381055,0.104711,5.087648,1.916201,1.372498,1.2069,0.442796,concentrate
6.945813,2.89146,0.933004,0.802902,0.455403,2.821903,4.995238,0.710071,0.446708,0.105972,1.981094,1.962641,0.651002,0.489354,0.084136,2.357748,3.661031,0.734706,0.419167,0.090684,2.903509,1.788703,0.725133,0.372096,0.149087,4.15476,0.770415,1.267134,0.442704,0.282929,3.365606,1.365595,0.45094,0.361993,0.103477,5.499306,1.669244,1.486429,1.345347,0.434862,concentrate
6.162829,2.732781,0.831538,0.904161,0.442153,2.84052,5.442941,0.653349,0.468849,0.118775,2.074723,1.912878,0.565257,0.502855,0.089102,2.361576,3.911343,0.630913,0.423637,0.089151,3.370689,2.027494,0.772084,0.34967,0.157924,4.233389,0.742756,1.354305,0.450883,0.305476,3.553666,1.716788,0.45441,0.340262,0.106784,6.939616,1.548916,1.547228,1.485777,0.456847,concentrate
5.68395,2.808901,0.73051,0.985629,0.450345,2.935654,5.950263,0.629356,0.484668,0.143467,2.158255,2.029837,0.490727,0.489466,0.095985,2.397232,4.283366,0.556229,0.406384,0.087214,4.006178,2.406626,0.783702,0.32506,0.174636,4.390993,0.907677,1.395588,0.457099,0.325236,3.752899,2.177787,0.444885,0.312545,0.116561,8.748682,1.737994,1.512639,1.562927,0.486677,concentrate
5.402993,3.204219,0.66304,1.050114,0.478442,3.2241,6.492531,0.632007,0.498767,0.176079,2.274744,2.327047,0.433202,0.458941,0.103815,2.591265,4.746653,0.517326,0.378571,0.085517,4.463648,2.881676,0.741106,0.293851,0.19836,4.436759,1.234475,1.382962,0.458152,0.337766,3.829882,2.697958,0.418401,0.279134,0.132283,10.125335,2.340516,1.351437,1.53247,0.505929,concentrate
5.606427,3.860981,0.651498,1.093474,0.516262,3.827186,6.994946,0.660843,0.509211,0.207964,2.437998,2.735399,0.398591,0.422991,0.111106,3.019533,5.198798,0.51775,0.351694,0.084134,4.546811,3.352322,0.648408,0.256224,0.22473,4.420657,1.623083,1.319945,0.446168,0.339123,3.717567,3.191,0.38321,0.245303,0.150828,10.589397,3.291449,1.082487,1.393209,0.5086,concentrate
6.131429,4.610181,0.692732,1.104769,0.548604,4.862212,7.340384,0.708067,0.511612,0.229107,2.659626,3.136037,0.390954,0.391896,0.117164,3.725936,5.498334,0.553955,0.333068,0.082438,4.255878,3.728707,0.528364,0.219873,0.248053,4.448025,1.966968,1.218607,0.413848,0.327419,3.444291,3.592451,0.354007,0.219334,0.167958,10.025871,4.382231,0.783842,1.190005,0.502562,concentrate
6.70736,5.237936,0.758193,1.070142,0.56196,6.371389,7.420275,0.765339,0.498535,0.232664,2.914611,3.411413,0.407117,0.367011,0.122911,4.7172,5.533663,0.614286,0.319749,0.079929,3.738361,3.952322,0.419545,0.196156,0.263756,4.59755,2.199508,1.09824,0.362689,0.304596,3.110028,3.857302,0.351946,0.207399,0.180188,8.670737,5.340868,0.552923,0.98801,0.50315,concentrate
7.153718,5.565623,0.821435,0.986515,0.55249,8.21904,7.183931,0.833464,0.467204,0.218054,3.150508,3.503124,0.4427,0.344706,0.129647,5.895298,5.286889,0.690403,0.306131,0.077005,3.206721,3.997587,0.356958,0.192008,0.270963,4.853292,2.34155,0.982045,0.308071,0.276515,2.837214,3.957922,0.392562,0.209152,0.186467,7.047499,5.94082,0.449376,0.836939,0.520811,concentrate
7.227166,5.500501,0.890342,0.874781,0.527506,10.171786,6.679718,0.903018,0.427466,0.191311,3.318944,3.448987,0.492938,0.321452,0.137163,7.128051,4.864984,0.766708,0.292199,0.074997,2.823596,3.87882,0.354601,0.205063,0.272266,5.09584,2.448951,0.887431,0.270868,0.250293,2.717178,3.89385,0.471393,0.218712,0.188473,5.576668,6.014583,0.472535,0.751076,0.552051,concentrate
6.998368,5.063244,0.993396,0.782583,0.499611,11.92831,6.025444,0.954937,0.395396,0.162116,3.420782,3.327353,0.547465,0.29521,0.143468,8.267748,4.428475,0.823073,0.281909,0.075728,2.614626,3.630829,0.411113,0.225678,0.270626,5.177414,2.522671,0.828504,0.267181,0.230281,2.747979,3.673543,0.573717,0.228681,0.188622,4.456264,5.531957,0.565154,0.719848,0.583379,concentrate
6.557371,4.407673,1.146819,0.763462,0.480804,13.178429,5.420885,0.963771,0.380729,0.139059,3.467649,3.230104,0.589823,0.268289,0.145758,9.140234,4.148658,0.833927,0.280231,0.079951,2.504454,3.309853,0.508234,0.244755,0.267652,4.989115,2.523187,0.818125,0.303615,0.216808,2.839414,3.348335,0.672752,0.23585,0.187787,3.616386,4.607649,0.664051,0.732643,0.598012,concentrate
6.073526,3.757016,1.342321,0.8462,0.47713,13.644314,5.092007,0.916983,0.38147,0.126537,3.448852,3.227647,0.604983,0.242652,0.142103,9.544984,4.146409,0.78614,0.28711,0.086707,2.389004,2.981622,0.625303,0.25842,0.263059,4.560323,2.416976,0.866782,0.377291,0.207172,2.895944,2.999504,0.747379,0.241427,0.184638,2.969554,3.493832,0.729848,0.789388,0.587124,concentrate
5.570948,3.307024,1.538985,1.020061,0.491871,13.184132,5.175198,0.824855,0.384997,0.125444,3.342041,3.333201,0.587875,0.219323,0.133477,9.334996,4.42575,0.689003,0.295658,0.094415,2.255902,2.707867,0.748534,0.270025,0.255288,4.079859,2.186941,0.969226,0.477023,0.197191,2.884341,2.693504,0.796359,0.249742,0.177024,2.507649,2.467652,0.770178,0.89888,0.55539,concentrate
5.102969,3.128462,1.666508,1.233868,0.523903,11.817749,5.637249,0.716183,0.379301,0.1344,3.103906,3.486597,0.544451,0.201095,0.122988,8.467188,4.857389,0.571551,0.297726,0.10114,2.182753,2.534452,0.858687,0.284595,0.242514,3.759448,1.842438,1.098534,0.583291,0.184855,2.856758,2.455715,0.8217,0.26385,0.164021,2.318122,1.699686,0.813589,1.050616,0.516032,concentrate
4.673801,3.161213,1.673125,1.418789,0.567351,9.758287,6.26685,0.624735,0.358307,0.150842,2.729507,3.576874,0.491586,0.191276,0.114913,7.052561,5.230789,0.469342,0.287088,0.105988,2.240187,2.503698,0.946618,0.306673,0.224048,3.694244,1.465573,1.223638,0.676337,0.171499,2.874133,2.289723,0.831097,0.283899,0.14728,2.461356,1.289291,0.906579,1.219385,0.483198,concentrate
4.923785,3.246587,1.55921,1.518268,0.610017,7.390456,6.758007,0.572751,0.325414,0.171734,2.311562,3.500758,0.447164,0.192988,0.112666,5.383295,5.346325,0.407294,0.263892,0.109408,2.401781,2.604356,1.026328,0.336812,0.201086,3.899409,1.175355,1.321998,0.744104,0.162328,2.927728,2.163611,0.840202,0.306529,0.130665,2.880838,1.230729,1.089719,1.374166,0.462864,concentrate
5.371063,3.202668,1.370711,1.500476,0.636316,5.139884,6.851946,0.582319,0.287345,0.193951,1.993215,3.205653,0.423973,0.205189,0.118384,3.791886,5.099432,0.40698,0.23338,0.11334,2.557947,2.758716,1.129053,0.369247,0.176516,4.297856,1.049813,1.403222,0.781206,0.165374,2.962586,2.024321,0.868936,0.32544,0.117815,3.431954,1.438107,1.400483,1.494745,0.451497,concentrate
6.542812,2.925709,1.198513,1.370756,0.638092,3.400251,6.461369,0.67548,0.25067,0.214697,1.971817,2.723406,0.44805,0.222082,0.132362,2.606486,4.533441,0.491982,0.202586,0.120339,2.614413,2.861386,1.263934,0.393732,0.155266,4.763061,1.074667,1.489891,0.786231,0.187437,2.935537,1.845281,0.917536,0.335427,0.111829,3.949477,1.779437,1.840748,1.573959,0.442804,concentrate
8.008804,2.443037,1.125565,1.17623,0.620059,2.437388,5.708038,0.824278,0.220366,0.230718,2.417214,2.176116,0.524808,0.236291,0.151987,2.053743,3.836486,0.642431,0.177264,0.130828,2.478829,2.824988,1.42481,0.401389,0.14202,5.145941,1.16702,1.602553,0.767237,0.227502,2.795848,1.625085,0.976649,0.334422,0.113461,4.244361,2.11376,2.365288,1.610982,0.435999,concentrate
9.861436,1.906399,1.167825,0.983613,0.596739,2.24694,4.852201,0.979278,0.19875,0.238997,3.316317,1.708716,0.634596,0.23979,0.172434,2.139411,3.236596,0.810901,0.159634,0.142715,2.146567,2.616417,1.575165,0.388681,0.139524,5.340902,1.245045,1.733216,0.735527,0.276543,2.53338,1.385769,1.018937,0.324503,0.121819,4.276848,2.348692,2.854118,1.607151,0.441218,concentrate
11.660573,1.534113,1.285963,0.84689,0.586694,2.635859,4.14267,1.092231,0.185488,0.239139,4.452302,1.428116,0.739801,0.228253,0.188385,2.676048,2.880207,0.943031,0.148356,0.153546,1.713673,2.280127,1.658205,0.360816,0.147932,5.379938,1.280669,1.843913,0.698987,0.321401,2.200068,1.168378,1.016198,0.313111,0.134919,4.465554,2.46885,3.169886,1.561919,0.470233,concentrate
13.147809,1.5215,1.400275,0.782821,0.60365,3.261794,3.71928,1.132081,0.17913,0.234208,5.476218,1.378444,0.807481,0.204249,0.195702,3.342438,2.794789,0.997468,0.140667,0.161914,1.309548,1.910917,1.63983,0.327494,0.164733,5.426044,1.295818,1.87939,0.662089,0.350864,1.885908,1.017639,0.960698,0.30511,0.150489,5.729233,2.551282,3.202592,1.480402,0.52395,concentrate
14.202294,1.87671,1.442698,0.773424,0.646533,3.748714,3.559317,1.08527,0.177917,0.228886,6.061465,1.508634,0.816924,0.176115,0.192953,3.811471,2.880601,0.953326,0.134658,0.167809,1.04278,1.58929,1.525584,0.299852,0.187103,5.692624,1.31908,1.80151,0.624983,0.361129,1.653,0.942732,0.867639,0.30316,0.167867,8.86097,2.670849,2.93374,1.378342,0.586915,concentrate
14.777072,2.427199,1.379682,0.779413,0.696539,3.909576,3.486308,0.978768,0.182789,0.226948,6.048321,1.670295,0.769303,0.154815,0.181641,3.903184,2.937882,0.831761,0.131469,0.171929,1.010117,1.337488,1.339665,0.284745,0.211912,6.310583,1.353834,1.610745,0.585631,0.355192,1.55748,0.913259,0.754149,0.304775,0.186888,13.953713,2.827415,2.426661,1.283334,0.63339,concentrate
15.187171,2.947162,1.222235,0.775035,0.728305,3.72736,3.302501,0.857068,0.197155,0.228693,5.475738,1.723683,0.689675,0.149273,0.165408,3.604076,2.794706,0.683147,0.137262,0.17454,1.236822,1.139806,1.116941,0.286444,0.235695,7.175014,1.38261,1.341925,0.538836,0.338753,1.620072,0.898182,0.63931,0.305327,0.206366,20.105133,2.969196,1.808987,1.241919,0.641662,concentrate
15.488442,3.237524,1.020581,0.758391,0.722741,3.309288,2.91557,0.748121,0.222016,0.23022,4.568393,1.608748,0.60753,0.160734,0.147931,3.040419,2.404376,0.550475,0.157542,0.174347,1.657938,0.962885,0.89453,0.306239,0.25436,7.951066,1.372448,1.067287,0.482338,0.316716,1.81398,0.875725,0.539504,0.301017,0.223295,25.623209,3.028369,1.227927,1.302924,0.604492,concentrate
15.548432,3.213363,0.841767,0.748765,0.67811,2.860893,2.387748,0.664263,0.253399,0.225752,3.630068,1.369794,0.544937,0.183364,0.131568,2.438247,1.870927,0.460837,0.19344,0.169276,2.170107,0.797442,0.705852,0.341619,0.263315,8.251578,1.297134,0.853461,0.420397,0.293995,2.098718,0.841755,0.463586,0.292697,0.233248,28.78759,2.93442,0.792291,1.473129,0.532246,concentrate
15.471713,2.875676,0.727178,0.777669,0.610548,2.539696,1.862778,0.597672,0.283969,0.211361,2.890469,1.082024,0.505596,0.207501,0.117105,1.993958,1.352151,0.41259,0.239449,0.15812,2.660619,0.671023,0.577928,0.384152,0.260718,7.862435,1.162094,0.73267,0.362027,0.277266,2.408603,0.811173,0.411781,0.284238,0.232985,28.698349,2.655425,0.526631,1.702267,0.449691,concentrate
14.721979,2.320097,0.68648,0.862148,0.541234,2.381726,1.476166,0.529525,0.304089,0.187751,2.415004,0.81201,0.473899,0.224277,0.104538,1.761979,0.975507,0.378495,0.283265,0.141843,2.992771,0.610292,0.521735,0.423096,0.248492,6.789028,1.01363,0.694415,0.318598,0.273074,2.640783,0.79301,0.37834,0.28037,0.222155,25.4515,2.249231,0.408587,1.898215,0.389599,concentrate
13.482976,1.708691,0.701581,0.995329,0.486702,2.30805,1.282114,0.454938,0.305102,0.159829,2.144987,0.604539,0.43237,0.228523,0.094253,1.704979,0.792837,0.336068,0.310344,0.123833,3.095875,0.626027,0.53741,0.44781,0.232349,5.292712,0.912504,0.705274,0.296829,0.285292,2.710087,0.791934,0.362727,0.28295,0.204106,20.15633,1.858921,0.395635,1.975996,0.379015,concentrate
11.819343,1.183077,0.741814,1.147128,0.45277,2.205469,1.237278,0.390787,0.283934,0.135015,1.970337,0.465951,0.376325,0.220252,0.087423,1.705073,0.76826,0.284845,0.309801,0.108978,2.989335,0.711119,0.610906,0.451689,0.219373,3.808151,0.91251,0.724013,0.299789,0.312907,2.591552,0.816169,0.367228,0.288293,0.184648,14.375268,1.635024,0.435954,1.902202,0.425824,concentrate
10.107985,0.827158,0.783389,1.278416,0.435232,2.032204,1.233855,0.354032,0.245838,0.120027,1.835549,0.378376,0.316001,0.203309,0.085555,1.698114,0.809573,0.236722,0.280007,0.101512,2.797189,0.843326,0.703257,0.432079,0.215312,2.722575,1.034009,0.725235,0.328744,0.350155,2.353076,0.873848,0.388591,0.289521,0.170907,9.54647,1.648638,0.496603,1.706693,0.517607,concentrate
8.610814,0.682459,0.809053,1.363226,0.426543,1.838426,1.183774,0.341568,0.202773,0.116759,1.735758,0.33835,0.265117,0.184288,0.089077,1.681755,0.838426,0.199987,0.230909,0.102408,2.609635,0.989643,0.766132,0.392546,0.221346,2.127308,1.25294,0.705364,0.381663,0.386215,2.097864,0.954581,0.415195,0.283244,0.168069,6.267233,1.85338,0.563266,1.459892,0.628427,concentrate
7.257035,0.732912,0.7929,1.396047,0.422996,1.71621,1.069456,0.334512,0.166142,0.121239,1.682817,0.358478,0.228573,0.167503,0.096624,1.693184,0.831425,0.172629,0.178,0.108958,2.500021,1.122616,0.763409,0.343822,0.233491,1.933383,1.500401,0.664961,0.449085,0.409118,1.913095,1.03822,0.425167,0.271383,0.176414,4.443386,2.100523,0.607232,1.239035,0.729938,concentrate
6.047804,0.883458,0.718858,1.381383,0.424909,1.686925,0.924615,0.31777,0.142234,0.12706,1.651344,0.451127,0.210057,0.154936,0.105483,1.725039,0.810825,0.154143,0.136347,0.117013,2.462871,1.218921,0.683466,0.299895,0.245318,1.94221,1.684299,0.606324,0.518521,0.412859,1.82361,1.103937,0.400021,0.259755,0.191856,3.513384,2.227754,0.595744,1.094109,0.799705,concentrate
4.856169,1.037657,0.595808,1.323599,0.434054,1.712867,0.806969,0.289496,0.130532,0.12949,1.617059,0.620342,0.213107,0.146091,0.112685,1.741515,0.815563,0.145352,0.114103,0.123627,2.437866,1.260044,0.553905,0.271504,0.251101,1.997204,1.726122,0.539447,0.58034,0.398418,1.794098,1.135778,0.34674,0.254269,0.207088,3.076144,2.180708,0.524222,1.034467,0.825555,concentrate
3.670972,1.130803,0.460908,1.236366,0.452556,1.732326,0.76342,0.259891,0.127024,0.12776,1.561387,0.841494,0.234437,0.140154,0.116449,1.705095,0.872342,0.148061,0.1113,0.127937,2.360078,1.245077,0.41967,0.263415,0.248727,1.995481,1.604468,0.477315,0.63214,0.371536,1.773932,1.136977,0.286689,0.257904,0.215602,2.879159,1.977625,0.4288,1.031391,0.808872,concentrate
2.88136,1.155266,0.357046,1.1453,0.477843,1.687827,0.796121,0.236707,0.127164,0.124129,1.466821,1.06725,0.258686,0.13775,0.116547,1.593725,0.981979,0.159913,0.121606,0.130718,2.178701,1.19516,0.325285,0.277299,0.241581,1.898543,1.358652,0.430722,0.682933,0.339914,1.708024,1.117795,0.246721,0.26976,0.21546,2.792534,1.711809,0.357865,1.036769,0.762177,concentrate
2.663839,1.179293,0.325972,1.075639,0.508136,1.532081,0.89142,0.22499,0.129826,0.122316,1.335863,1.274959,0.275827,0.140225,0.113722,1.406917,1.148687,0.179835,0.137043,0.133399,1.90494,1.17958,0.311757,0.312168,0.236522,1.745739,1.100472,0.432061,0.749143,0.310238,1.570862,1.127814,0.247855,0.285568,0.209883,2.78407,1.553784,0.359351,1.021066,0.706349,concentrate
2.945452,1.324522,0.372499,1.042421,0.54859,1.306327,1.057208,0.224739,0.139167,0.126082,1.205163,1.490807,0.272148,0.148589,0.110138,1.204102,1.39607,0.19773,0.152842,0.13721,1.626218,1.309935,0.389969,0.362646,0.23905,1.6322,0.993741,0.504164,0.838722,0.287288,1.397403,1.244243,0.286161,0.299306,0.204642,2.858407,1.657688,0.44184,0.982834,0.665667,concentrate
3.713183,1.679506,0.468397,1.03881,0.608323,1.069176,1.305646,0.238447,0.162018,0.137763,1.108866,1.755032,0.243712,0.161982,0.108938,1.029136,1.739114,0.20527,0.168158,0.142962,1.434808,1.647151,0.540982,0.41987,0.250628,1.635361,1.146987,0.648102,0.941417,0.274224,1.242273,1.499397,0.343741,0.306443,0.20478,2.998132,2.060809,0.574523,0.938954,0.660874,concentrate
4.39341,2.207497,0.563869,1.040334,0.692954,0.883352,1.627262,0.265659,0.204052,0.156712,1.04989,2.073544,0.200596,0.178547,0.112524,0.908864,2.152409,0.199612,0.186242,0.150029,1.355863,2.148223,0.744658,0.474116,0.26744,1.756881,1.538121,0.849867,1.028903,0.271463,1.144048,1.852765,0.408512,0.306378,0.211026,3.115641,2.650244,0.718444,0.906516,0.701443,concentrate
5.008222,2.777276,0.622496,1.017912,0.796594,0.744975,1.95827,0.300218,0.265394,0.17898,1.005295,2.385578,0.156349,0.196534,0.121488,0.810396,2.552286,0.181934,0.212979,0.156415,1.353915,2.675623,0.992548,0.515683,0.282613,1.933836,2.027023,1.080296,1.068789,0.278353,1.096254,2.202437,0.491165,0.300968,0.21933,3.116089,3.20556,0.853079,0.895923,0.777979,concentrate
5.092643,3.207194,0.626725,0.963712,0.901958,0.63924,2.209103,0.333761,0.338376,0.198949,0.957475,2.603224,0.122908,0.215183,0.134285,0.722507,2.840816,0.158145,0.253182,0.160167,1.376748,3.050781,1.256341,0.534718,0.288935,2.08514,2.409761,1.295222,1.038916,0.29158,1.064687,2.424254,0.601923,0.290323,0.223127,2.945795,3.500748,0.96744,0.904905,0.874324,concentrate
4.711176,3.387728,0.579486,0.899255,0.981935,0.58146,2.327796,0.351439,0.407447,0.211483,0.887807,2.672078,0.105355,0.233629,0.147608,0.640737,2.970191,0.135835,0.304769,0.160203,1.386635,3.142602,1.479916,0.525537,0.28349,2.153433,2.543955,1.438165,0.941192,0.306499,1.034504,2.436257,0.729378,0.274874,0.218646,2.605991,3.402149,1.052854,0.923789,0.983582,concentrate
3.890715,3.352051,0.493277,0.85549,1.0095,0.562734,2.336584,0.341171,0.455338,0.214422,0.791475,2.614799,0.099151,0.25069,0.157819,0.571711,2.978601,0.120522,0.358203,0.156536,1.346334,2.920149,1.603839,0.491804,0.26972,2.126626,2.440032,1.457349,0.809486,0.320553,0.991181,2.221506,0.843222,0.258225,0.207559,2.139187,2.924081,1.103193,0.939099,1.119893,concentrate
2.860037,3.295727,0.387414,0.84938,0.971304,0.606883,2.364666,0.30821,0.470553,0.20882,0.700039,2.565142,0.101914,0.265023,0.162139,0.541858,3.012314,0.117735,0.400225,0.1497,1.262941,2.471932,1.586518,0.445678,0.254804,2.02613,2.291838,1.345538,0.695035,0.331343,0.941398,1.842095,0.904134,0.2476,0.196227,1.632877,2.268066,1.115573,0.935386,1.308487,concentrate
2.185685,3.483573,0.28884,0.873424,0.874141,0.71611,2.585617,0.264418,0.450769,0.19821,0.660056,2.722734,0.112733,0.27512,0.159941,0.570681,3.263715,0.129485,0.41911,0.140862,1.207566,1.955181,1.426378,0.403491,0.245009,1.935148,2.398471,1.141301,0.638473,0.336488,0.915404,1.411129,0.884419,0.251007,0.191051,1.202385,1.728752,1.087618,0.90593,1.55732,concentrate
1.897771,4.114106,0.218454,0.897164,0.740444,0.899614,3.134618,0.224325,0.404734,0.187346,0.726152,3.241724,0.129298,0.280978,0.152763,0.688848,3.871323,0.152597,0.409975,0.13188,1.265778,1.534986,1.160395,0.376527,0.241778,1.930563,2.979666,0.899476,0.649288,0.332105,0.944575,1.056399,0.783474,0.271196,0.194189,0.953575,1.534062,1.019631,0.859037,1.833186,concentrate
2.163238,5.135316,0.182197,0.88622,0.599678,1.184894,4.000573,0.208091,0.348309,0.17972,0.955007,4.092534,0.149408,0.283565,0.143348,0.934878,4.797692,0.184345,0.377028,0.124574,1.489592,1.310333,0.852117,0.365233,0.240655,2.058431,4.01019,0.670282,0.706661,0.314309,1.035411,0.866585,0.633705,0.302772,0.201953,1.01174,1.757271,0.933134,0.818671,2.063581,concentrate
3.079844,6.221963,0.174347,0.830488,0.480051,1.559712,4.975893,0.221612,0.298193,0.175875,1.343039,5.019506,0.171428,0.284056,0.134915,1.307508,5.793497,0.219307,0.331692,0.120022,1.855581,1.294038,0.572452,0.360895,0.234078,2.289684,5.196792,0.495912,0.773892,0.281911,1.164086,0.86313,0.48622,0.332633,0.206825,1.396307,2.303744,0.863575,0.810556,2.167464,concentrate
4.516841,6.893403,0.201653,0.753788,0.401924,1.968533,5.742421,0.254014,0.267525,0.173592,1.819582,5.659946,0.194794,0.283589,0.13013,1.745156,6.510489,0.251093,0.289305,0.11814,2.312236,1.456318,0.376366,0.355403,0.217156,2.558,6.113027,0.40396,0.822378,0.239396,1.311441,1.01357,0.388115,0.350234,0.202979,2.15898,2.940777,0.836171,0.843751,2.09933,concentrate
6.543452,6.847699,0.276876,0.692739,0.37396,2.346403,6.041428,0.287433,0.263762,0.16943,2.310459,5.750829,0.219649,0.285471,0.129594,2.179634,6.691686,0.277841,0.264566,0.117582,2.824435,1.791416,0.288097,0.347594,0.191424,2.874555,6.440885,0.386052,0.846018,0.196058,1.495766,1.270884,0.366749,0.354526,0.18958,3.607169,3.470791,0.854401,0.910114,1.880558,concentrate
8.95961,6.12042,0.39937,0.672123,0.395517,2.659534,5.809424,0.311063,0.288709,0.161294,2.752261,5.266668,0.242957,0.296052,0.131968,2.559849,6.295325,0.302782,0.265248,0.116643,3.362015,2.330236,0.295587,0.343085,0.163676,3.284333,6.108181,0.403271,0.863823,0.162442,1.748763,1.621085,0.418898,0.353143,0.170561,5.943283,3.808058,0.876978,0.995324,1.59107,concentrate
11.470166,5.031621,0.559447,0.690378,0.463222,2.839352,5.205921,0.327136,0.336698,0.150065,3.058801,4.417252,0.265789,0.322652,0.135394,2.80094,5.505795,0.335132,0.288963,0.114278,3.872245,3.107872,0.359252,0.348565,0.142083,3.788702,5.303793,0.427782,0.902062,0.146775,2.081003,2.0799,0.517977,0.356955,0.152505,9.084016,3.957727,0.86503,1.083977,1.331816,concentrate
13.096159,4.002337,0.739896,0.723042,0.569702,2.872624,4.529474,0.347114,0.395512,0.138826,3.191635,3.530555,0.294486,0.366159,0.138208,2.876234,4.637884,0.3865,0.324985,0.110492,4.330505,4.063509,0.440164,0.364138,0.132173,4.359017,4.352516,0.448498,0.972336,0.15147,2.486187,2.630185,0.63326,0.371144,0.141275,12.658811,3.978673,0.821329,1.163001,1.172345,concentrate
14.343228,3.327656,0.919134,0.742993,0.697264,2.787063,4.047191,0.380954,0.447105,0.131,3.131112,2.882744,0.334858,0.4169,0.139143,2.778633,3.967997,0.460379,0.358107,0.105805,4.695457,5.043202,0.522244,0.383734,0.135357,4.889829,3.560618,0.460078,1.055147,0.173317,2.928822,3.212259,0.750453,0.392094,0.139934,16.090708,3.944307,0.779853,1.216419,1.118992,concentrate
14.157644,3.04261,1.089463,0.745829,0.817854,2.635428,3.858282,0.441138,0.473117,0.128132,2.919358,2.573541,0.396882,0.458289,0.137395,2.579675,3.608111,0.555369,0.373808,0.101035,4.931972,5.846253,0.610535,0.401799,0.15007,5.223215,3.095502,0.471356,1.111653,0.206591,3.364083,3.732662,0.879001,0.413552,0.14871,18.690741,3.896044,0.812981,1.229312,1.126989,concentrate
13.356845,2.994755,1.251253,0.749036,0.899365,2.48866,3.888628,0.539703,0.462634,0.130217,2.595935,2.522278,0.489002,0.473312,0.132904,2.331226,3.497882,0.663389,0.364652,0.098016,5.019012,6.294445,0.710556,0.413698,0.173186,5.202679,2.948234,0.502218,1.104344,0.244867,3.735103,4.089314,1.026115,0.430331,0.165538,19.853806,3.863452,0.980973,1.190078,1.140397,concentrate
11.696338,2.946908,1.387801,0.772495,0.915804,2.327268,3.97325,0.677355,0.420884,0.136817,2.210673,2.558102,0.609624,0.454047,0.126427,2.074013,3.4822,0.769663,0.336179,0.099551,4.95535,6.291364,0.818664,0.419147,0.200788,4.798233,2.982082,0.564965,1.020705,0.281167,3.961302,4.200212,1.183071,0.441116,0.187394,19.326227,3.831685,1.272377,1.099793,1.127007,concentrate
9.925595,2.748479,1.468352,0.820661,0.86187,2.218964,3.952854,0.83731,0.368284,0.147129,1.864081,2.537595,0.740478,0.406505,0.119057,1.853016,3.411288,0.860681,0.304287,0.10841,4.828938,5.874842,0.917428,0.428004,0.229125,4.111227,3.048796,0.645368,0.881773,0.307474,4.048622,4.037467,1.322991,0.452947,0.211325,17.292393,3.755044,1.603886,0.981032,1.084335,concentrate
8.372977,2.415829,1.449978,0.87733,0.75924,2.147007,3.743461,0.97391,0.32903,0.159491,1.634373,2.396711,0.839761,0.346353,0.111869,1.694238,3.200237,0.913273,0.283701,0.125552,4.674922,5.198562,0.991041,0.455185,0.254264,3.37291,3.032336,0.709158,0.728992,0.315723,3.963876,3.645915,1.420493,0.479048,0.233415,14.283952,3.589059,1.872737,0.866216,1.020178,concentrate
7.654553,2.055649,1.325185,0.919851,0.6456,2.170995,3.371622,1.042758,0.320397,0.171181,1.5791,2.162196,0.873341,0.291214,0.106027,1.622826,2.862617,0.912279,0.27977,0.149008,4.520344,4.481319,1.035608,0.51146,0.27422,2.720102,2.892768,0.727735,0.608954,0.305264,3.773477,3.136717,1.465771,0.527881,0.250181,11.016346,3.305504,2.022094,0.785631,0.942309,concentrate
7.874671,1.750001,1.123602,0.935467,0.55752,2.212579,2.907089,1.021498,0.345886,0.179215,1.677127,1.883217,0.83279,0.253774,0.102317,1.616507,2.455355,0.861162,0.288767,0.173961,4.340042,3.914418,1.072527,0.596228,0.290334,2.311208,2.667832,0.705101,0.553672,0.283967,3.447514,2.638686,1.467387,0.594695,0.259856,8.050292,2.912892,2.063138,0.767507,0.854904,concentrate
8.744085,1.514254,0.892735,0.92983,0.516605,2.284445,2.409945,0.911306,0.396057,0.180982,1.884226,1.589323,0.733423,0.238553,0.101147,1.668934,2.03034,0.771571,0.30427,0.193884,4.04116,3.548178,1.11989,0.690783,0.30575,2.057155,2.393013,0.670212,0.56698,0.264411,3.052245,2.227925,1.434807,0.660088,0.262816,5.739068,2.428331,2.059979,0.820986,0.759899,concentrate
9.629429,1.332709,0.687047,0.920908,0.521618,2.296522,1.935835,0.754551,0.456811,0.175609,2.086448,1.310347,0.61204,0.244445,0.102614,1.733413,1.64416,0.66875,0.324641,0.202931,3.549631,3.309058,1.174209,0.766301,0.323176,1.843333,2.11573,0.661474,0.62997,0.257446,2.561996,1.914638,1.373369,0.699903,0.261471,4.120446,1.906913,2.076002,0.933898,0.663939,concentrate
10.008696,1.184514,0.550075,0.919088,0.551306,2.235976,1.514721,0.617268,0.51319,0.16496,2.204191,1.072133,0.509897,0.266283,0.105679,1.788933,1.331934,0.583255,0.351826,0.198437,2.857186,3.070983,1.212537,0.797794,0.343468,1.565075,1.881988,0.706116,0.711204,0.266609,2.035496,1.665956,1.287087,0.69952,0.260579,3.266693,1.444553,2.148116,1.086404,0.581781,concentrate
9.563238,1.069302,0.491335,0.921818,0.577845,2.047769,1.1628,0.543733,0.550189,0.15296,2.173118,0.897355,0.450145,0.297789,0.108638,1.786972,1.105543,0.527932,0.385913,0.182283,2.107013,2.76537,1.204976,0.77099,0.362683,1.264183,1.713808,0.802804,0.783956,0.286746,1.541834,1.466022,1.176182,0.655275,0.26347,3.215896,1.1306,2.257931,1.251145,0.525853,concentrate
8.182499,0.996556,0.487581,0.912018,0.581303,1.781597,0.903584,0.541066,0.555561,0.143745,2.011936,0.798866,0.431955,0.331171,0.109728,1.727871,0.965612,0.497622,0.419042,0.160288,1.438997,2.363553,1.123135,0.688359,0.372381,0.992987,1.572955,0.913426,0.830124,0.306693,1.147741,1.28041,1.027788,0.574947,0.268723,3.819619,0.959485,2.326426,1.397337,0.495336,concentrate
6.238035,0.956201,0.52676,0.871327,0.557396,1.485741,0.776605,0.593029,0.524596,0.140811,1.767962,0.779891,0.451232,0.358624,0.108289,1.611519,0.917442,0.486722,0.438627,0.140237,0.953644,1.909105,0.957579,0.567847,0.364186,0.828787,1.430807,1.001176,0.837502,0.314864,0.86909,1.08645,0.836118,0.476206,0.271698,4.847731,0.903906,2.296148,1.509216,0.480255,concentrate
4.452571,0.938108,0.640375,0.809916,0.514919,1.241349,0.793239,0.671516,0.464516,0.146215,1.508724,0.817456,0.510474,0.378558,0.105441,1.462905,0.949123,0.496571,0.436358,0.129055,0.685488,1.484509,0.742756,0.434367,0.334467,0.775782,1.290957,1.043807,0.805429,0.305059,0.705024,0.892006,0.624487,0.377863,0.267098,6.010766,0.933065,2.162538,1.589985,0.470918,concentrate
3.293109,0.914411,0.879193,0.769704,0.46484,1.067734,0.907131,0.743774,0.393294,0.158868,1.263943,0.862992,0.617177,0.402173,0.102843,1.288065,1.017096,0.529469,0.415453,0.12967,0.586847,1.157785,0.551657,0.313347,0.287108,0.820634,1.171604,1.045053,0.745102,0.27887,0.636151,0.71745,0.443203,0.294723,0.251484,7.068909,1.025489,1.962861,1.64195,0.466739,concentrate
2.680553,0.872828,1.245045,0.799884,0.417669,0.959337,1.042448,0.785784,0.335199,0.175008,1.056105,0.876216,0.766191,0.448329,0.101642,1.103395,1.077886,0.57677,0.391085,0.140362,0.590202,0.96334,0.45741,0.227899,0.233353,0.90865,1.091465,1.040726,0.682028,0.24429,0.634265,0.589675,0.337726,0.238797,0.226565,7.880481,1.184325,1.760289,1.676752,0.474538,concentrate
2.578129,0.820918,1.674391,0.918861,0.380737,0.871146,1.132643,0.793192,0.309098,0.188925,0.865996,0.852562,0.935848,0.525968,0.102133,0.908374,1.106694,0.62695,0.380642,0.155949,0.630717,0.862724,0.48252,0.188757,0.187049,1.00168,1.040301,1.057578,0.634156,0.211237,0.677401,0.517949,0.315612,0.21294,0.198083,8.460125,1.378545,1.596278,1.695688,0.499102,concentrate
2.721208,0.775627,2.072693,1.103008,0.356828,0.764129,1.158864,0.780118,0.322241,0.195567,0.682349,0.822435,1.097934,0.62924,0.10392,0.711362,1.112941,0.676359,0.395064,0.17027,0.731328,0.802001,0.594375,0.197087,0.15834,1.106611,0.997618,1.103496,0.612545,0.1876,0.758155,0.496856,0.356046,0.214865,0.172899,8.927969,1.566246,1.483155,1.69514,0.535146,concentrate
3.134871,0.769924,2.330353,1.291564,0.345275,0.639834,1.166502,0.759189,0.367143,0.192427,0.512778,0.853462,1.215796,0.734129,0.106336,0.53065,1.161932,0.71714,0.431063,0.178316,0.915927,0.781391,0.74541,0.241769,0.150021,1.255966,0.945064,1.169287,0.614295,0.177768,0.852497,0.54448,0.438843,0.23787,0.156228,9.409038,1.693754,1.416702,1.667277,0.56967,concentrate
3.837388,0.848326,2.373175,1.411582,0.345359,0.528984,1.245162,0.740024,0.423818,0.180118,0.379367,1.020491,1.258944,0.805745,0.108421,0.393628,1.351825,0.744593,0.470764,0.177606,1.205674,0.832624,0.898417,0.302295,0.15788,1.472024,0.8866,1.229212,0.623201,0.182727,0.966541,0.689369,0.552726,0.27181,0.150018,9.947962,1.740397,1.374009,1.602626,0.591681,concentrate
4.846204,1.06965,2.211755,1.429062,0.362364,0.503712,1.480407,0.730587,0.474662,0.162159,0.321274,1.379404,1.216478,0.817968,0.109192,0.355142,1.762096,0.759775,0.497597,0.168959,1.563487,1.005668,1.020284,0.356011,0.173713,1.736504,0.862618,1.251366,0.623717,0.200566,1.082072,0.956992,0.67535,0.304951,0.152808,10.473616,1.729414,1.325977,1.498263,0.594852,concentrate
6.169492,1.512291,1.908998,1.359245,0.404384,0.66609,1.925343,0.712849,0.511509,0.143679,0.3796,1.949008,1.09359,0.766096,0.107997,0.488791,2.419122,0.747301,0.503231,0.155405,1.897404,1.346664,1.080616,0.384311,0.189001,1.947603,0.951748,1.215882,0.608432,0.226245,1.201518,1.363736,0.771451,0.32862,0.160953,10.810624,1.735451,1.23586,1.364879,0.580299,concentrate
7.48475,2.237906,1.563978,1.250796,0.474814,1.095484,2.599082,0.671373,0.534685,0.129735,0.575982,2.70812,0.927816,0.667792,0.105857,0.851202,3.299127,0.699423,0.490052,0.140828,2.112862,1.886919,1.068195,0.38012,0.197464,2.054736,1.269722,1.151203,0.58605,0.253344,1.29503,1.916885,0.818168,0.339964,0.170815,10.724916,1.91332,1.098525,1.219772,0.557305,concentrate
8.747264,3.199398,1.267903,1.159244,0.566068,1.821648,3.455487,0.608645,0.551727,0.12354,0.945307,3.576829,0.778453,0.556162,0.105068,1.473924,4.311313,0.627729,0.470386,0.129197,2.193107,2.609044,0.996003,0.354143,0.196694,2.112216,1.908947,1.123399,0.584619,0.276215,1.386064,2.585808,0.811626,0.342957,0.180143,10.247507,2.398446,0.93498,1.088375,0.537239,concentrate
9.570342,4.22041,1.071223,1.118112,0.660293,2.746566,4.425994,0.536537,0.571018,0.125004,1.470135,4.447229,0.68794,0.466966,0.107309,2.291422,5.347646,0.550444,0.460194,0.123416,2.25444,3.439022,0.891286,0.328794,0.187458,2.300539,2.889745,1.182557,0.631591,0.290176,1.523916,3.300176,0.762224,0.344302,0.188445,9.647315,3.267812,0.788145,1.005347,0.527233,concentrate
9.727941,5.071237,0.962898,1.126675,0.737278,3.69767,5.450531,0.468937,0.593696,0.130625,2.083652,5.237634,0.658894,0.42253,0.112699,3.160609,6.340006,0.476044,0.468399,0.123971,2.381757,4.276361,0.785016,0.323986,0.172938,2.734272,4.139496,1.317799,0.731745,0.292739,1.776172,3.964892,0.687249,0.348178,0.195278,9.157445,4.500708,0.698483,1.000736,0.532463,concentrate
9.208134,5.539977,0.911823,1.158191,0.783394,4.394911,6.445913,0.423482,0.61371,0.136241,2.65944,5.893756,0.666097,0.424283,0.12053,3.850544,7.232614,0.411675,0.493842,0.12949,2.597307,5.025609,0.714948,0.347947,0.158377,3.446693,5.483222,1.467446,0.860569,0.284874,2.088935,4.462197,0.62088,0.355708,0.199995,8.855713,5.945385,0.695667,1.076884,0.555925,concentrate
8.162602,5.505531,0.88626,1.17477,0.797682,4.644233,7.25763,0.415614,0.620322,0.139457,3.078438,6.346054,0.672346,0.455746,0.129809,4.19019,7.915889,0.364245,0.526323,0.138278,2.804171,5.612807,0.705405,0.39332,0.14965,4.338134,6.697284,1.559889,0.975797,0.270826,2.650775,4.760129,0.62354,0.376087,0.203616,8.655477,7.314877,0.780418,1.207154,0.600614,concentrate
6.550966,5.005603,0.870277,1.156599,0.790121,4.493553,7.68551,0.455402,0.607252,0.139963,3.276484,6.498573,0.651799,0.49373,0.139759,4.183711,8.228436,0.341462,0.554019,0.148345,2.857122,5.988658,0.762174,0.441227,0.150477,5.184481,7.517128,1.578912,1.037279,0.256148,4.534298,5.065102,0.768487,0.43163,0.20874,8.358645,8.236051,0.947226,1.348106,0.664828,concentrate
5.138489,4.213633,0.881888,1.097127,0.773382,4.191479,7.593307,0.547612,0.570478,0.139451,3.268734,6.286242,0.603838,0.513253,0.150266,3.989488,8.052929,0.352917,0.562377,0.157736,2.700845,6.10807,0.874686,0.469248,0.159823,5.770688,7.749355,1.565319,1.018558,0.246078,9.120739,5.632504,1.119683,0.538205,0.217541,7.825977,8.450676,1.181783,1.449324,0.738237,concentrate
4.016057,3.393083,0.931301,1.008407,0.756549,4.023238,7.002538,0.684051,0.510859,0.139072,3.133237,5.737084,0.543495,0.495675,0.160349,3.814558,7.40786,0.396924,0.539628,0.16427,2.348717,5.95092,1.019872,0.466577,0.172905,5.899992,7.364671,1.581749,0.922259,0.243349,16.365976,6.570311,1.669778,0.691635,0.23014,6.987396,7.88104,1.446271,1.470241,0.799309,concentrate
3.224991,2.775425,1.00924,0.913683,0.739155,4.11533,6.099397,0.851856,0.436375,0.138847,2.951954,4.970999,0.493557,0.438693,0.16829,3.768621,6.451971,0.464092,0.484234,0.166883,1.961254,5.509973,1.165951,0.441817,0.184321,5.602085,6.479209,1.670554,0.783953,0.247927,25.477293,7.702168,2.324281,0.863157,0.243582,5.876013,6.663504,1.681082,1.39956,0.825309,concentrate
2.765095,2.443527,1.104714,0.838791,0.712655,4.319896,5.157936,1.017781,0.359514,0.138055,2.744979,4.153277,0.470449,0.356144,0.172113,3.771822,5.428717,0.534912,0.406368,0.16605,1.813616,4.843769,1.272164,0.413349,0.19147,4.984572,5.325124,1.80647,0.653171,0.257014,33.58815,8.611366,2.893604,1.003226,0.253143,4.715537,5.11747,1.818821,1.260438,0.806296,concentrate
2.693323,2.312645,1.203777,0.796075,0.669085,4.457515,4.431286,1.149104,0.291777,0.136978,2.556599,3.402978,0.485415,0.271425,0.170452,3.720353,4.545216,0.596108,0.324119,0.16353,2.119724,4.103354,1.30899,0.399475,0.19673,4.334787,4.214915,1.911046,0.573366,0.267415,38.382351,8.885882,3.188878,1.066682,0.255272,3.877884,3.679103,1.820507,1.101144,0.755224,concentrate
2.966756,2.254955,1.284829,0.780598,0.610836,4.316443,4.106392,1.217407,0.24028,0.137038,2.337469,2.787367,0.536644,0.202978,0.162847,3.452835,3.932638,0.635413,0.253715,0.160836,3.169434,3.570597,1.256283,0.405629,0.205472,3.91925,3.562246,1.906824,0.557676,0.277809,38.276287,8.447798,3.090124,1.030579,0.248938,3.786366,2.820751,1.696777,0.966465,0.700862,concentrate
3.575075,2.261214,1.328202,0.778895,0.548297,4.127486,4.257586,1.200743,0.20854,0.139814,2.182614,2.362191,0.620878,0.161782,0.150163,3.11478,3.637699,0.64809,0.206723,0.158102,5.10295,3.620647,1.122288,0.422348,0.220224,3.974602,3.817739,1.78451,0.588675,0.28792,34.044899,7.712371,2.616354,0.905892,0.235037,4.73908,2.962009,1.526429,0.883802,0.669418,concentrate
4.542925,2.464564,1.333059,0.780069,0.491706,4.236026,4.809368,1.109199,0.202191,0.146139,2.196762,2.168629,0.736689,0.156485,0.13502,2.929123,3.629311,0.64694,0.193691,0.154529,8.096265,4.562556,0.951992,0.434093,0.238312,4.713683,5.286166,1.594828,0.628633,0.29809,28.096434,7.405131,1.947571,0.73755,0.216164,6.751602,4.409631,1.399737,0.857951,0.672519,concentrate
5.865951,2.961573,1.30548,0.782534,0.447567,4.948154,5.529037,0.969822,0.225975,0.155467,2.47229,2.194719,0.870248,0.197815,0.121491,3.120304,3.7835,0.640197,0.223115,0.149791,11.875381,6.409101,0.799488,0.428309,0.254049,6.227542,7.875462,1.423915,0.641932,0.307853,23.182596,8.036184,1.312104,0.575916,0.196592,9.559598,7.021963,1.368976,0.869182,0.701105,concentrate
7.440448,3.745864,1.260806,0.796441,0.417939,6.152786,6.070307,0.808749,0.279896,0.165819,2.98819,2.377496,0.990928,0.294993,0.112887,3.665741,3.911521,0.627517,0.299176,0.1454,15.847024,8.795698,0.702765,0.40565,0.262657,8.25171,11.058543,1.315204,0.618627,0.315501,20.880878,9.526689,0.877093,0.45771,0.181152,12.543866,10.167654,1.43059,0.898804,0.733276,concentrate
9.150826,4.68131,1.221842,0.836914,0.404773,7.443797,6.202218,0.661203,0.3575,0.174282,3.582588,2.659002,1.066482,0.44587,0.110156,4.343069,3.907084,0.613866,0.415386,0.143728,18.947256,11.104447,0.671346,0.384566,0.262254,10.188975,14.035962,1.262814,0.581109,0.318804,20.728121,11.21766,0.68562,0.397596,0.17249,14.874949,12.95081,1.542262,0.952185,0.754865,concentrate
10.615627,5.472059,1.203496,0.917147,0.412895,8.328564,5.886274,0.544839,0.441393,0.178725,4.091629,2.933628,1.073284,0.626446,0.111768,4.904152,3.75133,0.597462,0.547309,0.146332,20.2064,12.616668,0.687149,0.394256,0.254847,11.284692,15.932862,1.211921,0.571143,0.317023,20.875532,12.131875,0.668184,0.387385,0.170695,15.819252,14.488489,1.625969,1.057816,0.775161,concentrate
11.755347,5.834341,1.188164,1.050266,0.447338,8.4728,5.277914,0.456183,0.5107,0.178946,4.315948,3.069814,1.003587,0.797571,0.116235,5.128305,3.503795,0.570912,0.662178,0.153594,19.124086,12.823156,0.71225,0.455789,0.245675,11.108769,16.180967,1.103694,0.623829,0.314412,19.482079,11.59059,0.705369,0.408944,0.175332,15.175544,14.303587,1.608934,1.229842,0.824922,concentrate
12.617385,5.676479,1.147613,1.241315,0.516255,7.983624,4.724422,0.387601,0.550266,0.176195,4.300392,3.02705,0.870472,0.922114,0.121931,5.108517,3.346562,0.532433,0.731409,0.163178,16.05901,11.658154,0.707763,0.566374,0.240023,9.663337,14.76618,0.918881,0.748021,0.317155,16.240332,9.714975,0.704957,0.450228,0.186446,13.386895,12.584131,1.472474,1.445364,0.937697,concentrate
13.038591,5.112976,1.061212,1.4698,0.625191,7.149277,4.559519,0.336147,0.553266,0.171917,4.098961,2.868742,0.705973,0.977192,0.127038,4.955604,3.476074,0.487435,0.73954,0.170102,12.048667,9.574528,0.683925,0.702894,0.240432,7.53527,12.245887,0.689049,0.917741,0.327406,12.054203,7.204246,0.661972,0.50227,0.202625,11.243083,10.03675,1.271429,1.664129,1.122712,concentrate
13.019264,4.4023,0.931169,1.691046,0.764496,6.27618,4.980214,0.311626,0.522273,0.167299,3.793717,2.763799,0.555419,0.963042,0.130232,4.779829,4.026615,0.449751,0.689676,0.169531,8.356999,7.291059,0.693257,0.827225,0.24533,5.621771,9.505802,0.480461,1.081778,0.340832,8.265498,4.768904,0.610882,0.550359,0.21981,9.483391,7.514021,1.096617,1.83708,1.35157,concentrate
12.568284,3.81991,0.771108,1.848305,0.908339,5.555856,6.014679,0.319195,0.469073,0.163738,3.472006,2.902148,0.444117,0.898091,0.130596,4.616117,5.020166,0.424254,0.601254,0.159976,5.829659,5.435983,0.784756,0.898919,0.25075,4.608737,7.263976,0.342838,1.193666,0.351629,5.584764,2.953768,0.599337,0.574739,0.233967,8.439012,5.61661,1.022612,1.908463,1.565592,concentrate
11.428731,3.480233,0.617871,1.904769,1.024184,5.006511,7.424807,0.353231,0.413702,0.162362,3.14078,3.322435,0.373476,0.808754,0.128004,4.419448,6.261677,0.407009,0.502809,0.144219,4.59795,4.294631,0.970793,0.89462,0.253471,4.571726,5.806679,0.289231,1.232667,0.356009,4.165999,1.936403,0.656107,0.564075,0.243139,7.901633,4.497406,1.069843,1.864354,1.708068,concentrate
9.936727,3.381761,0.511238,1.857811,1.086139,4.577071,8.858882,0.39522,0.381213,0.163815,2.78644,3.922569,0.332966,0.718576,0.123133,4.154849,7.441535,0.388932,0.423328,0.127377,4.212634,3.794205,1.205763,0.816779,0.251666,5.174484,5.059443,0.302266,1.207224,0.353423,3.537262,1.587622,0.769239,0.521694,0.247272,7.497676,4.001107,1.203353,1.733044,1.746595,concentrate
8.145792,3.463436,0.47425,1.738398,1.084737,4.242354,10.068859,0.441851,0.389114,0.167872,2.404507,4.527151,0.317518,0.640984,0.117757,3.833027,8.31436,0.372395,0.379786,0.114145,3.993183,3.600081,1.406041,0.691798,0.244346,5.741927,4.73261,0.3478,1.141126,0.346134,3.080179,1.600527,0.898279,0.463537,0.246851,6.944999,3.847681,1.371424,1.576241,1.687856,concentrate
6.372414,3.697808,0.516495,1.590773,1.026101,4.01431,11.02127,0.517103,0.434709,0.172618,1.981177,4.974637,0.330999,0.576605,0.114157,3.501341,8.807104,0.378897,0.36884,0.106993,3.549003,3.413178,1.473226,0.555677,0.231275,5.85859,4.61279,0.385209,1.06222,0.336966,2.498775,1.699011,0.98207,0.407824,0.241826,6.125924,3.849087,1.502278,1.443884,1.566697,concentrate
4.940075,4.10307,0.6308,1.464085,0.927358,3.934941,11.840569,0.66383,0.502685,0.175602,1.582626,5.215539,0.379232,0.529109,0.11405,3.228281,9.027897,0.441304,0.379223,0.105764,2.949167,3.144869,1.380158,0.441365,0.212788,5.506914,4.632396,0.401495,0.99477,0.325627,1.836346,1.770664,0.992929,0.366878,0.231127,5.190933,3.937727,1.546305,1.344667,1.421066,concentrate
4.241495,4.629635,0.774849,1.392398,0.810374,3.939504,12.586112,0.900221,0.572621,0.176722,1.279688,5.270151,0.45611,0.509176,0.118451,3.01645,9.119962,0.574616,0.399993,0.109272,2.384868,2.815618,1.168554,0.371185,0.190704,4.965816,4.752526,0.402105,0.956651,0.310055,1.334852,1.78857,0.933705,0.344268,0.214345,4.397626,4.096821,1.471209,1.268491,1.277237,concentrate
4.169991,5.128441,0.894903,1.380317,0.696831,3.933357,13.188832,1.188615,0.62192,0.177952,1.16364,5.202333,0.541629,0.522644,0.127116,2.845251,9.176351,0.755473,0.420219,0.116692,2.031847,2.470056,0.924142,0.349841,0.168958,4.685675,4.847107,0.413318,0.953907,0.29011,1.124014,1.750811,0.834603,0.333492,0.193768,4.124228,4.214975,1.30777,1.209926,1.146632,concentrate
4.412364,5.416164,0.950816,1.401799,0.603145,3.747366,13.443985,1.442844,0.631058,0.18135,1.249999,5.048211,0.611832,0.556734,0.137802,2.626906,9.154798,0.928721,0.426026,0.127509,1.977367,2.173582,0.727232,0.365963,0.151578,5.088527,4.776121,0.458534,0.977631,0.268663,1.242417,1.69266,0.733419,0.324936,0.173817,4.923099,4.137682,1.113361,1.171629,1.029116,concentrate
5.024325,5.350783,0.928066,1.420401,0.538117,3.376841,13.170357,1.570776,0.593134,0.186857,1.572279,4.784006,0.648796,0.586137,0.146973,2.369067,8.942408,1.032054,0.406056,0.139891,2.205991,1.979205,0.620862,0.400158,0.140656,6.362635,4.484049,0.530921,1.00549,0.250554,1.605459,1.667087,0.657633,0.313164,0.158996,7.101367,3.799182,0.953688,1.163975,0.924986,concentrate
5.886532,4.901936,0.8504,1.411618,0.502145,2.879042,12.371614,1.516685,0.517851,0.192238,2.085695,4.375498,0.644717,0.587913,0.152025,2.10194,8.492836,1.025266,0.359547,0.151017,2.619157,1.913034,0.609667,0.435604,0.136016,8.200249,4.06845,0.624401,1.01549,0.240923,2.077552,1.717827,0.615862,0.300414,0.152679,10.502687,3.314547,0.896479,1.194608,0.843155,concentrate
6.956168,4.13586,0.756317,1.360614,0.489011,2.462322,11.219667,1.289484,0.426077,0.194685,2.690154,3.806384,0.599876,0.549306,0.153036,1.924035,7.838771,0.909731,0.295976,0.158416,3.077957,1.953311,0.654087,0.464455,0.135745,10.082827,3.711027,0.72616,0.992897,0.242945,2.552907,1.85079,0.602253,0.296357,0.155102,14.399267,2.952145,0.968,1.249925,0.794631,concentrate
8.04207,3.209443,0.689623,1.263291,0.490315,2.21718,9.968705,0.967458,0.340427,0.1928,3.211481,3.11287,0.527715,0.473789,0.151618,1.846231,7.076697,0.732751,0.230894,0.160331,3.52019,2.061304,0.699134,0.481749,0.136835,11.387096,3.597594,0.811537,0.931848,0.254123,2.99064,2.030471,0.600318,0.307129,0.162141,17.661257,2.985368,1.146495,1.293134,0.777678,concentrate
8.90477,2.334249,0.679636,1.127158,0.496628,2.146332,8.816481,0.650568,0.275179,0.187008,3.48007,2.389463,0.444881,0.379568,0.149678,1.821095,6.301344,0.552327,0.178881,0.156499,3.884265,2.19248,0.716567,0.485823,0.13668,11.726976,3.808049,0.873572,0.841429,0.267533,3.369098,2.186621,0.600643,0.332327,0.16761,19.235935,3.523312,1.383139,1.287805,0.77467,concentrate
9.39618,1.669131,0.72187,0.973753,0.498426,2.161896,7.819707,0.419911,0.235612,0.179226,3.397676,1.741471,0.369129,0.293613,0.148047,1.775403,5.556151,0.415412,0.150563,0.148366,4.167071,2.323897,0.692731,0.479828,0.134114,11.133871,4.30985,0.889457,0.745776,0.276235,3.65874,2.243952,0.588686,0.367482,0.167117,18.642904,4.480545,1.593236,1.22106,0.763298,concentrate
9.455104,1.274851,0.785087,0.833626,0.492858,2.171519,6.868104,0.310991,0.226035,0.17313,3.002297,1.249889,0.316987,0.240417,0.14609,1.663303,4.807951,0.342928,0.152412,0.139008,4.28096,2.473416,0.630928,0.469234,0.13045,9.87328,4.982977,0.850819,0.670888,0.276617,3.782505,2.163032,0.553567,0.406312,0.161349,16.167679,5.568848,1.698331,1.116751,0.731194,concentrate
9.149107,1.139798,0.834084,0.748398,0.484372,2.159245,5.801682,0.300585,0.257068,0.17363,2.46309,0.937074,0.293214,0.235082,0.14284,1.520606,3.993075,0.319138,0.187075,0.131961,4.201555,2.708193,0.563075,0.458335,0.129284,8.43926,5.657232,0.769213,0.626555,0.268897,3.678258,1.976045,0.503129,0.442756,0.155547,12.74162,6.484819,1.684633,1.024158,0.683566,concentrate
8.547607,1.22009,0.864733,0.752639,0.479333,2.269632,4.62561,0.337818,0.338099,0.185325,2.017541,0.799076,0.306674,0.280072,0.138968,1.48977,3.153854,0.314028,0.252575,0.129914,3.860777,3.101891,0.524897,0.444558,0.135256,7.166227,6.230159,0.697414,0.604593,0.25699,3.312006,1.792115,0.448018,0.468229,0.157595,9.356961,7.127079,1.581136,0.981629,0.637117,concentrate
7.72007,1.45947,0.88101,0.863131,0.482867,2.68636,3.561188,0.398139,0.464258,0.210659,1.861217,0.845264,0.373169,0.365554,0.137397,1.724129,2.468646,0.323879,0.33952,0.134107,3.30798,3.653969,0.537215,0.425462,0.152197,6.291852,6.640594,0.677753,0.589446,0.245266,2.74858,1.724,0.403641,0.477444,0.174738,6.796219,7.497128,1.430867,1.002948,0.609992,concentrate
6.860725,1.787442,0.900159,1.059312,0.49515,3.433428,2.91049,0.489371,0.610315,0.248325,2.027909,1.076081,0.508017,0.470344,0.14239,2.232094,2.157336,0.369678,0.431922,0.144096,2.62683,4.257086,0.613019,0.407423,0.182001,5.651537,6.840418,0.737171,0.573697,0.236866,2.120535,1.814253,0.400367,0.4794,0.209859,5.179402,7.622091,1.293398,1.073286,0.60964,concentrate
6.11202,2.138003,0.929473,1.285959,0.510909,4.418245,2.874335,0.609854,0.739973,0.29118,2.408352,1.473478,0.704255,0.569375,0.155591,2.907145,2.353699,0.464093,0.512442,0.156715,2.032998,4.765468,0.746756,0.402263,0.222488,5.12859,6.795045,0.864019,0.567407,0.233716,1.631235,2.037373,0.460974,0.491578,0.258557,4.228615,7.496404,1.200607,1.161366,0.628058,concentrate
5.344119,2.459181,0.972995,1.470238,0.523116,5.458323,3.421003,0.743672,0.820375,0.32819,2.825518,1.968871,0.933324,0.640606,0.174354,3.584471,3.004574,0.599975,0.566867,0.167228,1.686453,5.068474,0.903372,0.418662,0.266777,4.561833,6.480645,1.014079,0.586255,0.235511,1.442962,2.342963,0.584286,0.526687,0.3101,3.528344,7.108097,1.152928,1.237073,0.651618,concentrate
4.864339,2.714851,1.013411,1.549894,0.528297,6.357081,4.299238,0.851432,0.835727,0.348284,3.135013,2.459187,1.135079,0.669631,0.192432,4.115473,3.882263,0.739443,0.588779,0.171813,1.609969,5.127553,1.04605,0.45534,0.305957,4.003708,5.915331,1.138488,0.634995,0.239203,1.563287,2.682297,0.750627,0.583717,0.35214,2.934973,6.489813,1.130065,1.284048,0.673532,concentrate
4.635989,2.890835,1.026024,1.494911,0.527889,6.979593,5.179027,0.887103,0.791245,0.345674,3.30615,2.852471,1.241117,0.65096,0.203445,4.446451,4.70083,0.831004,0.578815,0.169096,1.729728,4.990196,1.155417,0.504785,0.332899,3.538634,5.131823,1.200032,0.700858,0.241021,1.86717,3.02726,0.932733,0.651244,0.376777,2.561875,5.640979,1.112475,1.288497,0.695133,concentrate
4.581732,3.00858,1.007121,1.324848,0.526611,7.250751,5.787625,0.833801,0.708064,0.32241,3.372736,3.095548,1.219503,0.592392,0.204606,4.580834,5.225932,0.845134,0.543862,0.160556,1.840035,4.746528,1.223551,0.558783,0.346707,3.192364,4.218027,1.189228,0.762017,0.239185,2.130949,3.352515,1.096849,0.715257,0.385641,2.421155,4.591518,1.088826,1.250139,0.724031,concentrate
4.52955,3.107763,0.946636,1.100805,0.529293,7.163257,6.003021,0.706893,0.611918,0.287069,3.397007,3.192888,1.082339,0.510929,0.197604,4.566583,5.365411,0.77911,0.493909,0.149431,1.823044,4.43995,1.24518,0.609983,0.354122,2.928308,3.303674,1.113228,0.794931,0.235888,2.204318,3.589595,1.208202,0.762578,0.389535,2.43876,3.463976,1.046436,1.187013,0.764312,concentrate
4.436425,3.157219,0.852064,0.896084,0.539866,6.782059,5.905415,0.543784,0.523598,0.25157,3.446317,3.186664,0.878798,0.425295,0.186974,4.460953,5.208075,0.656647,0.43961,0.139157,1.655083,4.058998,1.220223,0.656393,0.365444,2.736101,2.485245,0.993393,0.784326,0.236091,2.061612,3.651577,1.250082,0.788774,0.40078,2.551546,2.438422,0.986355,1.125519,0.810556,concentrate
5.087794,3.110142,0.763497,0.763157,0.560809,6.182913,5.729342,0.401324,0.452433,0.226199,3.548999,3.12765,0.674659,0.347746,0.177511,4.286507,4.956851,0.520006,0.388692,0.131754,1.439479,3.575144,1.146861,0.694089,0.386908,2.751981,1.821946,0.856474,0.727707,0.244908,1.813169,3.482359,1.218276,0.795136,0.424071,2.998066,1.716025,0.935192,1.087856,0.854705,concentrate
7.160506,2.918159,0.710694,0.716209,0.590063,5.434543,5.717893,0.334696,0.402024,0.215497,3.691818,3.041574,0.525663,0.286663,0.17251,4.041294,4.809474,0.412574,0.348381,0.127892,1.283687,3.004102,1.025931,0.716971,0.416049,3.212212,1.372243,0.719736,0.642776,0.266587,1.587931,3.104817,1.124853,0.784984,0.453078,4.299941,1.459241,0.913773,1.085065,0.891728,concentrate
10.817282,2.590368,0.708664,0.731793,0.618708,4.592999,5.975446,0.376744,0.375098,0.216717,3.803857,2.919434,0.461338,0.246132,0.171797,3.707913,4.851645,0.367934,0.32421,0.126813,1.312489,2.440656,0.865952,0.718291,0.441331,4.267034,1.228263,0.599424,0.559323,0.301761,1.522173,2.625899,0.993181,0.762693,0.472443,6.862402,1.747068,0.932995,1.113746,0.920555,concentrate
15.691319,2.200795,0.740059,0.764191,0.63397,3.690163,6.402507,0.521317,0.375972,0.222305,3.776325,2.72911,0.472321,0.228459,0.171904,3.251335,5.011838,0.395888,0.31841,0.126835,1.593125,2.0092,0.69318,0.695738,0.447003,5.873739,1.455102,0.500106,0.503584,0.343862,1.692066,2.179126,0.850623,0.730883,0.465307,10.636184,2.509319,0.988048,1.172522,0.94189,concentrate
20.437174,1.820351,0.778321,0.774282,0.625076,2.851321,6.751554,0.725787,0.405256,0.224423,3.558731,2.444761,0.522491,0.23315,0.168709,2.728267,5.115592,0.477986,0.32841,0.126274,2.117822,1.783935,0.553366,0.656112,0.422065,7.735684,1.9918,0.430346,0.490382,0.381624,2.099569,1.860055,0.727834,0.694889,0.423602,14.879428,3.521533,1.068909,1.269544,0.952598,concentrate
23.225191,1.481275,0.804372,0.759688,0.589934,2.254836,6.797852,0.945549,0.454856,0.217504,3.165449,2.089751,0.582074,0.259479,0.159523,2.263269,5.017987,0.595664,0.348874,0.123612,2.846953,1.727686,0.478452,0.612566,0.368586,9.463529,2.673367,0.402989,0.521075,0.404791,2.696404,1.660564,0.641863,0.662826,0.354161,18.395218,4.503399,1.160852,1.40805,0.943166,concentrate
23.339716,1.184792,0.819963,0.752126,0.535399,2.027439,6.463392,1.132431,0.511533,0.199635,2.665351,1.725847,0.633251,0.309215,0.143952,1.982848,4.698827,0.725439,0.376744,0.117585,3.678231,1.739862,0.463184,0.581193,0.301469,10.679931,3.338679,0.41503,0.592807,0.40805,3.376439,1.505126,0.586922,0.642801,0.275301,20.074945,5.229646,1.221933,1.570407,0.905622,concentrate
20.683521,0.948873,0.86455,0.802817,0.47453,2.16562,5.86783,1.230265,0.563996,0.17389,2.138467,1.434629,0.650974,0.384357,0.124786,1.9271,4.279395,0.824275,0.41072,0.108302,4.482184,1.7365,0.478791,0.572976,0.240975,11.138615,3.86658,0.446947,0.702058,0.394135,4.026436,1.328699,0.551064,0.638325,0.207866,19.327198,5.613993,1.215081,1.719118,0.841106,concentrate
16.216459,0.83961,0.997426,0.946268,0.420564,2.538994,5.317128,1.234028,0.606847,0.146092,1.683537,1.30005,0.632418,0.480797,0.106227,2.043386,3.973303,0.876338,0.448137,0.097674,5.093935,1.682845,0.490092,0.590469,0.201568,10.794036,4.169769,0.480577,0.837595,0.370545,4.516171,1.116508,0.51443,0.644164,0.165303,16.439209,5.69897,1.132594,1.811682,0.76553,concentrate
11.178658,0.944215,1.24799,1.166845,0.38065,2.970201,5.175149,1.18161,0.639157,0.122358,1.393934,1.400391,0.595853,0.584736,0.091905,2.237634,4.017906,0.893094,0.482174,0.089115,5.350302,1.592586,0.475748,0.633312,0.185878,9.792813,4.202121,0.505797,0.982107,0.345132,4.707932,0.900053,0.463154,0.652325,0.149164,12.377093,5.557122,1.008146,1.82432,0.704363,concentrate
7.310523,1.343506,1.58508,1.396925,0.353857,3.249576,5.683904,1.112193,0.660456,0.107024,1.272688,1.763161,0.564336,0.675019,0.083876,2.36896,4.562914,0.89059,0.503173,0.086376,5.216776,1.584762,0.44362,0.697919,0.187495,8.422179,4.038701,0.529121,1.114771,0.323632,4.578721,0.77367,0.403995,0.657942,0.151812,8.350604,5.314517,0.907913,1.75341,0.679992,concentrate
5.029907,2.045917,1.91658,1.554349,0.331789,3.281017,6.816693,1.060163,0.668387,0.101257,1.278054,2.312357,0.552373,0.729399,0.081951,2.380588,5.548248,0.88766,0.501781,0.091087,4.831511,1.912299,0.419704,0.776672,0.198701,7.008733,3.903651,0.556046,1.217623,0.30844,4.194081,0.889815,0.352257,0.666633,0.162835,5.288898,5.104316,0.898001,1.619676,0.701354,concentrate
4.324572,2.922719,2.132934,1.585994,0.306874,3.096049,8.251627,1.037033,0.657887,0.103189,1.328089,2.89132,0.559495,0.732919,0.084188,2.277567,6.702266,0.892615,0.473234,0.101551,4.383301,2.780183,0.43159,0.853956,0.215429,5.763335,4.030385,0.58711,1.272231,0.297451,3.715174,1.348116,0.324372,0.688076,0.174681,3.522925,4.971605,1.004392,1.455549,0.756844,concentrate
4.331577,3.769156,2.164169,1.502188,0.28097,2.81309,9.490832,1.026712,0.625269,0.10955,1.35954,3.316768,0.573923,0.686161,0.087861,2.14545,7.640515,0.895482,0.42287,0.113389,4.070065,4.132411,0.495052,0.910041,0.235821,4.807475,4.503823,0.620045,1.262783,0.28565,3.276276,2.071722,0.333506,0.725744,0.183886,2.753684,4.858089,1.197357,1.296922,0.818647,concentrate
4.404463,4.397275,2.01603,1.373298,0.264529,2.567835,10.062971,1.008814,0.573415,0.117713,1.334765,3.441525,0.580916,0.60691,0.091807,2.048864,8.008011,0.884288,0.366816,0.12191,3.970418,5.628449,0.597995,0.926126,0.258645,4.178566,5.213201,0.64255,1.186335,0.270109,2.972125,2.841851,0.380873,0.771003,0.189993,2.500756,4.681419,1.410391,1.168596,0.855556,concentrate
4.794053,4.725626,1.78275,1.283568,0.26798,2.428068,9.737999,0.974971,0.510946,0.126338,1.265687,3.242863,0.575414,0.520579,0.096153,2.006167,7.65479,0.851798,0.32262,0.123903,4.057906,6.768555,0.711112,0.893711,0.281986,3.82861,5.87172,0.649079,1.059047,0.251646,2.818653,3.399506,0.456928,0.805156,0.193986,2.501468,4.38427,1.582691,1.085025,0.848404,concentrate
6.039708,4.756493,1.572546,1.283826,0.292947,2.457757,8.671579,0.929724,0.45227,0.134164,1.232116,2.855768,0.559481,0.450022,0.10112,2.038919,6.752092,0.798461,0.302596,0.118617,4.252612,7.150655,0.795749,0.822487,0.301304,3.717371,6.141545,0.634255,0.915002,0.233346,2.826382,3.582944,0.540618,0.809581,0.196513,2.76361,3.935961,1.668547,1.044111,0.792149,concentrate
8.673332,4.575252,1.461167,1.363308,0.330943,2.773052,7.373415,0.889585,0.409032,0.139734,1.387358,2.508832,0.53993,0.405544,0.106212,2.255423,5.735303,0.740328,0.307528,0.108023,4.503703,6.645289,0.830638,0.736165,0.310579,3.842783,5.82557,0.604356,0.794036,0.217908,2.983887,3.379974,0.607847,0.778848,0.197417,3.295487,3.344462,1.669251,1.039024,0.698144,concentrate
12.709059,4.300742,1.450756,1.464219,0.368888,3.450016,6.44484,0.862112,0.384645,0.142105,1.864203,2.393715,0.525492,0.38361,0.110094,2.752348,5.073068,0.693964,0.3267,0.095596,4.752457,5.439548,0.833057,0.667084,0.304632,4.148104,4.927334,0.579222,0.72832,0.205471,3.240388,2.918462,0.642863,0.730665,0.195767,4.033041,2.665329,1.637603,1.077777,0.590745,concentrate
17.548058,4.026141,1.477699,1.515787,0.396273,4.466684,6.314791,0.84261,0.374828,0.141368,2.674963,2.568405,0.517849,0.373399,0.111633,3.545158,5.054128,0.663028,0.345708,0.084771,4.930512,3.932351,0.837513,0.642418,0.283983,4.57325,3.673554,0.580579,0.733136,0.195723,3.50659,2.387259,0.639197,0.696843,0.191927,4.834072,2.016058,1.634202,1.173756,0.497909,concentrate
22.524513,3.795238,1.45677,1.4748,0.410266,5.623983,7.049431,0.826276,0.370321,0.138671,3.663404,2.939409,0.51354,0.364578,0.111049,4.486567,5.669669,0.645392,0.35315,0.077699,4.985225,2.58055,0.867091,0.664129,0.255393,5.005234,2.450133,0.615725,0.799811,0.18762,3.700298,1.951378,0.601658,0.699997,0.187366,5.535953,1.527755,1.674678,1.322302,0.445795,concentrate
26.862236,3.596792,1.325981,1.346418,0.414939,6.586054,8.310426,0.809067,0.363975,0.135597,4.533432,3.309962,0.503416,0.351441,0.110132,5.283572,6.62059,0.634031,0.346574,0.074776,4.846816,1.673565,0.915698,0.709041,0.227843,5.269951,1.597032,0.667822,0.900324,0.180152,3.717548,1.676063,0.540961,0.739669,0.183141,5.990982,1.268332,1.729101,1.501204,0.451827,concentrate
29.662701,3.366821,1.105935,1.1714,0.4169,6.991199,9.558013,0.784973,0.354455,0.133843,4.978707,3.493389,0.480024,0.333175,0.110996,5.614673,7.497402,0.61626,0.331547,0.075357,4.46407,1.219422,0.95617,0.741596,0.208256,5.197357,1.232836,0.70778,0.991685,0.174077,3.496203,1.503861,0.470079,0.792098,0.180272,6.111913,1.240982,1.747348,1.666653,0.514425,concentrate
30.4237,3.073327,0.855504,0.99738,0.420468,6.700178,10.421045,0.757112,0.349983,0.135137,4.884041,3.493975,0.440936,0.313686,0.114475,5.344369,8.072293,0.589145,0.319187,0.078535,3.855748,1.063883,0.950214,0.733441,0.198273,4.755288,1.275779,0.700595,1.03156,0.169427,3.059551,1.362393,0.400331,0.823669,0.178629,5.91881,1.415319,1.678833,1.773234,0.612196,concentrate
28.848669,2.732032,0.635051,0.858536,0.427937,5.804023,10.792037,0.73275,0.359563,0.140458,4.335716,3.464281,0.388554,0.298854,0.11966,4.561062,8.338863,0.556597,0.319026,0.083732,3.120768,1.03915,0.879456,0.678186,0.195111,4.097392,1.540182,0.634657,0.999672,0.166213,2.495053,1.22647,0.343456,0.809386,0.17709,5.543004,1.70056,1.518052,1.800712,0.713831,concentrate
25.466522,2.403582,0.494137,0.770161,0.439304,4.59526,10.723031,0.719953,0.385305,0.149153,3.554375,3.541296,0.33152,0.291475,0.123965,3.523813,8.37617,0.526242,0.333283,0.089852,2.427122,1.114678,0.758588,0.587288,0.19443,3.520896,1.89699,0.525663,0.903932,0.164532,1.96129,1.170393,0.311111,0.741181,0.174162,5.236664,2.01848,1.303966,1.74993,0.790173,concentrate
20.600323,2.162442,0.451757,0.730946,0.451775,3.392924,10.343591,0.720634,0.422345,0.158403,2.785678,3.762623,0.282658,0.290643,0.124446,2.529645,8.263597,0.503456,0.358004,0.094844,1.982967,1.339828,0.619966,0.483897,0.192517,3.329135,2.28287,0.407835,0.77596,0.164506,1.64879,1.295845,0.307171,0.633092,0.168661,5.380589,2.326379,1.090411,1.63792,0.824306,concentrate
15.185667,2.049025,0.479816,0.726237,0.460966,2.460329,9.755939,0.736012,0.46316,0.164095,2.184868,4.039361,0.252419,0.296025,0.119621,1.792303,8.012635,0.492747,0.388121,0.096657,1.946543,1.723397,0.50885,0.396745,0.187451,3.70747,2.64496,0.317415,0.658333,0.165411,1.711547,1.627034,0.332621,0.515855,0.160586,6.321982,2.630028,0.931175,1.5077,0.812706,concentrate
10.196033,2.060415,0.525385,0.738682,0.463594,1.919794,9.031416,0.76081,0.499769,0.163048,1.805125,4.227466,0.249349,0.309049,0.111476,1.414934,7.598903,0.49422,0.419068,0.094804,2.385354,2.205564,0.458191,0.347761,0.180537,4.586047,2.922659,0.274172,0.585197,0.167546,2.219505,2.092557,0.382191,0.421107,0.152478,8.153716,2.906534,0.852328,1.411178,0.764074,concentrate
6.503044,2.15347,0.548892,0.754648,0.459117,1.747437,8.206848,0.781654,0.523834,0.154719,1.585841,4.202098,0.277841,0.328667,0.105151,1.346343,6.995637,0.502515,0.445174,0.090856,3.21677,2.739155,0.478302,0.341657,0.175096,5.711701,3.088708,0.28157,0.568139,0.171305,3.074302,2.61709,0.449481,0.366572,0.147371,10.54308,3.159931,0.861703,1.38121,0.696352,concentrate
4.83154,2.273375,0.540345,0.761184,0.449799,1.851885,7.319664,0.784469,0.532695,0.1415,1.467591,3.946878,0.331822,0.350619,0.105425,1.486567,6.235258,0.50982,0.461405,0.087866,4.224963,3.297672,0.550003,0.365163,0.1734,6.707407,3.167936,0.326549,0.589451,0.175685,4.047221,3.149456,0.522986,0.350391,0.146145,12.800483,3.438201,0.935448,1.404696,0.631222,concentrate
5.63585,2.399528,0.505386,0.750153,0.439273,2.257761,6.540149,0.764556,0.530656,0.12688,1.479814,3.617079,0.39298,0.36827,0.113261,1.807869,5.500335,0.50959,0.464129,0.088133,5.13546,3.814613,0.631279,0.39612,0.175006,7.236326,3.190066,0.3942,0.614751,0.178752,4.884166,3.618581,0.581496,0.357406,0.14765,14.112623,3.712967,1.028048,1.434757,0.589753,concentrate
9.474517,2.544688,0.474411,0.730887,0.433126,3.033777,6.13665,0.729382,0.522466,0.114756,1.73936,3.455749,0.444778,0.373785,0.125649,2.376482,5.071802,0.505734,0.450493,0.09247,5.697268,4.211665,0.68902,0.42084,0.178657,7.125948,3.162414,0.472976,0.618978,0.180658,5.397437,3.952011,0.607157,0.375059,0.151456,13.891375,3.889988,1.1016,1.428314,0.589431,concentrate
15.995672,2.72006,0.480843,0.727293,0.434831,4.19121,6.276331,0.688889,0.509877,0.107938,2.343853,3.615777,0.480622,0.362842,0.137361,3.230975,5.132886,0.504724,0.420042,0.099665,5.807205,4.475122,0.698386,0.444835,0.183638,6.451718,3.080191,0.565098,0.598483,0.182833,5.543944,4.129267,0.588113,0.402097,0.15789,12.108025,3.929533,1.129724,1.365584,0.637551,concentrate
24.376669,2.945853,0.545038,0.759841,0.443294,5.607197,6.945828,0.649978,0.491095,0.106908,3.287617,4.072743,0.499488,0.335498,0.142683,4.301448,5.677921,0.507155,0.375245,0.106586,5.604532,4.73813,0.667102,0.480186,0.189329,5.539031,3.015252,0.685824,0.565536,0.185855,5.463279,4.254816,0.535691,0.438491,0.166006,9.42599,3.97942,1.11449,1.24721,0.722983,concentrate
31.454138,3.196806,0.648818,0.833509,0.453679,6.955843,7.887115,0.616541,0.461176,0.110545,4.387389,4.625394,0.500899,0.296735,0.139659,5.365326,6.479886,0.508258,0.321235,0.110632,5.398047,5.19141,0.619904,0.532603,0.195647,4.795444,3.105443,0.828887,0.540389,0.191196,5.375587,4.492193,0.471396,0.4814,0.175038,6.883611,4.26237,1.064962,1.096092,0.821036,concentrate
36.714054,3.429595,0.77067,0.933484,0.460535,7.848874,8.697468,0.587043,0.417064,0.116898,5.34588,5.010445,0.487318,0.255446,0.130071,6.122442,7.18225,0.501595,0.265162,0.111159,5.460356,5.875378,0.58107,0.597689,0.202406,4.509665,3.392031,0.968397,0.534998,0.200842,5.447372,4.91146,0.419876,0.526636,0.185555,5.430298,4.87197,0.995835,0.949437,0.903463,concentrate
37.932178,3.626909,0.870621,1.032006,0.46175,8.018556,9.050782,0.551808,0.361584,0.124437,5.892907,5.054697,0.461543,0.219857,0.11764,6.361834,7.488121,0.478273,0.214165,0.109642,5.812952,6.667616,0.570104,0.663719,0.210604,4.63729,3.780879,1.062335,0.546394,0.217074,5.637722,5.451943,0.401653,0.570237,0.200533,5.414253,5.669704,0.91665,0.843913,0.949031,concentrate
35.759426,3.77822,0.921202,1.100646,0.460253,7.471754,8.871576,0.499758,0.304079,0.133231,5.902962,4.759515,0.425494,0.19766,0.106919,6.069577,7.310872,0.431089,0.174943,0.109857,6.266008,7.335251,0.586178,0.714863,0.221245,4.911152,4.082384,1.069502,0.560219,0.241178,5.739405,5.939093,0.418788,0.606488,0.222805,6.46774,6.370164,0.826314,0.805489,0.951582,concentrate
30.906477,3.875391,0.923835,1.125804,0.463746,6.505104,8.368648,0.447697,0.253713,0.145479,5.427548,4.263412,0.407636,0.193107,0.101929,5.44819,6.814929,0.384433,0.150151,0.116871,6.547459,7.637412,0.611393,0.735842,0.234622,5.018029,4.139219,0.982035,0.567134,0.272256,5.537148,6.167984,0.456801,0.625749,0.25274,7.703628,6.701143,0.725927,0.842183,0.922565,concentrate
26.560314,3.87467,0.906657,1.111816,0.47701,5.551001,7.924852,0.423499,0.217493,0.164338,4.671935,3.756704,0.435105,0.203423,0.104887,4.797698,6.328767,0.36985,0.138786,0.134821,6.481742,7.468774,0.618629,0.718218,0.248673,4.858349,3.944647,0.836832,0.570797,0.306391,4.950192,6.005653,0.485681,0.618231,0.286492,8.545745,6.658992,0.636053,0.936505,0.884266,concentrate
24.002504,3.732554,0.895406,1.082466,0.498317,4.958163,7.876039,0.436935,0.198889,0.191507,3.92294,3.389087,0.511082,0.22137,0.115454,4.377468,6.157696,0.398869,0.138102,0.164144,6.121866,6.94413,0.59275,0.665321,0.259156,4.651029,3.590456,0.681849,0.584954,0.338465,4.126448,5.459746,0.482098,0.581478,0.316088,9.382369,6.445574,0.574452,1.05415,0.856574,concentrate
24.228348,3.44921,0.906214,1.068167,0.52063,4.847226,8.268759,0.468472,0.196566,0.22436,3.408863,3.185917,0.614479,0.240962,0.131438,4.296891,6.375275,0.45367,0.144759,0.199895,5.642185,6.30648,0.54117,0.595632,0.261664,4.681919,3.215911,0.56664,0.622861,0.363348,3.292656,4.674998,0.446934,0.525556,0.332026,10.861898,6.242208,0.543684,1.157886,0.84851,concentrate
25.818689,3.057915,0.93529,1.087696,0.534351,5.081964,8.84989,0.490367,0.209841,0.255747,3.161827,3.070327,0.708371,0.262256,0.149252,4.462968,6.809632,0.502996,0.157456,0.232442,5.230499,5.798171,0.486698,0.538257,0.253767,5.086525,2.948197,0.511897,0.691446,0.377164,2.653644,3.883126,0.399941,0.47262,0.327416,13.099506,6.133832,0.525748,1.217128,0.855431,concentrate
27.046177,2.622423,0.952991,1.13771,0.531256,5.359629,9.242582,0.484364,0.239531,0.275879,3.0774,2.956521,0.750742,0.28977,0.164189,4.669986,7.176898,0.520405,0.177836,0.250805,4.941433,5.517524,0.447719,0.520176,0.235777,5.703026,2.849542,0.505778,0.785536,0.37863,2.297366,3.275811,0.364191,0.445453,0.301249,15.667437,6.077071,0.499493,1.213608,0.862071,concentrate
26.283392,2.208014,0.930513,1.194009,0.508383,5.386164,9.146785,0.451983,0.284511,0.276292,2.965528,2.80552,0.721645,0.327514,0.171904,4.675689,7.223295,0.496242,0.209093,0.247641,4.681525,5.336298,0.432327,0.557192,0.211597,6.161811,2.866941,0.513937,0.889109,0.369971,2.167459,2.875891,0.353834,0.457547,0.259713,17.606754,5.884252,0.452468,1.155675,0.851366,concentrate
23.501184,1.894627,0.857756,1.228761,0.471184,5.043931,8.50667,0.403352,0.338745,0.254699,2.710744,2.633984,0.627988,0.374623,0.170148,4.388719,6.86186,0.435127,0.252206,0.222636,4.314897,5.023108,0.432617,0.648023,0.188766,6.121687,2.869212,0.507652,0.982071,0.355264,2.151651,2.568439,0.365308,0.507691,0.215215,17.965322,5.372416,0.384798,1.084651,0.812338,concentrate
19.052835,1.68838,0.763977,1.236664,0.431826,4.441333,7.569275,0.366517,0.392021,0.21679,2.297543,2.515586,0.513791,0.424472,0.159602,3.858838,6.249154,0.367892,0.303352,0.182791,3.772446,4.44092,0.436853,0.780436,0.174052,5.488882,2.761361,0.483108,1.054088,0.338479,2.130034,2.224681,0.386428,0.585699,0.180297,16.397881,4.56886,0.323307,1.064831,0.746138,concentrate
13.987609,1.586596,0.692509,1.239711,0.402549,3.720097,6.688873,0.356011,0.430559,0.173993,1.805773,2.512711,0.429387,0.469837,0.144371,3.214551,5.647933,0.321327,0.352717,0.139771,3.11312,3.642066,0.440838,0.935952,0.170829,4.438627,2.539478,0.465681,1.113246,0.325624,2.052274,1.809558,0.406088,0.678349,0.162665,13.375659,3.626191,0.319099,1.150951,0.66307,concentrate
9.654413,1.579578,0.671361,1.267493,0.393295,3.048523,6.123176,0.368155,0.443025,0.138666,1.385768,2.63599,0.402351,0.503684,0.130191,2.600828,5.26323,0.304701,0.387951,0.104793,2.471172,2.77108,0.447012,1.09355,0.1772,3.35621,2.254039,0.476065,1.172551,0.32091,1.906122,1.361027,0.419197,0.774156,0.162401,10.080983,2.766,0.409146,1.353603,0.57709,concentrate
6.960583,1.646271,0.720036,1.338249,0.405761,2.526074,5.86754,0.398274,0.425969,0.118392,1.165642,2.809588,0.437744,0.520119,0.121491,2.14151,5.107708,0.320686,0.399124,0.083857,1.953141,1.975204,0.477381,1.231325,0.187181,2.613,1.945353,0.52794,1.236331,0.325344,1.715701,0.942192,0.434631,0.864259,0.17346,7.81592,2.110546,0.603927,1.633501,0.500235,concentrate
6.666886,1.774351,0.809367,1.442242,0.43168,2.165027,5.694957,0.43321,0.384509,0.114353,1.187891,2.907383,0.505289,0.515521,0.120032,1.876376,5.009296,0.354484,0.382121,0.076755,1.581953,1.339306,0.547251,1.327913,0.195682,2.361718,1.630916,0.610045,1.295272,0.340155,1.483581,0.601693,0.465311,0.938635,0.189245,7.247515,1.685372,0.874888,1.91587,0.442817,concentrate
8.261871,1.979062,0.886662,1.54482,0.457759,1.931234,5.369473,0.462948,0.332583,0.122481,1.381065,2.848963,0.564354,0.49142,0.124324,1.783755,4.782714,0.388801,0.342791,0.078649,1.359651,0.915322,0.658979,1.368713,0.201429,2.554412,1.331812,0.687836,1.328173,0.364074,1.24291,0.387175,0.523643,0.988248,0.205928,8.09015,1.47887,1.158722,2.118974,0.410119,concentrate
11.100687,2.264617,0.911761,1.605644,0.472219,1.792071,4.840601,0.478852,0.288758,0.136608,1.625547,2.654694,0.585484,0.456403,0.130555,1.802757,4.389604,0.410182,0.298137,0.08411,1.304945,0.709704,0.792096,1.34423,0.202964,3.004841,1.084245,0.724613,1.309697,0.388289,1.068487,0.327046,0.609561,1.004208,0.220198,9.441076,1.451132,1.380244,2.190176,0.399866,concentrate
13.368233,2.593555,0.882723,1.596304,0.470209,1.6969,4.239563,0.491771,0.268081,0.150277,1.783177,2.410522,0.56791,0.421779,0.134589,1.839773,3.929779,0.417198,0.267821,0.089128,1.421564,0.706536,0.909448,1.255788,0.200505,3.504405,0.94521,0.712144,1.22471,0.402578,1.025268,0.421344,0.703203,0.981134,0.228415,10.281392,1.565671,1.499756,2.125403,0.401055,concentrate
14.674517,2.890392,0.837988,1.510041,0.454819,1.594282,3.739301,0.522228,0.279912,0.15822,1.781851,2.205068,0.528713,0.396196,0.134577,1.823341,3.531287,0.415052,0.267391,0.092729,1.672392,0.888245,0.970845,1.115878,0.195905,3.880478,1.010321,0.676291,1.075527,0.399593,1.139213,0.655986,0.774803,0.92084,0.228057,10.188554,1.825123,1.514227,1.959078,0.40418,concentrate
14.536469,3.119061,0.828183,1.373251,0.438683,1.466191,3.475346,0.58537,0.326638,0.15856,1.636464,2.100102,0.491648,0.385026,0.132506,1.727217,3.297859,0.412356,0.302178,0.097167,2.010932,1.225391,0.961305,0.948796,0.191293,4.053784,1.344764,0.664703,0.884624,0.3788,1.391268,1.000621,0.804774,0.835218,0.218924,9.260134,2.268441,1.454209,1.741013,0.411772,concentrate
12.834749,3.301697,0.864536,1.222733,0.436118,1.316728,3.513775,0.680195,0.405026,0.152834,1.447965,2.125409,0.469412,0.392545,0.131416,1.566531,3.28231,0.413832,0.366082,0.104939,2.386889,1.656944,0.900023,0.791565,0.187921,4.009349,1.956061,0.713348,0.691735,0.345628,1.716501,1.40998,0.79228,0.748247,0.203211,7.823088,2.921546,1.361252,1.516092,0.435318,concentrate
10.866331,3.489619,0.932613,1.091544,0.45454,1.225929,3.81612,0.784833,0.503883,0.14504,1.360747,2.286051,0.463912,0.419268,0.132838,1.405288,3.459965,0.419865,0.442884,0.116503,2.76616,2.129258,0.827812,0.682243,0.18492,3.825397,2.780932,0.816586,0.537404,0.307687,2.050913,1.847968,0.747295,0.68576,0.184342,6.464789,3.754766,1.276401,1.312966,0.486836,concentrate
8.654772,3.779739,0.998283,0.995804,0.490655,1.250951,4.251708,0.865575,0.605301,0.139773,1.493822,2.56887,0.474419,0.45863,0.136425,1.33793,3.752598,0.429803,0.512909,0.130208,3.133759,2.659836,0.780288,0.637223,0.180496,3.624854,3.73506,0.93721,0.446026,0.272847,2.361369,2.340802,0.682456,0.658585,0.166103,5.662649,4.687116,1.217932,1.142015,0.571646,concentrate
7.470215,4.214161,1.027879,0.931589,0.531927,1.456376,4.657997,0.899249,0.691276,0.140194,1.847277,2.920237,0.498869,0.498357,0.140392,1.427053,4.056052,0.447957,0.563325,0.143392,3.540256,3.311082,0.768689,0.64737,0.174507,3.544208,4.710114,1.022134,0.418907,0.246971,2.697679,2.943684,0.608397,0.660346,0.152136,5.614286,5.595701,1.178703,1.002207,0.682718,concentrate
6.875754,4.753753,0.999603,0.892488,0.563324,1.83988,4.936573,0.893235,0.751772,0.146532,2.306901,3.269515,0.532766,0.529115,0.142673,1.706266,4.290972,0.483017,0.594894,0.154096,4.051647,4.090735,0.793085,0.687485,0.169237,3.658145,5.566466,1.043215,0.441921,0.233992,3.126562,3.649391,0.545999,0.675501,0.144539,6.153642,6.334796,1.156334,0.896868,0.802295,concentrate
6.520193,5.325776,0.923532,0.880239,0.573235,2.422558,5.049589,0.867453,0.785529,0.156168,2.706459,3.562655,0.568811,0.547009,0.141655,2.164794,4.412889,0.536792,0.616544,0.161586,4.687036,4.91715,0.838246,0.734309,0.16666,3.948783,6.186625,1.008098,0.496597,0.236747,3.694725,4.361105,0.515613,0.692732,0.142479,6.943062,6.805405,1.159053,0.828161,0.908102,concentrate
6.158792,5.87277,0.835908,0.900922,0.558629,3.143796,5.031428,0.860327,0.798199,0.165477,2.933257,3.799018,0.613807,0.552875,0.137412,2.753265,4.430139,0.61437,0.637753,0.166654,5.368568,5.612973,0.886184,0.773336,0.167918,4.3257,6.510578,0.961134,0.566252,0.255005,4.387237,4.921839,0.526835,0.706063,0.144266,7.699259,7.00125,1.192986,0.790895,0.983405,concentrate
5.485169,6.388941,0.758847,0.945559,0.52743,3.902792,4.941297,0.881597,0.794504,0.172194,2.955842,4.021623,0.658916,0.547731,0.132526,3.363404,4.374464,0.700266,0.658828,0.171512,5.89482,5.979863,0.928398,0.802158,0.17271,4.628532,6.60351,0.929941,0.631483,0.283295,5.043117,5.205284,0.567535,0.713767,0.149112,8.165129,6.995149,1.237121,0.775236,1.022786,concentrate
4.786474,6.870373,0.704941,0.989248,0.494016,4.540746,4.819178,0.914682,0.774125,0.175781,2.814513,4.260019,0.689929,0.532492,0.130127,3.861859,4.271807,0.768796,0.669565,0.178599,6.068895,5.900726,0.969343,0.821366,0.179149,4.698558,6.600386,0.93391,0.672218,0.312422,5.437415,5.180296,0.620537,0.714069,0.157124,8.156457,6.922461,1.281416,0.77155,1.032513,concentrate
3.979947,7.280101,0.675322,1.00341,0.472292,4.898302,4.662302,0.927312,0.731871,0.177242,2.575782,4.493788,0.700167,0.509762,0.131635,4.114336,4.127512,0.799865,0.655583,0.188482,5.765144,5.362675,0.996926,0.825113,0.184357,4.417302,6.573119,0.997027,0.678519,0.332091,5.376815,4.882562,0.660599,0.700999,0.168096,7.575786,6.84534,1.320669,0.770462,1.023383,concentrate
3.397862,7.531474,0.663697,0.972963,0.471184,4.829491,4.441158,0.905035,0.665305,0.178018,2.288863,4.645877,0.70983,0.485907,0.136663,4.012406,3.935036,0.79652,0.608993,0.199829,5.02487,4.466264,1.008579,0.807438,0.184953,3.803228,6.501954,1.133574,0.661795,0.333764,4.821278,4.387201,0.668258,0.670019,0.179291,6.533511,6.759178,1.337164,0.767398,1.001304,concentrate
2.943066,7.543424,0.647506,0.900353,0.489596,4.304869,4.138103,0.847025,0.581016,0.178232,1.967028,4.626099,0.733817,0.468457,0.143316,3.53707,3.697298,0.763223,0.534867,0.209778,4.070534,3.471103,1.013704,0.762309,0.179298,3.075037,6.348235,1.344154,0.64367,0.314185,3.924624,3.845122,0.643005,0.621607,0.186548,5.424517,6.681664,1.319888,0.768426,0.964404,concentrate
2.72677,7.263288,0.610307,0.806834,0.519204,3.484279,3.833617,0.767852,0.493194,0.176977,1.638494,4.422785,0.772075,0.4614,0.149595,2.817465,3.497825,0.709658,0.449055,0.215247,3.219784,2.73554,1.011776,0.688995,0.169176,2.572444,6.109839,1.57991,0.636395,0.27678,2.981483,3.417862,0.596517,0.563298,0.186655,4.754447,6.618452,1.260471,0.788376,0.909132,concentrate
2.677737,6.717336,0.556554,0.725062,0.550587,2.650141,3.693793,0.689944,0.419318,0.173294,1.366828,4.146881,0.819276,0.462325,0.155013,2.079601,3.482804,0.650954,0.371272,0.21476,2.712789,2.539655,0.99823,0.596577,0.160239,2.555208,5.83103,1.76374,0.64063,0.231357,2.282148,3.187812,0.548104,0.506192,0.18071,4.836457,6.51343,1.152443,0.836895,0.838131,concentrate
2.694244,5.995702,0.492394,0.680447,0.574901,2.025737,3.837083,0.614092,0.372612,0.166936,1.205036,3.961864,0.841197,0.464338,0.159997,1.503894,3.7451,0.585059,0.316998,0.208637,2.599058,2.926457,0.955652,0.500717,0.158589,3.057416,5.540682,1.815403,0.644212,0.190169,1.974107,3.128749,0.506994,0.458571,0.173965,5.617229,6.27885,0.993338,0.902067,0.758991,concentrate
2.760399,5.233294,0.444896,0.687191,0.586628,1.680238,4.277492,0.535322,0.360269,0.158562,1.153166,4.006899,0.810123,0.462397,0.164222,1.158574,4.284853,0.514171,0.293823,0.198007,2.7205,3.679778,0.873093,0.420759,0.166719,3.84957,5.243693,1.695982,0.633863,0.161981,1.99111,3.145684,0.476354,0.424703,0.171925,6.69221,5.815413,0.814727,0.965022,0.681513,concentrate
2.831446,4.606884,0.453376,0.749825,0.585861,1.576434,4.922177,0.453137,0.382016,0.149966,1.173648,4.334104,0.72796,0.454694,0.166459,1.002233,5.014812,0.445113,0.300111,0.184316,2.841295,4.439853,0.75868,0.37364,0.182773,4.63269,4.939959,1.432997,0.606181,0.14935,2.121939,3.135174,0.454045,0.404963,0.177365,7.599806,5.124047,0.664557,1.007584,0.61351,concentrate
3.146776,4.197718,0.553786,0.864449,0.578056,1.636177,5.619851,0.373561,0.43008,0.144542,1.226073,4.841688,0.61565,0.442935,0.166504,0.992638,5.783365,0.386384,0.32762,0.170082,2.789138,4.892664,0.634596,0.363189,0.201937,5.138813,4.621975,1.121205,0.57152,0.149782,2.165904,3.046667,0.43904,0.392958,0.189006,7.988369,4.293612,0.59137,1.019717,0.556975,concentrate
4.460666,3.94218,0.74033,1.014717,0.56936,1.88703,6.204097,0.31617,0.490623,0.146172,1.327833,5.306821,0.501564,0.430232,0.165202,1.143668,6.405715,0.355361,0.364703,0.158482,2.570259,4.837163,0.517478,0.376294,0.219022,5.331295,4.223865,0.84895,0.547058,0.158578,2.075568,2.83364,0.4284,0.378142,0.202198,8.057643,3.439605,0.607728,1.001712,0.507583,concentrate
8.670911,3.828379,0.958539,1.170986,0.563794,2.362029,6.538905,0.291907,0.547334,0.156683,1.589916,5.520423,0.40889,0.420885,0.164377,1.480717,6.720968,0.357435,0.400042,0.151897,2.301976,4.278509,0.416633,0.396079,0.231862,5.578686,3.775208,0.659185,0.544883,0.170988,1.933724,2.490252,0.41283,0.355927,0.211785,8.923154,2.830867,0.686081,0.964805,0.461209,concentrate
17.012108,3.863062,1.130759,1.300039,0.561541,3.052722,6.538514,0.290907,0.584393,0.173698,2.110661,5.374929,0.341271,0.415594,0.165262,1.978531,6.637312,0.375237,0.422969,0.150388,2.102719,3.455814,0.335487,0.417728,0.242622,6.294187,3.402344,0.551531,0.565589,0.184014,1.866655,2.085675,0.384012,0.334786,0.2156,11.583611,2.687981,0.777938,0.938069,0.418979,concentrate
30.611382,4.150673,1.243907,1.380292,0.560814,3.846793,6.248696,0.301596,0.591716,0.19135,2.896464,4.932945,0.29274,0.412685,0.168047,2.567355,6.201867,0.390766,0.427907,0.15189,2.046647,2.763627,0.273722,0.450911,0.256919,7.600098,3.278359,0.500594,0.598079,0.196444,1.957579,1.75754,0.340483,0.336099,0.216757,16.112761,3.06941,0.844519,0.963942,0.390892,concentrate
47.121086,4.768136,1.348132,1.407,0.560385,4.587567,5.829124,0.317917,0.567805,0.202075,3.834195,4.362269,0.258641,0.409164,0.170795,3.17219,5.581881,0.395373,0.415902,0.153023,2.108349,2.548427,0.245272,0.51218,0.279422,9.202227,3.525531,0.482464,0.625529,0.207831,2.172356,1.63811,0.302346,0.382524,0.220918,21.547571,3.807714,0.864637,1.068907,0.392301,concentrate
63.471115,5.647477,1.499276,1.389353,0.56195,5.081138,5.434141,0.341317,0.51785,0.200184,4.684263,3.809733,0.23595,0.403012,0.170898,3.681,4.953526,0.391398,0.392645,0.150748,2.228885,2.883328,0.254836,0.60904,0.309468,10.453996,4.036096,0.468275,0.637922,0.21792,2.417994,1.72931,0.288169,0.4806,0.231595,26.148743,4.547712,0.831634,1.252312,0.439724,concentrate
74.029579,6.591632,1.712009,1.342556,0.570942,5.192528,5.147437,0.372184,0.450785,0.185251,5.197372,3.366655,0.223375,0.393896,0.167603,3.989828,4.432592,0.387522,0.363741,0.143961,2.289931,3.591354,0.294795,0.730876,0.340026,10.720794,4.581849,0.439142,0.636428,0.226428,2.571668,1.941858,0.301517,0.610852,0.247819,28.142719,4.940338,0.756494,1.484866,0.544167,concentrate
76.480843,7.329133,1.925665,1.280964,0.593546,4.900466,4.983059,0.415928,0.379725,0.161955,5.209647,3.075645,0.222029,0.384477,0.162905,4.039659,4.063491,0.395063,0.334197,0.133835,2.246831,4.342561,0.345417,0.856054,0.361949,9.741689,4.925706,0.403322,0.638421,0.234802,2.593734,2.148375,0.332943,0.738599,0.266403,26.643751,4.800134,0.667021,1.722248,0.700199,concentrate
69.438606,7.698134,2.062774,1.214166,0.630775,4.319447,4.929088,0.491645,0.320288,0.137663,4.746629,2.972047,0.234035,0.379957,0.160165,3.847262,3.852774,0.424718,0.309013,0.123022,2.086444,4.857064,0.407159,0.963701,0.369321,7.789654,4.945105,0.387369,0.669495,0.246267,2.47328,2.273,0.389217,0.835339,0.284727,22.241955,4.218669,0.609307,1.934184,0.881505,concentrate
56.01825,7.686924,2.053797,1.148803,0.676045,3.603079,4.937325,0.616379,0.288743,0.120559,3.99867,3.059867,0.259433,0.387338,0.162785,3.47573,3.765482,0.479075,0.294955,0.115194,1.872462,5.024305,0.520762,1.041774,0.362503,5.507732,4.72269,0.437414,0.76274,0.263768,2.285928,2.339319,0.514737,0.887924,0.301842,16.348642,3.50167,0.624817,2.125741,1.051167,concentrate
40.255062,7.404399,1.884417,1.091688,0.712406,2.909037,4.92142,0.787693,0.298904,0.116404,3.245574,3.294094,0.293554,0.415753,0.172282,3.01172,3.72187,0.54812,0.302515,0.113509,1.630952,4.8766,0.732503,1.092552,0.34591,3.577903,4.457589,0.584186,0.952146,0.286868,2.091407,2.426183,0.76545,0.904305,0.316944,10.853423,2.95694,0.719797,2.338745,1.171391,concentrate
27.115376,7.062883,1.620882,1.04812,0.721016,2.402956,4.839377,0.994754,0.354894,0.126889,2.800119,3.620816,0.341407,0.471866,0.187392,2.616848,3.669981,0.622861,0.341446,0.119027,1.410925,4.553638,1.042659,1.134174,0.325498,2.501638,4.359793,0.823955,1.252861,0.312098,1.960769,2.613472,1.146475,0.908734,0.328273,7.325696,2.772955,0.880849,2.607469,1.214264,concentrate
19.6306,6.935069,1.392669,1.031654,0.693466,2.267662,4.709699,1.215484,0.446712,0.149608,2.942924,4.004663,0.409915,0.552687,0.204212,2.497144,3.611922,0.693069,0.412329,0.129846,1.255093,4.219472,1.379185,1.184542,0.305879,2.402826,4.510906,1.112267,1.642873,0.333328,1.930011,2.909391,1.576748,0.924752,0.332324,6.252608,2.948247,1.076292,2.914999,1.171189,concentrate
18.38348,7.204139,1.313281,1.050977,0.633652,2.600836,4.587393,1.41886,0.544012,0.17896,3.770609,4.417475,0.507441,0.639017,0.217877,2.792756,3.601723,0.754399,0.495759,0.142026,1.17319,3.991651,1.639371,1.2418,0.287797,3.105788,4.842999,1.37957,2.052201,0.343666,1.97536,3.233644,1.93049,0.957425,0.325753,7.240417,3.338207,1.268145,3.181238,1.055877,concentrate
22.012722,7.829099,1.42563,1.092302,0.553971,3.411471,4.527637,1.571757,0.610027,0.207709,5.132331,4.83007,0.638345,0.701651,0.224468,3.521382,3.709293,0.810865,0.561062,0.151445,1.204665,3.918588,1.732133,1.282584,0.269667,4.319117,5.186528,1.556629,2.373879,0.339722,2.083023,3.45231,2.084909,0.988507,0.307953,9.558271,3.750218,1.429528,3.298202,0.901391,concentrate
27.426334,8.656473,1.65198,1.119117,0.472317,4.606818,4.4878,1.635379,0.621101,0.228162,6.698963,5.169695,0.781661,0.714647,0.221313,4.552502,3.896705,0.853924,0.58171,0.154827,1.459404,3.989327,1.638585,1.277036,0.250769,5.824743,5.384767,1.59033,2.506524,0.324251,2.323109,3.471967,1.994743,0.989384,0.282534,12.691497,4.130553,1.548541,3.181578,0.747273,concentrate
32.057667,9.364039,1.850312,1.094345,0.406905,5.872904,4.336891,1.578835,0.573334,0.234796,8.040612,5.301717,0.890332,0.668167,0.207883,5.578942,4.017013,0.856298,0.545836,0.151182,2.001086,4.141875,1.436417,1.213158,0.234752,7.445138,5.387678,1.489737,2.404755,0.306869,2.7682,3.275519,1.720343,0.946293,0.257396,16.263851,4.604702,1.638093,2.816427,0.624767,concentrate
34.002155,9.596335,1.905752,1.004816,0.370613,6.826692,4.028108,1.420553,0.482976,0.226244,8.875223,5.141483,0.937275,0.572094,0.186701,6.307001,3.971637,0.814948,0.461728,0.141923,2.755145,4.323845,1.254505,1.106485,0.227534,8.967792,5.21807,1.308137,2.097592,0.298961,3.395692,2.966076,1.399637,0.871106,0.240869,19.53871,5.314054,1.71415,2.277571,0.549816,concentrate
33.173115,9.203788,1.781543,0.86783,0.366479,7.26821,3.639452,1.214823,0.382976,0.205505,9.189071,4.7013,0.930627,0.45315,0.16166,6.6385,3.762915,0.753469,0.357231,0.129801,3.596488,4.509548,1.197175,0.985127,0.232103,10.209953,5.006876,1.1409,1.674647,0.305707,4.113863,2.732684,1.174897,0.787814,0.236357,21.900627,6.326014,1.794093,1.696708,0.52218,concentrate
30.510393,8.259346,1.554873,0.723269,0.386328,7.229777,3.296162,1.048149,0.307845,0.17872,9.154477,4.07992,0.914787,0.343067,0.136504,6.672876,3.451937,0.716392,0.266653,0.117778,4.425943,4.708291,1.26986,0.87049,0.246224,11.03308,4.946905,1.081138,1.249215,0.323217,4.827202,2.744934,1.101328,0.713538,0.240844,22.966745,7.519543,1.906304,1.205018,0.529206,concentrate
26.586533,7.024264,1.399388,0.613156,0.414575,6.855042,3.058616,1.000397,0.281292,0.153083,8.946401,3.399818,0.957099,0.267925,0.114421,6.543461,3.087831,0.748239,0.21702,0.107891,5.161339,4.909126,1.411539,0.770586,0.262865,11.407585,5.158807,1.199832,0.905588,0.340423,5.390719,3.041628,1.146015,0.64943,0.247102,22.497141,8.591354,2.08332,0.879413,0.552717,concentrate
23.054668,5.747505,1.441774,0.561633,0.435836,6.385253,2.940788,1.100586,0.306363,0.133957,8.639322,2.795615,1.092775,0.240058,0.097609,6.387196,2.744502,0.863813,0.216144,0.100479,5.690452,5.034566,1.529616,0.680598,0.273022,11.407466,5.565246,1.493751,0.679218,0.344762,5.666807,3.476313,1.212716,0.58319,0.247405,20.745113,9.211011,2.313552,0.728407,0.577318,concentrate
20.092398,4.66018,1.702365,0.562405,0.442457,6.029003,2.971847,1.297606,0.364852,0.123033,8.185338,2.415353,1.284229,0.250829,0.087096,6.282877,2.544451,1.017341,0.250586,0.094945,5.942003,4.986592,1.553529,0.590208,0.271151,11.216203,5.938697,1.868703,0.554945,0.32956,5.566101,3.80583,1.205889,0.501601,0.238207,18.158924,9.16824,2.528985,0.703906,0.596872,concentrate
18.265467,3.966468,2.077579,0.593038,0.436156,5.861251,3.194937,1.493811,0.422512,0.119326,7.536483,2.372502,1.451707,0.278312,0.084334,6.209077,2.618067,1.135876,0.292259,0.092244,5.835621,4.702974,1.485775,0.497328,0.255831,11.061634,6.041441,2.197451,0.497961,0.296973,5.054996,3.829631,1.104948,0.402519,0.219387,15.222374,8.505405,2.646809,0.746216,0.613801,concentrate
17.940739,3.765675,2.421085,0.673885,0.425876,5.778748,3.604155,1.585804,0.447936,0.119928,6.723753,2.677025,1.514001,0.300569,0.089917,6.070116,3.005927,1.151983,0.316492,0.094034,5.445068,4.195977,1.377869,0.416238,0.230375,11.140721,5.737408,2.380354,0.484284,0.258434,4.306035,3.488456,0.956864,0.303534,0.193416,12.545175,7.470667,2.611959,0.822914,0.632411,concentrate
20.319027,3.902545,2.630713,0.883527,0.423417,5.624117,4.112206,1.539484,0.431195,0.121313,5.871952,3.199844,1.449029,0.312862,0.102802,5.765347,3.598805,1.061104,0.317401,0.101579,4.838497,3.559461,1.270741,0.380956,0.20199,11.479365,5.041596,2.369915,0.519552,0.229132,3.515083,2.906383,0.818138,0.242855,0.164866,10.550714,6.324355,2.426487,0.943686,0.651806,concentrate
26.342464,4.134363,2.684762,1.281728,0.43669,5.329614,4.670447,1.40081,0.384995,0.120901,5.174024,3.768738,1.310077,0.324109,0.119948,5.297939,4.273113,0.926841,0.307537,0.11448,4.104905,2.911958,1.176687,0.411563,0.179143,11.874453,4.049135,2.184079,0.606751,0.219229,2.878549,2.289122,0.720599,0.24969,0.14122,9.602853,5.202496,2.148064,1.110597,0.666794,concentrate
35.20071,4.271286,2.607216,1.846183,0.465667,4.932748,5.253737,1.239554,0.328814,0.117656,4.787735,4.209667,1.183745,0.347655,0.13637,4.749508,4.911972,0.82659,0.302999,0.130172,3.402674,2.373924,1.081639,0.501791,0.168573,12.099248,2.998743,1.897061,0.736406,0.229949,2.520814,1.84034,0.667144,0.327994,0.130756,9.844926,4.182823,1.848974,1.299081,0.672952,concentrate
44.710945,4.233223,2.442555,2.456907,0.501843,4.559646,5.793261,1.11251,0.287326,0.112437,4.740704,4.391098,1.139618,0.39189,0.146724,4.271061,5.39766,0.809256,0.31803,0.1449,2.997126,2.063178,0.968125,0.617921,0.171265,12.083251,2.209576,1.588961,0.882486,0.253447,2.564389,1.704033,0.638636,0.453145,0.137599,11.273301,3.354816,1.574401,1.472544,0.668612,concentrate
51.550167,4.025788,2.230421,2.928078,0.533578,4.408873,6.169311,1.045509,0.281066,0.107378,4.953543,4.244477,1.189495,0.450179,0.147558,4.031814,5.611407,0.8731,0.358101,0.155054,3.179859,2.048019,0.821659,0.715964,0.183652,11.918759,1.941742,1.306578,1.004172,0.278528,3.103801,1.906984,0.608688,0.583911,0.159932,13.692453,2.824197,1.329964,1.604198,0.656543,concentrate
53.166313,3.738939,1.99839,3.088448,0.551874,4.682788,6.280418,1.041534,0.316501,0.104772,5.346801,3.792829,1.284375,0.501556,0.138884,4.194678,5.495779,0.982049,0.415084,0.158091,4.060831,2.287058,0.656882,0.768666,0.199957,11.75317,2.288298,1.059602,1.069411,0.296443,4.108887,2.334854,0.568667,0.68592,0.190439,16.588236,2.651991,1.096557,1.687327,0.644358,concentrate
49.161358,3.445994,1.778891,2.869535,0.553057,5.468394,6.106849,1.084378,0.380007,0.105878,5.869021,3.154285,1.353834,0.522798,0.124135,4.834567,5.107079,1.086004,0.467942,0.153181,5.411626,2.695671,0.508037,0.772009,0.214563,11.655175,3.136238,0.843558,1.072521,0.302906,5.308974,2.827408,0.529625,0.739851,0.219229,19.506277,2.887308,0.874276,1.731753,0.642908,concentrate
41.268528,3.218345,1.611251,2.341707,0.539033,6.64291,5.747346,1.158327,0.443049,0.110068,6.478969,2.508206,1.3504,0.497735,0.108861,5.841925,4.613098,1.153665,0.491342,0.141226,6.737806,3.198678,0.40021,0.738075,0.223407,11.514912,4.187051,0.642336,1.025864,0.296624,6.311559,3.25871,0.496529,0.740786,0.237558,22.001648,3.396194,0.673489,1.747333,0.66318,concentrate
32.619862,3.0683,1.515044,1.678138,0.516963,7.936974,5.363633,1.248597,0.480206,0.115491,7.167265,2.017825,1.269205,0.431885,0.099041,6.991582,4.226224,1.183727,0.474649,0.125379,7.493621,3.744439,0.348048,0.692018,0.227493,11.146293,5.085934,0.460176,0.958588,0.280256,6.750025,3.576622,0.47704,0.699069,0.241524,23.770782,3.939809,0.533417,1.732613,0.708741,concentrate
25.924643,2.962181,1.476122,1.079106,0.496652,9.010529,5.074321,1.336729,0.484289,0.121326,7.875918,1.772028,1.149416,0.354187,0.100598,8.004546,4.08095,1.192296,0.427538,0.111465,7.365353,4.276547,0.35447,0.66135,0.23395,10.45882,5.560811,0.327862,0.910909,0.260074,6.468405,3.770055,0.470085,0.637105,0.234062,24.573851,4.267176,0.487621,1.674477,0.77072,concentrate
22.231539,2.825972,1.444229,0.671419,0.486521,9.522698,4.909064,1.387284,0.4599,0.128142,8.480688,1.780522,1.024807,0.295629,0.116938,8.609436,4.183809,1.181321,0.367282,0.105765,6.413395,4.732758,0.406545,0.660464,0.250287,9.553351,5.467599,0.261046,0.908884,0.243039,5.552787,3.849043,0.477483,0.579212,0.222022,24.174469,4.179486,0.518498,1.556347,0.829436,concentrate
20.766415,2.616797,1.361483,0.469657,0.491188,9.280478,4.847407,1.362273,0.420248,0.136846,8.778194,1.988499,0.910152,0.274228,0.146208,8.638718,4.451814,1.138922,0.311653,0.11229,5.014721,5.02955,0.472856,0.685352,0.277492,8.606692,4.832958,0.245835,0.954219,0.232422,4.303828,3.821886,0.495823,0.543591,0.211618,22.428169,3.687936,0.577871,1.369417,0.862061,concentrate
19.695553,2.366605,1.197035,0.404902,0.509842,8.326162,4.830959,1.240375,0.379083,0.14755,8.576811,2.294281,0.797302,0.288738,0.181771,8.076108,4.743351,1.047395,0.271559,0.13079,3.635242,5.111709,0.519484,0.717457,0.308102,7.70759,3.850608,0.252209,1.019559,0.227194,3.079958,3.712826,0.512501,0.534131,0.205221,19.458044,3.009508,0.607701,1.126439,0.852642,concentrate
17.558336,2.169548,0.96723,0.396172,0.534665,6.887172,4.769397,1.039673,0.345146,0.157805,7.809143,2.579847,0.676875,0.322866,0.213782,7.032038,4.901733,0.906889,0.248512,0.155395,2.643514,4.997573,0.530847,0.734101,0.329826,6.867663,2.82851,0.257153,1.064366,0.2241,2.159912,3.573171,0.517379,0.539905,0.200496,15.740186,2.473089,0.575694,0.870599,0.796236,concentrate
14.340915,2.09207,0.728061,0.408997,0.555009,5.318165,4.584454,0.798698,0.320769,0.163468,6.567618,2.746495,0.546085,0.353809,0.231854,5.723378,4.826474,0.727726,0.237374,0.17674,2.151319,4.760263,0.514535,0.717375,0.331893,6.020422,2.03152,0.251987,1.053236,0.218766,1.654764,3.45388,0.505627,0.542273,0.193145,11.968861,2.311708,0.507721,0.667305,0.702879,concentrate
10.704478,2.065072,0.535562,0.447397,0.561975,3.929446,4.30021,0.575083,0.301323,0.161067,5.05994,2.735975,0.422117,0.36334,0.22938,4.372798,4.541853,0.542415,0.229056,0.186415,1.98817,4.464094,0.490183,0.660394,0.310808,5.067008,1.562277,0.244687,0.974255,0.20728,1.448352,3.369661,0.476932,0.52671,0.181698,8.677878,2.495413,0.461551,0.569974,0.59815,concentrate
7.451037,1.965215,0.428404,0.515178,0.551028,2.916924,4.039372,0.416776,0.284407,0.150336,3.561032,2.552454,0.327559,0.34503,0.206836,3.178423,4.182415,0.387469,0.219051,0.181174,1.891874,4.135966,0.471744,0.571167,0.273359,4.011422,1.349981,0.251508,0.842918,0.190394,1.352958,3.295675,0.432827,0.492028,0.169984,6.205181,2.804233,0.490804,0.592408,0.51186,concentrate
5.02993,1.713474,0.406624,0.61399,0.523666,2.391858,3.937622,0.348743,0.277512,0.134005,2.37834,2.25977,0.275955,0.304972,0.171166,2.333266,3.905449,0.290752,0.213369,0.163921,1.787971,3.784013,0.472124,0.470755,0.231264,3.029367,1.289298,0.295013,0.69486,0.17265,1.293945,3.195227,0.389555,0.453107,0.161491,4.740102,3.007841,0.632559,0.717507,0.463688,concentrate
3.756126,1.346488,0.451677,0.739362,0.485342,2.383051,4.042459,0.367739,0.297743,0.116668,1.737376,1.944364,0.269644,0.257748,0.132953,1.983746,3.786484,0.260882,0.227032,0.142045,1.849775,3.458055,0.499027,0.385264,0.195466,2.37037,1.338158,0.391744,0.567382,0.159148,1.388254,3.079659,0.377693,0.431118,0.15699,4.262645,3.004721,0.886796,0.910764,0.453597,concentrate
3.807252,0.948302,0.539956,0.872118,0.442181,2.829872,4.279988,0.453239,0.35984,0.102469,1.698326,1.670716,0.299887,0.220624,0.101776,2.172561,3.789127,0.288486,0.272903,0.123132,2.272104,3.252148,0.562193,0.345053,0.171821,2.18441,1.511226,0.545159,0.490287,0.151835,1.764078,3.011251,0.430596,0.446363,0.154683,4.511832,2.815081,1.220042,1.129235,0.464694,concentrate
4.5664,0.609915,0.64647,0.981001,0.400151,3.576189,4.483942,0.570896,0.45915,0.093618,2.122441,1.465818,0.351327,0.204184,0.082279,2.78833,3.792448,0.350051,0.345974,0.111089,3.074564,3.253048,0.651713,0.376755,0.160849,2.46803,1.81156,0.726978,0.482233,0.150269,2.422509,3.062962,0.548987,0.505532,0.152415,5.112328,2.517575,1.554392,1.321717,0.476343,concentrate
5.974942,0.394898,0.751661,1.0359,0.364178,4.348816,4.465759,0.673598,0.569126,0.091193,2.761651,1.324474,0.41057,0.209744,0.073323,3.557371,3.658341,0.411488,0.424277,0.106424,4.108858,3.477906,0.737576,0.488264,0.15796,3.185064,2.189616,0.88896,0.55106,0.151838,3.245845,3.268888,0.693213,0.594832,0.148257,5.968426,2.194464,1.793505,1.441667,0.477043,concentrate
7.348419,0.297323,0.85368,1.021431,0.336556,4.839141,4.10506,0.722704,0.656359,0.095081,3.313406,1.219208,0.46633,0.235247,0.070644,4.12931,3.301799,0.446645,0.484833,0.10715,5.047256,3.862748,0.805076,0.659728,0.158054,4.172815,2.577262,0.995269,0.690038,0.153546,3.976445,3.599867,0.821501,0.684152,0.142084,6.764686,1.924584,1.868774,1.457607,0.462465,concentrate
8.752387,0.317947,0.955542,0.946118,0.318904,4.823825,3.414507,0.705379,0.697201,0.104175,3.549281,1.129515,0.505549,0.279593,0.070516,4.253837,2.733469,0.445297,0.514876,0.1107,5.627459,4.256202,0.846054,0.847835,0.15893,5.218693,2.864416,1.028787,0.878184,0.153667,4.412923,3.942942,0.898277,0.741486,0.135949,7.202654,1.724943,1.759912,1.369122,0.433463,concentrate
9.728774,0.46849,1.06651,0.835927,0.311371,4.283573,2.564158,0.638504,0.687209,0.116304,3.372736,1.086211,0.521628,0.340328,0.071302,3.877081,2.087379,0.414244,0.514532,0.11521,5.679158,4.500558,0.867701,0.997569,0.160163,6.014266,2.941143,1.000406,1.079934,0.151187,4.401663,4.165277,0.914241,0.746068,0.132836,7.041293,1.573912,1.513254,1.20753,0.396532,concentrate
10.681415,0.780258,1.193973,0.721863,0.312585,3.404537,1.854991,0.558517,0.639168,0.128032,2.844265,1.172381,0.520861,0.407801,0.072817,3.162844,1.609119,0.376698,0.493353,0.11898,5.241139,4.535166,0.875985,1.060733,0.16223,6.323045,2.812428,0.935178,1.247969,0.145655,4.004599,4.197094,0.879853,0.693911,0.136522,6.327163,1.496055,1.225344,1.022714,0.363461,concentrate
11.165777,1.250078,1.330206,0.632194,0.320343,2.507242,1.577332,0.495045,0.578491,0.135254,2.164649,1.471456,0.517672,0.46917,0.07502,2.403133,1.546038,0.352873,0.467373,0.120288,4.629105,4.390831,0.862109,1.018751,0.167263,6.153355,2.559084,0.854234,1.339294,0.137829,3.512454,4.042501,0.804598,0.602448,0.14973,5.995602,1.483434,0.988063,0.867569,0.345738,concentrate
11.456731,1.826713,1.457119,0.59341,0.332333,1.852106,1.83184,0.46292,0.532963,0.135158,1.550966,1.97837,0.525239,0.516391,0.077512,1.839531,1.974961,0.349415,0.453717,0.117958,4.351983,4.230196,0.821769,0.89344,0.179093,5.820814,2.337903,0.77652,1.332669,0.130797,3.352088,3.817504,0.713208,0.50558,0.172257,7.330257,1.552048,0.853431,0.796102,0.351506,concentrate
11.426774,2.395145,1.543974,0.622485,0.345691,1.513141,2.45721,0.460637,0.519506,0.127681,1.149216,2.565334,0.544147,0.545766,0.079288,1.545535,2.728373,0.360382,0.460917,0.111525,4.705694,4.247411,0.756564,0.735477,0.201005,5.696806,2.276804,0.718358,1.237095,0.12872,3.747962,3.689994,0.632488,0.436805,0.200537,10.97755,1.710611,0.818276,0.838613,0.383923,concentrate
10.982085,2.810024,1.560728,0.712886,0.357525,1.393811,3.139491,0.475511,0.53627,0.116612,0.996827,3.044464,0.563369,0.556471,0.079486,1.438782,3.497579,0.371925,0.485118,0.102235,5.639172,4.496898,0.668147,0.599163,0.232282,5.991721,2.378829,0.686173,1.083745,0.133996,4.615654,3.742913,0.569722,0.412383,0.22844,16.346254,1.922974,0.839664,0.980814,0.437373,concentrate
10.186265,2.947472,1.4911,0.830739,0.369371,1.353167,3.586221,0.480819,0.566002,0.108541,1.041074,3.256881,0.561231,0.549458,0.078841,1.390423,3.99292,0.36369,0.51206,0.093099,6.717441,4.829634,0.562711,0.517862,0.266946,6.656769,2.536042,0.678295,0.912878,0.145893,5.563696,3.904655,0.514982,0.425693,0.249239,21.758566,2.093308,0.861908,1.169148,0.500832,concentrate
8.99549,2.773711,1.348606,0.931908,0.38887,1.318833,3.661742,0.468419,0.584498,0.109585,1.209651,3.156703,0.52969,0.526547,0.080056,1.337557,4.077038,0.331541,0.524145,0.087438,7.436523,5.00062,0.457065,0.493865,0.296261,7.401787,2.608787,0.694915,0.759325,0.162001,6.156702,4.002785,0.454427,0.456043,0.258575,25.261076,2.133659,0.845706,1.336118,0.560817,concentrate
7.688072,2.377702,1.189964,0.983679,0.4247,1.310894,3.392056,0.448363,0.572958,0.122161,1.441911,2.818092,0.48115,0.491908,0.08655,1.303409,3.783066,0.293487,0.509525,0.087368,7.473036,4.811069,0.39975,0.504846,0.312132,7.835166,2.49743,0.754179,0.646644,0.17883,6.14526,3.867166,0.40136,0.481452,0.256299,25.634289,1.990833,0.815886,1.436434,0.604521,concentrate
6.383844,1.894583,1.071214,0.973149,0.480791,1.339391,2.892218,0.438896,0.526447,0.143803,1.678094,2.366675,0.439838,0.451689,0.099951,1.314746,3.240962,0.274617,0.466395,0.092976,6.790367,4.257072,0.411017,0.523741,0.310276,7.629918,2.178787,0.847865,0.582025,0.192744,5.530448,3.44278,0.364151,0.489762,0.246044,22.778898,1.678818,0.829522,1.456148,0.624846,concentrate
5.063456,1.469609,1.017554,0.90995,0.553776,1.429502,2.368136,0.460222,0.455876,0.168149,1.877487,1.942941,0.435561,0.413642,0.118783,1.396906,2.662973,0.295408,0.403914,0.102779,5.674477,3.623937,0.491918,0.539069,0.292513,6.771049,1.747965,0.949015,0.561096,0.20115,4.605705,2.891435,0.353122,0.484145,0.232857,17.846289,1.376479,0.943303,1.410346,0.622581,concentrate
4.012332,1.266653,1.025582,0.829676,0.632483,1.58709,2.072677,0.52841,0.384703,0.187741,2.022565,1.707698,0.491836,0.386693,0.138334,1.551987,2.297842,0.368232,0.340569,0.114665,4.570899,3.353767,0.62105,0.554464,0.265829,5.525167,1.426138,1.022956,0.576464,0.20351,3.761127,2.540143,0.385074,0.476258,0.219965,12.598887,1.399453,1.16668,1.332952,0.604725,concentrate
2.99472,1.415937,1.074393,0.779833,0.701049,1.802132,2.194116,0.635543,0.33518,0.196695,2.11569,1.777327,0.600953,0.379244,0.152502,1.748503,2.330694,0.483378,0.294935,0.126319,3.813496,3.736785,0.755945,0.574059,0.239187,4.281493,1.413029,1.042364,0.616456,0.200518,3.265405,2.654239,0.46213,0.475371,0.20785,8.531959,1.961345,1.444337,1.266648,0.581142,concentrate
2.37993,1.899363,1.123453,0.798353,0.744126,2.059094,2.720479,0.746217,0.319357,0.192512,2.199506,2.140019,0.725286,0.395335,0.15705,1.956918,2.755271,0.608301,0.27822,0.135319,3.525119,4.707606,0.852851,0.595522,0.218873,3.417252,1.749518,0.999739,0.66627,0.193874,3.174822,3.256328,0.568811,0.482523,0.194558,6.47041,3.014054,1.675169,1.253562,0.561137,concentrate
2.629774,2.62044,1.128103,0.895966,0.753571,2.343844,3.454252,0.8166,0.338181,0.176977,2.322245,2.678747,0.82212,0.430509,0.15144,2.161505,3.389623,0.704999,0.29073,0.139831,3.541925,5.899889,0.889682,0.610539,0.206045,3.041868,2.320751,0.938657,0.712199,0.185721,3.302606,4.128211,0.673493,0.491183,0.177714,6.236386,4.271146,1.767769,1.315463,0.553195,concentrate
3.717543,3.521243,1.071751,1.045387,0.732563,2.607318,4.133177,0.822068,0.383806,0.156072,2.505149,3.275734,0.868131,0.471725,0.139265,2.343825,4.007788,0.756495,0.321984,0.139399,3.565964,6.849216,0.867757,0.610767,0.198447,3.045409,2.959979,0.923192,0.746132,0.178712,3.359523,4.92264,0.743791,0.493174,0.157873,7.058681,5.34723,1.696354,1.444961,0.565651,concentrate
5.748175,4.610632,0.967232,1.188637,0.692991,2.829917,4.538301,0.764391,0.44321,0.137271,2.759314,3.848701,0.869729,0.501752,0.12617,2.511156,4.429414,0.759254,0.356323,0.134775,3.362744,7.231211,0.82487,0.594013,0.192905,3.234108,3.522866,0.994277,0.763016,0.1749,3.161193,5.34227,0.766333,0.484981,0.13938,8.692554,5.976583,1.514697,1.60059,0.60496,concentrate
8.613124,5.890769,0.842448,1.268719,0.647045,3.000362,4.573914,0.669374,0.501701,0.125714,3.107376,4.339962,0.842975,0.509377,0.117168,2.688671,4.575659,0.721698,0.380997,0.1275,2.934385,7.019663,0.796569,0.565351,0.186762,3.503928,3.925332,1.139754,0.759519,0.174937,2.744861,5.27898,0.740754,0.469739,0.12695,11.727906,6.142514,1.298474,1.727981,0.669,concentrate
11.931856,7.216785,0.720934,1.253298,0.602851,3.137593,4.266112,0.578451,0.544432,0.122729,3.532862,4.671377,0.802037,0.491438,0.114614,2.881814,4.45241,0.663783,0.389074,0.119865,2.406396,6.439439,0.797613,0.534673,0.179572,3.767354,4.116076,1.29316,0.734828,0.178135,2.252007,4.826297,0.686187,0.453488,0.123242,16.46698,6.002183,1.112189,1.779943,0.743787,concentrate
15.17468,8.327809,0.613349,1.149527,0.563687,3.221682,3.720238,0.522573,0.5589,0.126481,3.963467,4.769195,0.760964,0.450204,0.117423,3.048201,4.115549,0.607216,0.379058,0.114102,1.940148,5.786303,0.814692,0.512679,0.173241,4.01493,4.08128,1.369586,0.69297,0.182392,1.819175,4.174665,0.623495,0.443089,0.127793,22.313639,5.753925,0.976861,1.731152,0.807055,concentrate
17.491724,8.920914,0.534329,1.012045,0.53229,3.265198,3.113099,0.513781,0.539806,0.133496,4.332043,4.611665,0.737957,0.39554,0.122182,3.157034,3.678718,0.572588,0.356089,0.111451,1.666211,5.260814,0.817996,0.506482,0.171044,4.255066,3.842484,1.321179,0.646959,0.185947,1.533126,3.510259,0.567399,0.44458,0.137997,27.79022,5.530983,0.881744,1.58465,0.835747,concentrate
18.413801,8.786811,0.487181,0.915639,0.515347,3.309749,2.626292,0.540819,0.489776,0.139869,4.584381,4.222589,0.736006,0.341243,0.125778,3.21422,3.260128,0.567847,0.327018,0.111924,1.631573,4.884274,0.775492,0.520317,0.177299,4.447397,3.433279,1.155742,0.617677,0.188405,1.415461,2.940261,0.51556,0.461765,0.151366,31.034676,5.334106,0.80002,1.379697,0.818134,concentrate
17.819548,7.910131,0.470056,0.918287,0.520344,3.388725,2.334692,0.586524,0.42043,0.143081,4.674029,3.655371,0.759768,0.301548,0.127841,3.230006,2.90401,0.592423,0.298104,0.114648,1.782458,4.549823,0.689364,0.557449,0.195698,4.47176,2.914464,0.949293,0.634609,0.191421,1.434385,2.482222,0.468756,0.497567,0.167533,30.682419,5.091265,0.725381,1.184188,0.760617,concentrate
15.95183,6.562223,0.472322,1.041636,0.548595,3.485262,2.253648,0.629706,0.35155,0.142463,4.588816,3.029169,0.807516,0.289261,0.130167,3.203889,2.626915,0.633478,0.276497,0.1187,2.057517,4.186659,0.593074,0.62585,0.226929,4.272526,2.414787,0.801926,0.735784,0.200203,1.569798,2.145127,0.433269,0.555135,0.187954,26.605188,4.826693,0.69179,1.073201,0.689783,concentrate
13.461435,5.225578,0.482498,1.256602,0.592888,3.570807,2.383468,0.655398,0.302225,0.138384,4.377192,2.506461,0.865941,0.30902,0.134342,3.15389,2.458368,0.670265,0.26777,0.123307,2.380632,3.843178,0.528182,0.734025,0.266962,3.85489,2.097927,0.773757,0.944956,0.219734,1.816882,1.973878,0.415873,0.635956,0.213736,20.0501,4.785493,0.738628,1.080424,0.638093,concentrate
11.109242,4.350797,0.503697,1.492312,0.638535,3.650651,2.725182,0.659782,0.280901,0.131701,4.160949,2.237148,0.913039,0.354205,0.140419,3.1459,2.46046,0.681541,0.271483,0.127987,2.664385,3.650521,0.541076,0.877527,0.308208,3.353974,2.057611,0.878588,1.250973,0.249648,2.168983,2.028941,0.438455,0.733417,0.243197,13.312445,5.243591,0.886248,1.181872,0.626113,concentrate
10.333194,4.16762,0.54488,1.66806,0.667744,3.778519,3.267046,0.646509,0.282877,0.123949,4.158977,2.317366,0.934706,0.409581,0.146784,3.280558,2.699116,0.655242,0.280639,0.13246,2.908584,3.722442,0.645957,1.033161,0.340956,3.14455,2.298885,1.081422,1.601214,0.283305,2.637042,2.319003,0.515696,0.832608,0.270664,9.115458,6.297188,1.103824,1.321256,0.649889,concentrate
12.04673,4.594327,0.608422,1.733569,0.668257,3.973314,3.917722,0.621102,0.297678,0.118233,4.569366,2.69942,0.921162,0.458208,0.151015,3.615207,3.157534,0.590249,0.287027,0.136662,3.091015,4.056189,0.819854,1.166489,0.356278,3.617343,2.722897,1.31303,1.9158,0.309606,3.122019,2.748798,0.642893,0.918144,0.288259,9.221779,7.774694,1.331485,1.444123,0.686082,concentrate
16.583351,5.302988,0.690861,1.685422,0.638474,4.187766,4.521127,0.592444,0.316563,0.117887,5.439591,3.221025,0.886279,0.487949,0.150793,4.090058,3.734796,0.505534,0.286182,0.140018,3.285804,4.535369,1.020772,1.245871,0.350273,5.053441,3.191552,1.512929,2.111494,0.318344,3.562367,3.166397,0.799085,0.977844,0.290345,14.037432,9.203121,1.517267,1.513372,0.703817,concentrate
22.696997,5.909809,0.781893,1.560211,0.589643,4.327394,4.92136,0.569482,0.335498,0.12597,6.579438,3.694347,0.86145,0.495223,0.146005,4.557582,4.286253,0.433992,0.278705,0.141743,3.636645,4.946545,1.196121,1.252655,0.326134,7.338013,3.597974,1.660506,2.134645,0.305546,3.93931,3.437661,0.947208,1.002321,0.276985,22.1297,10.026513,1.62529,1.509137,0.681889,concentrate
29.241098,6.122488,0.861001,1.408563,0.537821,4.268732,5.019301,0.549914,0.353914,0.142382,7.595062,3.98458,0.863147,0.480414,0.138667,4.81068,4.675002,0.397246,0.268369,0.140639,4.232128,5.098552,1.304841,1.182417,0.29205,9.935163,3.883136,1.749455,1.97698,0.276082,4.232011,3.507972,1.050484,0.983463,0.253291,30.529354,9.93027,1.64357,1.42329,0.620411,concentrate
33.565998,5.826503,0.906566,1.273627,0.494556,3.934738,4.796969,0.526558,0.372452,0.163255,8.091803,4.018985,0.885722,0.448502,0.131856,4.702915,4.798015,0.400326,0.26019,0.1359,5.039554,4.908108,1.335277,1.046453,0.257365,12.058527,4.015893,1.779623,1.67704,0.241685,4.41964,3.401811,1.092406,0.918136,0.226377,36.424908,8.965822,1.596018,1.268922,0.539907,concentrate
34.096661,5.11053,0.893939,1.178316,0.463536,3.346509,4.311043,0.48979,0.390685,0.183959,7.819333,3.794,0.901154,0.40599,0.127897,4.19622,4.608189,0.423262,0.257669,0.128284,5.843188,4.440119,1.29615,0.86816,0.229973,12.987603,3.98175,1.750154,1.304859,0.216455,4.448558,3.190419,1.070851,0.810625,0.202249,37.627403,7.471892,1.510586,1.076178,0.467234,concentrate
29.965862,4.190358,0.820744,1.12417,0.443818,2.602883,3.675669,0.438387,0.408519,0.200511,6.775321,3.406642,0.882287,0.362156,0.127036,3.385988,4.153209,0.444778,0.264028,0.119533,6.403426,3.884089,1.226052,0.680044,0.213264,12.431888,3.833588,1.669608,0.940331,0.209585,4.315932,2.960772,1.017433,0.677802,0.183711,33.760208,5.886027,1.409967,0.879479,0.422131,concentrate
22.662302,3.327909,0.70817,1.104206,0.436208,1.882563,3.066234,0.386496,0.426693,0.211303,5.248551,3.028421,0.824071,0.327391,0.12782,2.502351,3.593772,0.457279,0.280919,0.112079,6.521246,3.435314,1.160788,0.511599,0.206614,10.61711,3.664029,1.549638,0.647017,0.221429,4.000753,2.77286,0.966573,0.542528,0.171793,26.202448,4.587815,1.291598,0.704059,0.411079,concentrate
14.726822,2.738997,0.582519,1.109018,0.441902,1.35471,2.654624,0.341684,0.444221,0.216346,3.679207,2.819571,0.727174,0.306414,0.127966,1.78227,3.126014,0.448905,0.304746,0.1081,6.14494,3.23538,1.111006,0.381354,0.207083,8.198281,3.606018,1.396208,0.451252,0.243206,3.536728,2.652154,0.932942,0.42489,0.167363,17.453588,3.800713,1.14601,0.577082,0.431731,concentrate
7.865476,2.524515,0.468341,1.12771,0.460872,1.098099,2.514991,0.310088,0.458114,0.217008,2.43913,2.854214,0.605904,0.295688,0.126387,1.361808,2.88371,0.418595,0.327306,0.109383,5.384902,3.313748,1.060251,0.299627,0.211721,5.872723,3.742369,1.217945,0.342616,0.262183,2.999774,2.58795,0.905006,0.340027,0.171839,9.956738,3.558132,0.983945,0.534764,0.476529,concentrate
3.780479,2.658499,0.381047,1.14692,0.487554,1.087756,2.616839,0.296772,0.465106,0.214817,1.685449,3.116723,0.481185,0.291194,0.123543,1.242063,2.90095,0.375952,0.340757,0.116277,4.458933,3.608166,0.980082,0.271468,0.218747,4.085958,4.088049,1.032243,0.29359,0.269168,2.485466,2.571953,0.857934,0.29582,0.186592,5.08393,3.763185,0.821892,0.611897,0.538431,concentrate
2.115613,3.049442,0.338877,1.156532,0.511279,1.225068,2.853887,0.308788,0.462252,0.210555,1.357493,3.502764,0.382799,0.288056,0.12004,1.316109,3.102669,0.339565,0.340337,0.127171,3.565573,3.971691,0.897789,0.299114,0.226336,2.927507,4.554243,0.885943,0.27654,0.262826,2.039747,2.591125,0.812976,0.295434,0.210251,2.901899,4.256501,0.711751,0.817686,0.612946,concentrate
2.074653,3.503678,0.364678,1.148447,0.521409,1.418833,3.053522,0.347759,0.447115,0.204135,1.277353,3.813199,0.333636,0.283685,0.11624,1.459422,3.308767,0.323205,0.325079,0.138826,2.849959,4.21497,0.867492,0.372187,0.232208,2.248667,4.942721,0.831411,0.269776,0.250216,1.680533,2.596387,0.814395,0.333369,0.237967,2.424572,4.842764,0.711687,1.111513,0.694203,concentrate
2.904846,3.865897,0.473063,1.117507,0.514944,1.636664,3.077745,0.409107,0.420105,0.196197,1.303543,3.888371,0.341501,0.279739,0.112407,1.608052,3.356238,0.336502,0.297258,0.148191,2.395841,4.204442,0.924927,0.468373,0.234574,1.924954,5.066379,0.887065,0.268887,0.242429,1.425068,2.527991,0.903109,0.393559,0.263387,2.641194,5.318933,0.831529,1.415165,0.77328,concentrate
3.953455,4.01222,0.646777,1.066729,0.497369,1.874676,2.900238,0.499457,0.391116,0.189341,1.40369,3.66724,0.400814,0.286032,0.108773,1.75647,3.188233,0.392679,0.266955,0.153797,2.251274,3.900042,1.058029,0.569379,0.231682,2.046527,4.799881,1.025687,0.29883,0.247352,1.297048,2.348187,1.068761,0.459573,0.280412,3.351357,5.448904,1.023179,1.664806,0.840377,concentrate
5.369681,3.876741,0.864335,1.00984,0.478897,2.12081,2.604881,0.636362,0.37385,0.186267,1.578061,3.195165,0.50679,0.313078,0.105498,1.914469,2.872981,0.503975,0.247042,0.155933,2.388014,3.349101,1.216066,0.665976,0.223087,2.619871,4.143876,1.202225,0.393901,0.265467,1.321245,2.059846,1.256186,0.519812,0.285986,4.619956,5.128597,1.217898,1.837943,0.888881,concentrate
6.809903,3.602509,1.107403,0.965865,0.468625,2.385675,2.394694,0.848915,0.377731,0.1878,1.82464,2.685783,0.659606,0.360595,0.103353,2.112245,2.642073,0.684565,0.24635,0.156484,2.682296,2.731579,1.323074,0.751466,0.210888,3.453119,3.292543,1.360576,0.564028,0.290183,1.460145,1.791443,1.383343,0.566629,0.282119,6.270402,4.530035,1.355714,1.938453,0.920241,concentrate
7.796755,3.493623,1.338855,0.959819,0.470566,2.678544,2.516163,1.139058,0.405902,0.192158,2.111577,2.465027,0.839271,0.419329,0.103731,2.357593,2.807952,0.921398,0.269197,0.157574,2.988152,2.334156,1.320319,0.820786,0.198592,4.296333,2.582947,1.457352,0.787099,0.312828,1.649006,1.790837,1.385725,0.598922,0.274476,7.984443,4.045987,1.394673,1.981416,0.942111,concentrate
8.005768,3.83165,1.513737,1.009266,0.481732,3.01632,3.123467,1.467557,0.454727,0.196014,2.386553,2.785218,1.007956,0.475738,0.10787,2.645193,3.582637,1.16823,0.313624,0.160412,3.161384,2.392625,1.199425,0.867038,0.189525,4.932367,2.316777,1.475595,1.009614,0.32853,1.826567,2.266569,1.250264,0.621602,0.268504,9.367151,4.004416,1.324962,1.973337,0.961548,concentrate
7.39994,4.673532,1.598014,1.109076,0.494629,3.369941,4.135847,1.769647,0.514808,0.196145,2.597573,3.645675,1.124445,0.515842,0.115416,2.923427,4.887436,1.365696,0.370377,0.164825,3.159137,2.94334,1.003903,0.881074,0.186393,5.320077,2.589225,1.429229,1.164575,0.338422,1.979504,3.218765,1.020576,0.640267,0.267157,10.284169,4.490942,1.174178,1.906902,0.97948,concentrate
6.146172,5.756068,1.57247,1.225793,0.501612,3.671507,5.238435,1.964105,0.574269,0.190845,2.717411,4.755135,1.151287,0.529273,0.123885,3.131236,6.341642,1.453919,0.427177,0.169353,3.023521,3.771159,0.793926,0.855517,0.189652,5.554445,3.213409,1.342324,1.201912,0.347043,2.113708,4.379457,0.767731,0.656403,0.269935,10.807074,5.268668,0.986716,1.770272,0.988659,concentrate
5.031574,6.689866,1.445555,1.310416,0.499614,3.833136,6.049376,1.996115,0.623167,0.179995,2.771378,5.700655,1.078941,0.514457,0.129746,3.217086,7.456456,1.405375,0.474966,0.171665,2.890473,4.541447,0.628258,0.7902,0.196843,5.834964,3.864022,1.232994,1.112654,0.35843,2.276216,5.349638,0.562845,0.663792,0.273337,11.223407,5.950883,0.816705,1.563661,0.976712,concentrate
4.371509,7.167022,1.248521,1.325907,0.490583,3.848807,6.342229,1.85423,0.652995,0.164487,2.853293,6.165172,0.923959,0.478268,0.130312,3.209926,7.894632,1.232674,0.50707,0.169287,2.869652,5.000909,0.530972,0.69168,0.203593,6.272987,4.248078,1.110304,0.935708,0.373359,2.501472,5.816029,0.437483,0.648803,0.272598,11.756159,6.213339,0.691465,1.311884,0.936982,concentrate
4.824438,7.034184,1.041485,1.26336,0.478756,3.760912,6.093845,1.583899,0.656951,0.145829,3.059962,6.014513,0.730552,0.433166,0.125622,3.172899,7.568887,0.990603,0.520573,0.161088,3.000253,5.09094,0.492703,0.577407,0.206065,6.836284,4.217701,0.991383,0.744653,0.388956,2.776159,5.702318,0.382103,0.603764,0.264888,12.417812,5.888125,0.626713,1.065394,0.874896,concentrate
5.941679,6.346413,0.904906,1.144518,0.468263,3.681585,5.488019,1.283758,0.633614,0.125714,3.409466,5.34287,0.557733,0.393596,0.118517,3.180692,6.675877,0.757371,0.516855,0.147931,3.207829,4.952918,0.492236,0.470619,0.201827,7.328074,3.812605,0.894649,0.611742,0.399185,3.037562,5.196089,0.377797,0.533604,0.249856,13.000284,5.055795,0.611711,0.876308,0.808648,concentrate
7.404552,5.344574,0.920829,1.01943,0.464385,3.747959,4.954586,1.091115,0.597574,0.107201,3.849901,4.459034,0.465608,0.374739,0.114165,3.308884,5.711723,0.622792,0.50689,0.133534,3.354186,4.864128,0.529269,0.394389,0.191588,7.534219,3.205906,0.840513,0.573299,0.399279,3.186207,4.684805,0.426528,0.457037,0.231016,13.233111,3.956057,0.646721,0.770669,0.765499,concentrate
8.706527,4.346309,1.123558,0.934783,0.470629,4.124851,5.000114,1.096697,0.57838,0.094068,4.295576,3.751282,0.486277,0.384018,0.11692,3.652699,5.265924,0.635393,0.506239,0.122596,3.338572,5.077599,0.622217,0.368087,0.178916,7.324563,2.606898,0.854702,0.621252,0.389379,3.165564,4.560437,0.543102,0.404163,0.213754,12.949339,2.900882,0.749294,0.736346,0.770849,concentrate
9.58882,3.626992,1.486559,0.910684,0.488779,4.942362,5.975799,1.297217,0.604084,0.089277,4.673507,3.515976,0.607135,0.416982,0.127471,4.300723,5.747003,0.780138,0.525646,0.118187,3.169884,5.662778,0.772701,0.402967,0.169293,6.73255,2.146801,0.940553,0.715576,0.372464,3.007962,5.010254,0.727031,0.404752,0.202364,12.176516,2.119009,0.917635,0.74338,0.839836,concentrate
10.069611,3.370442,1.935786,0.931362,0.515855,6.180034,7.863239,1.595037,0.683333,0.094271,4.955648,3.838886,0.784926,0.45897,0.141861,5.263115,7.164103,0.985988,0.564792,0.120515,2.948691,6.441768,0.957182,0.496573,0.166773,5.916905,1.853874,1.076155,0.810466,0.350651,2.805941,5.895577,0.946628,0.471171,0.197076,11.081402,1.668411,1.113928,0.765271,0.968772,concentrate
10.751224,3.609005,2.377993,0.96129,0.546508,7.624601,10.161809,1.847341,0.796063,0.107597,5.176049,4.53887,0.96839,0.492455,0.153531,6.432968,9.048813,1.160736,0.61109,0.12624,2.812463,7.066601,1.134694,0.629763,0.171313,5.098962,1.690268,1.2321,0.880682,0.324803,2.652915,6.813723,1.148113,0.588176,0.194382,9.921229,1.471439,1.28761,0.792349,1.130933,concentrate
12.37446,4.211576,2.715565,0.963633,0.575442,8.97963,12.154431,1.932021,0.898455,0.12568,5.40055,5.293099,1.109234,0.498712,0.158287,7.634233,10.732173,1.227681,0.641979,0.131406,2.788251,7.230488,1.273703,0.767495,0.179668,4.408324,1.621072,1.373105,0.919473,0.296614,2.577938,7.330172,1.286942,0.718316,0.190106,8.878383,1.402668,1.390965,0.825379,1.287255,concentrate
15.413478,4.959844,2.867692,0.928851,0.596441,9.97289,13.291626,1.812663,0.947413,0.144458,5.654,5.819328,1.170893,0.468804,0.156991,8.630725,11.706059,1.16487,0.639325,0.134216,2.889124,6.823863,1.382565,0.867912,0.189325,3.932787,1.625157,1.463316,0.929517,0.269798,2.61442,7.213458,1.360308,0.817296,0.183792,8.166963,1.370034,1.407861,0.874251,1.413911,concentrate
19.466908,5.543283,2.794112,0.895902,0.608611,10.44875,13.308807,1.542492,0.923345,0.161128,5.866672,5.920578,1.143514,0.414777,0.154591,9.187331,11.723607,1.007527,0.600926,0.135153,3.071099,5.966145,1.523461,0.905698,0.201253,3.682712,1.701668,1.4934,0.924014,0.251159,2.748367,6.502798,1.420511,0.854871,0.179237,7.954188,1.346542,1.377511,0.941582,1.506974,concentrate
23.384895,5.700431,2.520838,0.927846,0.614617,10.346324,12.27016,1.222746,0.836767,0.174332,5.893097,5.516304,1.046021,0.365761,0.156057,9.102028,10.807814,0.823681,0.539724,0.135846,3.234709,4.96632,1.742917,0.887627,0.219028,3.686968,1.950035,1.47357,0.920196,0.246656,2.912608,5.449326,1.52456,0.829274,0.181923,8.303463,1.470241,1.363781,1.013069,1.575725,concentrate
25.742964,5.352423,2.123812,1.07031,0.619378,9.756267,10.52286,0.955599,0.723266,0.182903,5.64623,4.679221,0.911931,0.349852,0.163489,8.369453,9.234841,0.679133,0.477054,0.137904,3.315377,4.17749,2.034954,0.844941,0.245784,3.965925,2.535091,1.413752,0.925529,0.258417,3.017752,4.372051,1.699736,0.762834,0.195727,9.095431,2.008045,1.415917,1.062878,1.633328,concentrate
25.772175,4.667154,1.697395,1.312596,0.629252,9.01104,8.605036,0.803451,0.621286,0.185902,5.221012,3.653515,0.778029,0.376529,0.174562,7.294694,7.461155,0.611895,0.430154,0.141305,3.283259,3.840919,2.349129,0.817868,0.280292,4.490595,3.563225,1.326448,0.929536,0.282878,3.007968,3.512854,1.92489,0.688701,0.219285,10.179777,3.146953,1.551707,1.065765,1.68487,concentrate
23.549524,4.016049,1.321375,1.580332,0.643832,8.569183,7.163365,0.786384,0.554426,0.183506,4.822449,2.803134,0.669471,0.431678,0.183945,6.375837,6.038561,0.628627,0.40578,0.144285,3.180464,4.01967,2.6126,0.833136,0.315526,5.12042,4.975185,1.229473,0.911507,0.311539,2.906258,2.98412,2.147942,0.635624,0.244922,11.330518,4.821261,1.755352,1.004209,1.722342,concentrate
19.939266,3.723351,1.039109,1.769958,0.658385,8.623981,6.650043,0.868303,0.52016,0.17844,4.588688,2.441741,0.593917,0.484851,0.186561,5.92671,5.379343,0.698356,0.396059,0.145032,3.106091,4.65377,2.747898,0.888277,0.34218,5.721323,6.525867,1.140776,0.85689,0.332863,2.805121,2.835396,2.294099,0.614985,0.262961,12.415986,6.712254,1.969834,0.896115,1.730995,concentrate
15.990472,3.871176,0.856954,1.807894,0.669629,8.988709,7.121459,0.985752,0.498981,0.175705,4.543342,2.651704,0.547672,0.507728,0.181215,5.934343,5.576355,0.776938,0.386742,0.143973,3.118088,5.639973,2.706702,0.955731,0.35336,6.187378,7.826648,1.05973,0.771938,0.338469,2.771487,3.097637,2.297132,0.620473,0.267604,13.21535,8.368262,2.127919,0.787947,1.696425,concentrate
12.707986,4.284964,0.747867,1.681904,0.678106,9.15642,8.227913,1.072149,0.473778,0.179851,4.572111,3.299653,0.518867,0.489838,0.170873,6.057898,6.395336,0.820011,0.369342,0.143521,3.203333,6.886634,2.522078,0.997983,0.346385,6.528867,8.555778,0.990839,0.680203,0.325509,2.818839,3.797479,2.163033,0.633126,0.258448,13.434837,9.376903,2.201903,0.737125,1.615457,concentrate
10.714837,4.660941,0.66904,1.447355,0.689332,8.698266,9.383059,1.079165,0.445347,0.19399,4.530053,4.096056,0.491368,0.44015,0.160339,5.940253,7.384416,0.79355,0.346601,0.146623,3.318264,8.33722,2.261215,0.982351,0.324092,6.798529,8.668857,0.935529,0.607973,0.299554,2.947733,4.967491,1.945157,0.6299,0.239876,12.795436,9.678879,2.190092,0.775773,1.500578,concentrate
9.591459,4.747161,0.593394,1.20524,0.703514,7.570499,10.051347,1.002314,0.435393,0.216711,4.349181,4.688446,0.459983,0.379098,0.152469,5.457766,8.06403,0.709636,0.332224,0.15358,3.48139,10.064555,1.935732,0.900923,0.293341,7.107413,8.493539,0.8769,0.569517,0.270618,3.196436,6.680923,1.64809,0.598347,0.217376,11.38793,9.678686,2.073462,0.897632,1.374626,concentrate
8.846839,4.566565,0.537194,1.05722,0.718681,6.10715,9.934292,0.868139,0.465215,0.242298,4.06258,4.807728,0.424614,0.329167,0.147686,4.753768,8.093765,0.594428,0.339287,0.16169,3.724165,12.230369,1.614325,0.782146,0.262502,7.507736,8.623165,0.830816,0.567146,0.248538,3.563619,8.979568,1.331544,0.549264,0.195429,9.641067,10.107135,1.897485,1.071154,1.260524,concentrate
7.955517,4.298216,0.539173,1.058155,0.730741,4.8225,9.073589,0.731085,0.534425,0.262538,3.77462,4.382364,0.393496,0.30408,0.144094,4.117726,7.410221,0.488316,0.370059,0.166211,4.029907,14.906407,1.358951,0.667619,0.237095,8.022428,9.597991,0.808697,0.592226,0.238059,3.960194,11.759058,1.063706,0.501618,0.176511,8.17946,11.561725,1.699274,1.252726,1.169532,concentrate
6.985436,4.197288,0.600228,1.19603,0.733609,4.131456,7.763921,0.626222,0.618673,0.270115,3.549619,3.552059,0.366209,0.302605,0.139612,3.786879,6.221289,0.417066,0.412886,0.16318,4.30387,17.911242,1.196755,0.589286,0.218721,8.523516,11.565535,0.822206,0.627944,0.237864,4.264936,14.699357,0.873481,0.470422,0.161657,7.35732,14.138632,1.502406,1.397794,1.096981,concentrate
6.088302,4.330071,0.687421,1.403162,0.723551,4.111679,6.419118,0.574307,0.681195,0.262035,3.370916,2.591217,0.342356,0.311371,0.132923,3.782627,4.912367,0.394293,0.448141,0.15236,4.435344,20.732862,1.132151,0.553043,0.206826,8.857661,14.105577,0.85888,0.652326,0.242212,4.390013,17.262392,0.770928,0.457426,0.151496,7.162519,17.232452,1.323029,1.476859,1.032331,concentrate
5.42559,4.600151,0.747149,1.593663,0.700103,4.511424,5.456923,0.572061,0.693862,0.240156,3.198994,1.804488,0.318557,0.316235,0.123575,3.951072,3.9231,0.415176,0.460573,0.136963,4.346649,22.643934,1.151021,0.544197,0.200832,8.885607,16.426666,0.893718,0.648542,0.244355,4.287176,18.827602,0.751802,0.454894,0.146583,7.235785,19.860193,1.179325,1.474884,0.970894,concentrate
5.071778,4.797926,0.744838,1.699796,0.673216,4.9725,5.109196,0.609001,0.651626,0.210426,2.994913,1.352257,0.300532,0.312202,0.112276,4.085524,3.514718,0.468561,0.447839,0.121909,4.006892,22.960941,1.205311,0.538782,0.199319,8.608817,17.751804,0.900173,0.615175,0.239768,3.929094,18.904196,0.785516,0.450525,0.146521,7.155465,21.082752,1.071035,1.392085,0.911084,concentrate
5.005044,4.755839,0.687566,1.688995,0.656389,5.198423,5.31875,0.696529,0.57401,0.180133,2.74557,1.227726,0.301115,0.304329,0.100617,4.038501,3.672162,0.551768,0.420821,0.111068,3.493982,21.392078,1.232967,0.51561,0.199925,8.118124,17.716801,0.863496,0.565628,0.230011,3.395178,17.364811,0.822073,0.433622,0.149173,6.772917,20.483753,0.988763,1.248848,0.854772,concentrate
5.052319,4.469173,0.628374,1.57072,0.656992,5.099213,5.810256,0.851256,0.491497,0.154893,2.461969,1.344217,0.332532,0.301187,0.090814,3.790894,4.170983,0.659803,0.394188,0.105548,2.97517,18.199551,1.178836,0.467824,0.20016,7.533846,16.431143,0.781371,0.517288,0.220574,2.833408,14.523928,0.812744,0.400468,0.151197,6.321338,18.287958,0.922149,1.081383,0.806632,concentrate
4.996449,4.049292,0.613878,1.380856,0.671077,4.763262,6.317966,1.06499,0.428816,0.137112,2.155607,1.606563,0.390857,0.307335,0.084299,3.425498,4.754736,0.77266,0.377687,0.103766,2.553723,14.100844,1.040319,0.404418,0.197318,6.813283,14.313153,0.67383,0.480279,0.215754,2.372666,11.029154,0.744623,0.3572,0.148984,5.976249,15.12826,0.888761,0.926562,0.768967,concentrate
4.659645,3.690193,0.673468,1.158375,0.682428,4.275642,6.703632,1.305403,0.397288,0.126979,1.813041,1.955794,0.466548,0.321182,0.081467,3.014689,5.265666,0.873241,0.372462,0.102984,2.281197,10.059525,0.866078,0.345465,0.189662,5.884334,11.940624,0.573403,0.459555,0.215936,2.062112,7.671378,0.645131,0.316786,0.140711,5.784624,11.845676,0.917002,0.816543,0.740045,concentrate
4.187143,3.550806,0.796217,0.944398,0.678107,3.75017,6.898106,1.511936,0.389693,0.123462,1.442823,2.335104,0.544466,0.336901,0.081757,2.620206,5.620432,0.941212,0.371141,0.100886,2.159068,6.890897,0.700952,0.31493,0.17721,4.799043,9.790401,0.499043,0.46092,0.218826,1.877688,5.094534,0.542681,0.29349,0.127912,5.660633,9.10428,0.997062,0.770312,0.713517,concentrate
4.017786,3.650491,0.942253,0.783879,0.658336,3.220497,6.861792,1.607308,0.387227,0.124953,1.080917,2.650383,0.60625,0.349368,0.083945,2.247431,5.759342,0.95139,0.364455,0.097145,2.139982,4.928659,0.591952,0.332207,0.161371,3.708404,8.054414,0.461648,0.491118,0.222201,1.753844,3.543297,0.480207,0.297037,0.114532,5.459133,7.153873,1.10697,0.789326,0.681554,concentrate
4.267878,3.854824,1.0736,0.713528,0.636609,2.753744,6.622216,1.552662,0.377588,0.130047,0.758571,2.81563,0.641175,0.355362,0.086537,1.899393,5.682264,0.896434,0.349285,0.09349,2.209066,3.989972,0.587293,0.400956,0.146165,2.86854,6.700549,0.487128,0.549621,0.226294,1.656824,2.842322,0.494874,0.326386,0.105171,5.1763,5.900689,1.234661,0.853278,0.641033,concentrate
4.976294,3.939162,1.176077,0.75548,0.629256,2.443718,6.337821,1.385742,0.368825,0.137635,0.583751,2.791408,0.655482,0.356275,0.088457,1.653631,5.484716,0.805495,0.335327,0.092517,2.393304,3.647851,0.667258,0.506336,0.137823,2.603384,5.657394,0.564893,0.625717,0.232446,1.598198,2.639382,0.56536,0.370997,0.103011,5.030394,5.084668,1.366884,0.929476,0.596322,concentrate
6.233514,3.748512,1.286825,0.90879,0.643684,2.636629,6.164523,1.190501,0.378199,0.145315,0.766366,2.593729,0.680861,0.355007,0.089478,1.767505,5.265461,0.727116,0.33642,0.095739,2.695051,3.593486,0.806443,0.621666,0.14202,2.995904,4.927014,0.691463,0.702628,0.242498,1.612775,2.680794,0.670872,0.417891,0.109652,5.219634,4.46199,1.535498,0.994004,0.556975,concentrate
7.709322,3.376972,1.480811,1.133147,0.676039,3.690218,6.228314,1.091091,0.41885,0.150894,1.480004,2.349766,0.767161,0.35646,0.090181,2.524778,5.129405,0.735431,0.360393,0.102983,3.100102,3.808998,1.015026,0.729952,0.161509,3.887356,4.667906,0.89382,0.77446,0.257753,1.773135,2.927284,0.843883,0.465692,0.126067,5.78934,4.039826,1.83666,1.06452,0.54128,concentrate
9.208253,3.096209,1.784431,1.383451,0.717213,5.746715,6.520574,1.166955,0.496343,0.156347,2.692075,2.254934,0.947724,0.372299,0.091882,4.015234,5.12148,0.874689,0.408797,0.113479,3.651508,4.384248,1.25892,0.837047,0.193939,5.131629,5.032782,1.168308,0.867235,0.27665,2.203625,3.402219,1.082476,0.531307,0.151455,6.742472,4.003353,2.291292,1.198294,0.573544,concentrate
10.415227,3.178733,2.17392,1.6327,0.759913,8.513445,6.913551,1.414886,0.602308,0.166964,4.135203,2.457869,1.241099,0.418356,0.0964,5.993743,5.220982,1.145811,0.476768,0.126814,4.389305,5.354564,1.489738,0.9601,0.231833,6.525432,6.014925,1.50727,1.027128,0.294098,2.96854,4.092066,1.357274,0.636233,0.182259,7.943064,4.538378,2.825864,1.451888,0.671641,concentrate
10.935136,3.687017,2.587724,1.874865,0.801648,11.25316,7.168577,1.741437,0.719634,0.187322,5.364805,2.937744,1.633276,0.509767,0.105503,7.890399,5.309759,1.491534,0.559968,0.143214,5.24689,6.558522,1.668397,1.105559,0.265842,7.76725,7.330167,1.908145,1.280469,0.305172,3.963578,4.862837,1.621994,0.785407,0.212747,9.062195,5.607846,3.305307,1.827979,0.830254,concentrate
10.612729,4.435638,2.969046,2.1217,0.841859,13.143062,7.053591,2.012954,0.82972,0.216248,6.012198,3.507081,2.085818,0.653527,0.118593,9.128077,5.236251,1.819452,0.655506,0.16103,6.061298,7.661322,1.782267,1.26492,0.288128,8.541889,8.511774,2.368108,1.608983,0.306802,4.945885,5.488572,1.83137,0.962808,0.236337,9.727783,6.912753,3.595619,2.264404,1.012988,concentrate
9.370421,5.13128,3.278128,2.387767,0.876385,13.616178,6.467678,2.135091,0.91759,0.245982,5.904195,3.930578,2.530717,0.839534,0.133078,9.339629,4.901475,2.045055,0.758856,0.176807,6.652158,8.274273,1.829888,1.418248,0.295587,8.595512,9.10032,2.838683,1.946563,0.298327,5.625462,5.731797,1.941184,1.139966,0.248156,9.671144,8.004071,3.60782,2.655536,1.164081,concentrate
7.67841,5.527987,3.47056,2.659779,0.896968,12.593582,5.507128,2.072525,0.97378,0.265527,5.129912,4.03632,2.871248,1.032556,0.14543,8.51494,4.322399,2.114311,0.858841,0.186536,6.826148,8.153817,1.807787,1.530852,0.290116,7.8747,8.855618,3.220684,2.192211,0.282214,5.771501,5.465889,1.91935,1.279568,0.24687,8.855021,8.4912,3.34058,2.892108,1.233247,concentrate
6.227268,5.54785,3.506377,2.890063,0.894731,10.508469,4.458715,1.85695,0.996254,0.265895,3.999287,3.800683,3.017359,1.181576,0.152403,7.004702,3.653207,2.022869,0.938965,0.187338,6.537207,7.294872,1.711451,1.566275,0.276804,6.518569,7.825703,3.392234,2.252679,0.262505,5.344793,4.731684,1.764334,1.347885,0.234788,7.464216,8.182119,2.875539,2.904,1.198025,concentrate
5.529302,5.244033,3.363629,3.011129,0.864219,8.050002,3.587309,1.560763,0.9838,0.245612,2.866688,3.307873,2.923969,1.240971,0.152733,5.305315,3.056449,1.807106,0.979017,0.179595,5.840682,5.93749,1.548906,1.50749,0.261548,4.879693,6.323903,3.269545,2.088759,0.243037,4.433393,3.717449,1.511256,1.327974,0.216818,5.859473,7.180426,2.337696,2.684371,1.076869,concentrate
6.064507,4.747843,3.042262,2.969928,0.811999,5.833226,3.056827,1.25982,0.938373,0.213161,1.990347,2.722039,2.595101,1.19242,0.147779,3.857224,2.675251,1.520684,0.967827,0.166868,5.014307,4.465399,1.344973,1.376067,0.249366,3.364669,4.755988,2.859292,1.750296,0.226712,3.358532,2.675186,1.222552,1.236547,0.198924,4.482146,5.815859,1.84039,2.30751,0.924081,concentrate
7.623753,4.194349,2.549187,2.749393,0.754175,4.240954,2.915581,1.003266,0.862699,0.181803,1.48184,2.230456,2.085283,1.048425,0.140041,2.906606,2.610809,1.215414,0.904296,0.153114,4.345479,3.240944,1.125868,1.210417,0.242867,2.312837,3.447113,2.242291,1.342816,0.213985,2.435006,1.824287,0.948,1.103463,0.185728,3.586618,4.470293,1.42773,1.887302,0.802938,concentrate
9.596277,3.672718,1.953459,2.393603,0.706445,3.430826,3.127674,0.806139,0.766515,0.162304,1.354027,1.975142,1.505437,0.856533,0.131422,2.536387,2.898314,0.934543,0.805523,0.14066,4.027622,2.498231,0.938444,1.053744,0.241713,1.855205,2.564301,1.580126,0.984929,0.202416,1.910015,1.283987,0.727689,0.965299,0.178766,3.288307,3.433032,1.11431,1.53037,0.751989,concentrate
11.185783,3.218299,1.365307,1.993342,0.677141,3.294302,3.596202,0.654395,0.665404,0.158781,1.552093,1.988058,0.972905,0.671251,0.123033,2.650127,3.465449,0.700793,0.69657,0.129807,4.065666,2.296252,0.826475,0.930598,0.242958,1.945781,2.139011,1.0318,0.751379,0.189549,1.807213,1.063743,0.583608,0.848333,0.176443,3.48054,2.80964,0.892147,1.287069,0.768447,concentrate
11.976513,2.821229,0.881961,1.644973,0.662859,3.642426,4.143258,0.533241,0.575335,0.167966,2.003298,2.172679,0.572323,0.529572,0.115623,3.081514,4.105051,0.522633,0.599157,0.1195,4.28435,2.505721,0.799926,0.837664,0.242726,2.41396,2.085548,0.679315,0.645978,0.176367,2.003516,1.083723,0.511812,0.759565,0.176055,4.031427,2.544151,0.749212,1.146648,0.818798,concentrate
11.708686,2.462657,0.554882,1.408074,0.648576,4.231279,4.550314,0.44595,0.50086,0.182727,2.591336,2.378108,0.332406,0.439205,0.110516,3.623332,4.556956,0.404768,0.519213,0.109359,4.513459,2.884186,0.824267,0.759798,0.239402,3.107486,2.247159,0.510562,0.626222,0.168344,2.29006,1.225602,0.486618,0.694119,0.177437,4.804883,2.498865,0.661206,1.063689,0.865412,concentrate
10.551558,2.152834,0.383969,1.280095,0.62247,4.747504,4.661367,0.393553,0.436033,0.19666,3.133377,2.484155,0.230535,0.382896,0.109897,4.027166,4.640728,0.336168,0.447744,0.101391,4.597245,3.183063,0.851015,0.686081,0.234393,3.82872,2.444474,0.461466,0.638062,0.172061,2.513845,1.370119,0.477664,0.641438,0.183528,5.643002,2.529828,0.601285,0.998385,0.889245,concentrate
8.784063,1.912874,0.322553,1.220441,0.583359,4.932296,4.421331,0.363777,0.375218,0.20725,3.451334,2.418307,0.205353,0.338813,0.115509,4.121925,4.305987,0.291207,0.377296,0.100044,4.47859,3.218218,0.84722,0.615074,0.229832,4.400469,2.517364,0.456399,0.645599,0.190796,2.588138,1.416998,0.462366,0.593343,0.197237,6.358038,2.499488,0.552499,0.936709,0.892003,concentrate
6.816709,1.743033,0.326033,1.18381,0.540608,4.648163,3.886267,0.334918,0.317331,0.213514,3.428818,2.172717,0.197312,0.293913,0.126785,3.826922,3.644247,0.241382,0.309065,0.108758,4.107161,2.962688,0.818738,0.54539,0.226049,4.618119,2.405747,0.460122,0.63216,0.221221,2.463274,1.337178,0.441978,0.540977,0.218006,6.696579,2.359483,0.522595,0.883101,0.882786,concentrate
4.977846,1.617729,0.368837,1.144876,0.503314,3.952385,3.208483,0.301876,0.269552,0.214419,3.090111,1.816614,0.188809,0.251225,0.140541,3.237271,2.867293,0.186761,0.254967,0.12643,3.519467,2.532147,0.78887,0.47736,0.220781,4.408897,2.157027,0.47106,0.594025,0.255011,2.164288,1.171759,0.431178,0.478195,0.240692,6.560449,2.154162,0.522467,0.855043,0.863298,concentrate
3.540249,1.517964,0.433688,1.112215,0.476678,3.064609,2.57782,0.273028,0.248068,0.208694,2.547029,1.459473,0.186611,0.227619,0.152031,2.527836,2.210426,0.143158,0.232063,0.147062,2.82853,2.097848,0.789617,0.420333,0.21149,3.807265,1.882966,0.496196,0.543917,0.284179,1.769589,0.993969,0.445167,0.410832,0.258051,6.048314,1.939271,0.552994,0.876314,0.824375,concentrate
2.697944,1.457664,0.498117,1.11,0.458538,2.212477,2.121377,0.264032,0.266348,0.195674,1.956314,1.201328,0.202357,0.238469,0.156873,1.871816,1.814375,0.129685,0.248683,0.162738,2.166021,1.777301,0.8314,0.386505,0.19654,2.989337,1.705178,0.530403,0.49514,0.303218,1.389109,0.867886,0.48218,0.351827,0.2635,5.38745,1.753588,0.591423,0.95707,0.759551,concentrate
2.438529,1.457013,0.549419,1.16144,0.443071,1.532926,1.852891,0.290849,0.322537,0.176407,1.431244,1.09586,0.244916,0.283679,0.153344,1.341441,1.681906,0.160273,0.295947,0.167533,1.667358,1.587604,0.890449,0.380227,0.177069,2.185754,1.67786,0.549908,0.452737,0.310874,1.105565,0.820967,0.522942,0.310295,0.254867,4.828943,1.594464,0.608271,1.089977,0.677013,concentrate
2.564572,1.509675,0.584758,1.272773,0.427151,1.068102,1.70475,0.35065,0.395909,0.154155,1.04433,1.128875,0.309166,0.345224,0.143271,0.954728,1.712621,0.228345,0.350475,0.160456,1.353329,1.501079,0.933041,0.39799,0.157162,1.608786,1.775877,0.541924,0.414331,0.309756,0.928059,0.859041,0.548271,0.289295,0.236424,4.559054,1.447406,0.59592,1.254002,0.598886,concentrate
3.222072,1.660525,0.610289,1.424216,0.413333,0.838829,1.617899,0.424883,0.457604,0.135072,0.834829,1.244166,0.377577,0.398266,0.131695,0.730475,1.804794,0.311385,0.387431,0.146597,1.208091,1.508346,0.932491,0.433723,0.142511,1.338712,1.966781,0.511245,0.379364,0.304373,0.834059,0.980948,0.543766,0.289158,0.216761,4.633799,1.360887,0.563921,1.424374,0.550798,concentrate
4.081218,1.971315,0.654496,1.583375,0.41118,0.867716,1.596307,0.515689,0.483179,0.127236,0.812332,1.38603,0.439889,0.422908,0.125286,0.692836,1.914306,0.398437,0.391504,0.134794,1.195305,1.639638,0.869238,0.478098,0.138195,1.332229,2.251448,0.47649,0.35131,0.298694,0.79918,1.18033,0.503888,0.30741,0.204239,4.970143,1.396588,0.525191,1.574592,0.545593,concentrate
5.554413,2.492978,0.753726,1.715634,0.428994,1.188723,1.695182,0.636718,0.465919,0.135675,0.976742,1.538905,0.498015,0.414187,0.128511,0.867138,2.063277,0.493752,0.364795,0.132538,1.287201,1.929277,0.770289,0.518156,0.145051,1.483799,2.662803,0.468247,0.333355,0.293703,0.831598,1.449912,0.452829,0.337696,0.201833,5.421613,1.629302,0.491806,1.670276,0.572271,concentrate
7.264566,3.223224,0.930659,1.791907,0.466045,1.76326,1.962953,0.789063,0.418622,0.159471,1.278561,1.725099,0.556872,0.382047,0.141517,1.213348,2.295064,0.603144,0.323052,0.142281,1.445332,2.374961,0.690912,0.543696,0.159684,1.668039,3.234261,0.507723,0.328917,0.287483,0.944379,1.765086,0.429967,0.371687,0.205917,5.815662,2.12269,0.478394,1.684071,0.602835,concentrate
8.773366,4.053079,1.155382,1.793509,0.511954,2.465062,2.391558,0.957634,0.36475,0.191948,1.64451,1.953119,0.617936,0.343255,0.160601,1.661557,2.614133,0.722329,0.284812,0.160796,1.644246,2.890536,0.662536,0.549738,0.176893,1.803499,3.907248,0.580714,0.34148,0.278485,1.156073,2.071527,0.452523,0.401142,0.20987,6.032903,2.834289,0.479955,1.606697,0.612366,concentrate
9.741055,4.788906,1.373898,1.712018,0.552739,3.143889,2.913791,1.11623,0.324676,0.222912,1.9681,2.197805,0.675448,0.311912,0.180157,2.086874,2.970751,0.832445,0.261984,0.181234,1.891651,3.336677,0.674165,0.536512,0.192822,1.894349,4.518653,0.653424,0.369893,0.26883,1.474629,2.299735,0.501944,0.419939,0.209833,6.162843,3.61451,0.488813,1.449208,0.594818,concentrate
9.642412,5.237755,1.504048,1.553152,0.576079,3.588856,3.409488,1.221425,0.3062,0.24227,2.160753,2.405943,0.714854,0.293252,0.19474,2.376678,3.267691,0.898607,0.254981,0.196824,2.172248,3.582864,0.69401,0.5084,0.205485,1.975151,4.867427,0.689728,0.407019,0.262182,1.859995,2.397787,0.541607,0.425739,0.207175,6.340798,4.293049,0.501954,1.240794,0.561524,concentrate
8.799733,5.291116,1.495863,1.338235,0.578789,3.70308,3.729962,1.239805,0.303853,0.245231,2.176926,2.508971,0.726793,0.285142,0.20156,2.446254,3.388128,0.893493,0.254779,0.203724,2.468238,3.562816,0.69098,0.473548,0.217393,2.08364,4.8068,0.668541,0.445467,0.26073,2.232667,2.351468,0.547251,0.422195,0.20826,6.6799,4.741132,0.511832,1.03071,0.532395,concentrate
7.229123,4.977327,1.352664,1.103854,0.569511,3.438994,3.76596,1.160125,0.304906,0.235387,2.032729,2.454875,0.708877,0.280776,0.202023,2.287681,3.256564,0.808845,0.249663,0.202271,2.713001,3.299615,0.646341,0.441437,0.24163,2.199927,4.316043,0.595463,0.477825,0.265724,2.493098,2.18885,0.522064,0.414987,0.222385,7.235951,4.913587,0.517075,0.867085,0.524842,concentrate
5.592049,4.438172,1.137931,0.891424,0.56066,2.941759,3.512472,1.006683,0.299004,0.222077,1.801602,2.241354,0.672476,0.274307,0.200737,1.985005,2.894948,0.668834,0.233286,0.19567,2.883178,2.889489,0.553947,0.422357,0.297034,2.274797,3.515648,0.497522,0.497249,0.276651,2.583188,1.962647,0.485579,0.407002,0.256258,7.981557,4.809786,0.522084,0.777972,0.54504,concentrate
4.26814,3.840276,0.924298,0.723927,0.559211,2.419432,3.063864,0.821103,0.282733,0.214961,1.578357,1.918652,0.632224,0.263474,0.202517,1.66944,2.409856,0.512407,0.20671,0.187512,2.922901,2.456149,0.421786,0.425053,0.39447,2.209342,2.615965,0.408203,0.499876,0.293578,2.488528,1.722353,0.451898,0.398479,0.309586,8.671344,4.469215,0.531201,0.766029,0.587266,concentrate
3.597996,3.313586,0.761082,0.606918,0.562574,2.069086,2.562687,0.644211,0.258808,0.218963,1.454899,1.574284,0.59399,0.248468,0.209873,1.468775,1.939576,0.377321,0.176841,0.180199,2.832032,2.093839,0.28438,0.458615,0.525764,1.984199,1.834071,0.352598,0.486818,0.317921,2.265937,1.497566,0.42847,0.391159,0.373454,9.099936,3.964968,0.559211,0.814902,0.643007,concentrate
3.52951,2.899318,0.660382,0.541491,0.562623,1.989842,2.117043,0.495509,0.234367,0.232881,1.466578,1.278955,0.550795,0.230878,0.222953,1.438945,1.572575,0.282799,0.153155,0.17544,2.681854,1.832264,0.18096,0.524224,0.663151,1.704073,1.30225,0.335945,0.465353,0.351488,2.02449,1.291568,0.414676,0.385615,0.432897,9.340083,3.396963,0.623095,0.894599,0.707075,concentrate
3.891504,2.536209,0.590477,0.525232,0.552981,2.085162,1.758779,0.37241,0.213938,0.250638,1.561501,1.046332,0.490681,0.211334,0.240268,1.533996,1.314922,0.222152,0.142493,0.175394,2.479008,1.650609,0.132362,0.614748,0.771513,1.451914,1.024149,0.343768,0.446049,0.394852,1.830657,1.096148,0.399546,0.381635,0.474424,9.342518,2.820049,0.718071,0.971355,0.774136,concentrate
4.282467,2.146758,0.507819,0.550325,0.531478,2.231085,1.473456,0.270786,0.200046,0.264789,1.651569,0.858616,0.410019,0.192447,0.259226,1.653877,1.124351,0.181846,0.146993,0.182244,2.216833,1.517158,0.139027,0.718245,0.826698,1.2902,0.905538,0.351136,0.442163,0.445797,1.680748,0.912238,0.370159,0.380738,0.492673,9.209876,2.296999,0.816274,1.014885,0.838884,concentrate
4.490015,1.737321,0.4098,0.606941,0.504307,2.255143,1.242885,0.217437,0.195295,0.271584,1.645474,0.70924,0.330439,0.179998,0.276858,1.686409,0.96827,0.171254,0.164396,0.19815,1.876309,1.415153,0.191591,0.826154,0.837057,1.238426,0.839909,0.345611,0.467306,0.496103,1.527287,0.743579,0.323741,0.384853,0.493307,9.112138,1.911567,0.876547,1.007025,0.895353,concentrate
4.25086,1.365848,0.328936,0.681864,0.490058,2.187828,1.072917,0.244011,0.200369,0.273923,1.552471,0.618927,0.291639,0.179076,0.291253,1.646292,0.852464,0.216609,0.188935,0.227925,1.476436,1.3524,0.276368,0.93009,0.849625,1.282758,0.76372,0.328651,0.530356,0.532847,1.340134,0.597553,0.27233,0.397724,0.493857,8.998603,1.706103,0.86938,0.954199,0.939242,concentrate
3.932706,1.128131,0.296459,0.764797,0.514162,2.043496,0.976455,0.350786,0.21495,0.278359,1.38316,0.618881,0.322619,0.197303,0.302401,1.533281,0.798092,0.331037,0.21721,0.279982,1.063146,1.343861,0.371839,1.020286,0.928627,1.384905,0.671295,0.305489,0.632793,0.545519,1.149479,0.498505,0.229615,0.42313,0.515653,8.806819,1.698288,0.791142,0.886046,0.971792,concentrate
3.298236,1.08915,0.327439,0.850036,0.595235,1.841567,0.965443,0.505098,0.233496,0.290962,1.196244,0.717022,0.422878,0.236599,0.311648,1.410813,0.819434,0.499847,0.24747,0.359467,0.713074,1.382829,0.460907,1.083737,1.116609,1.501869,0.605374,0.291484,0.760815,0.532373,1.016367,0.463791,0.205368,0.458268,0.573504,8.475434,1.856627,0.671193,0.83539,1.005338,concentrate
3.074171,1.227786,0.401335,0.937138,0.729883,1.679919,1.036729,0.655309,0.246542,0.314173,1.054913,0.879561,0.560272,0.289764,0.320622,1.33952,0.905953,0.681765,0.27945,0.46112,0.487229,1.434487,0.557503,1.111859,1.399767,1.585457,0.596681,0.310917,0.888436,0.500631,1.005718,0.494843,0.205062,0.491699,0.666748,7.90065,2.118237,0.582235,0.825838,1.058747,concentrate
4.151871,1.458886,0.489387,1.029761,0.886588,1.602738,1.15322,0.751439,0.248158,0.344972,1.011498,1.048657,0.686106,0.345381,0.330792,1.365208,1.019774,0.823838,0.314509,0.568235,0.398225,1.457017,0.69642,1.111393,1.704739,1.599741,0.649155,0.382314,0.98685,0.461883,1.142215,0.572223,0.232851,0.507685,0.775648,7.001726,2.403269,0.623282,0.870438,1.138565,concentrate
6.684008,1.675092,0.561116,1.122406,1.018167,1.636837,1.257248,0.769492,0.23965,0.375603,1.070305,1.168504,0.757382,0.394128,0.341851,1.477705,1.112377,0.884367,0.353333,0.656699,0.408926,1.408303,0.910767,1.109177,1.930362,1.539431,0.730729,0.514852,1.036284,0.425639,1.395967,0.6615,0.298264,0.49682,0.86795,5.848836,2.655021,0.864329,0.966635,1.227373,concentrate
10.31117,1.783167,0.624812,1.20497,1.083891,1.799289,1.290494,0.725248,0.23089,0.396569,1.209126,1.195704,0.769365,0.431251,0.351327,1.644112,1.134777,0.852594,0.395072,0.703372,0.469125,1.274809,1.221375,1.134937,1.998041,1.424796,0.793829,0.720626,1.027519,0.396716,1.696767,0.722451,0.415228,0.460439,0.912762,4.594182,2.808557,1.320106,1.094511,1.288926,concentrate
14.046721,1.759725,0.739214,1.272746,1.070356,2.050553,1.235252,0.687298,0.240838,0.400186,1.385518,1.131361,0.777458,0.457983,0.355054,1.825154,1.075196,0.77395,0.441472,0.695378,0.541285,1.09876,1.632022,1.198043,1.887474,1.27217,0.844124,1.040358,0.964208,0.376405,1.962434,0.731857,0.592517,0.410003,0.893936,3.472133,2.833133,1.946296,1.228394,1.292942,concentrate
16.683331,1.667506,0.955853,1.326734,0.999725,2.339912,1.11244,0.723496,0.287996,0.383669,1.557187,1.022366,0.849976,0.480282,0.347902,1.983264,0.95484,0.711937,0.499587,0.635865,0.610527,1.019332,2.099666,1.28073,1.638511,1.123255,0.995926,1.483019,0.864309,0.36527,2.150204,0.717499,0.814944,0.360169,0.816176,2.96182,2.766927,2.628921,1.336984,1.237498,concentrate
17.356468,1.600394,1.267646,1.365416,0.915219,2.578245,0.971993,0.859927,0.379069,0.351222,1.701328,0.937936,1.019475,0.504052,0.326367,2.088006,0.819226,0.710951,0.574437,0.542309,0.713755,1.200662,2.532181,1.346625,1.326361,1.060304,1.388471,1.984043,0.753677,0.363679,2.275021,0.758643,1.043236,0.325493,0.704546,3.351935,2.694181,3.210001,1.401517,1.15576,concentrate
15.867253,1.618947,1.603054,1.383238,0.856471,2.666752,0.853677,1.063922,0.504914,0.313567,1.80366,0.921544,1.258043,0.529178,0.291958,2.114007,0.705151,0.774428,0.661715,0.439354,0.895455,1.711901,2.810596,1.356648,1.029164,1.173395,2.070787,2.422169,0.650431,0.372169,2.386643,0.920551,1.221267,0.311973,0.594982,4.627206,2.711318,3.517739,1.404819,1.100515,concentrate
12.796802,1.721506,1.858784,1.37682,0.83947,2.569439,0.770913,1.252938,0.639827,0.284664,1.855756,0.965476,1.479398,0.546514,0.25239,2.053609,0.622991,0.858666,0.742829,0.350573,1.203446,2.469262,2.844042,1.288129,0.799139,1.514034,2.941123,2.667126,0.561221,0.390474,2.525282,1.199411,1.296153,0.312786,0.51917,6.672238,2.879496,3.453195,1.32981,1.110518,concentrate
9.20256,1.863503,1.963628,1.359018,0.85003,2.32884,0.732849,1.340992,0.751177,0.275883,1.852557,1.030156,1.590809,0.542117,0.21839,1.919345,0.573388,0.903381,0.788966,0.291443,1.642068,3.264746,2.612284,1.146498,0.649951,2.058396,3.77377,2.641779,0.483857,0.415279,2.701488,1.513916,1.241985,0.316723,0.490304,8.939916,3.206002,3.045979,1.182456,1.185157,concentrate
6.127831,1.977287,1.907603,1.359615,0.855851,2.047496,0.747334,1.281918,0.813528,0.289978,1.788531,1.072098,1.536528,0.507403,0.198517,1.733555,0.555104,0.864542,0.777002,0.265135,2.150979,3.850507,2.181361,0.961253,0.564973,2.67965,4.300061,2.351895,0.414685,0.438072,2.863033,1.753742,1.077697,0.316141,0.498767,10.896479,3.641932,2.436869,0.99338,1.281158,concentrate
4.134582,2.009322,1.735995,1.402487,0.827041,1.822902,0.820815,1.094899,0.82284,0.320014,1.66552,1.072354,1.324937,0.445808,0.19617,1.535453,0.573887,0.739276,0.706236,0.265153,2.616605,4.049972,1.669542,0.773386,0.519296,3.179511,4.332215,1.883634,0.352648,0.447888,2.929331,1.833742,0.853407,0.30781,0.519579,12.229264,4.083699,1.797672,0.803376,1.336617,concentrate
3.092266,1.942391,1.535068,1.490788,0.756748,1.696238,0.951006,0.856991,0.78929,0.352482,1.491613,1.048482,1.044622,0.372925,0.208964,1.355543,0.644043,0.575267,0.598213,0.2817,2.90075,3.831064,1.21069,0.614523,0.494568,3.384798,3.866927,1.377392,0.303719,0.437586,2.834039,1.731325,0.63917,0.293777,0.527093,12.923421,4.368124,1.286259,0.652713,1.310003,concentrate
2.602518,1.824149,1.386725,1.605856,0.663822,1.658588,1.123098,0.656036,0.729104,0.372597,1.32423,1.044428,0.811153,0.306331,0.229394,1.245169,0.785022,0.437117,0.484967,0.304406,2.95973,3.304512,0.908333,0.493748,0.479853,3.341463,3.122924,0.985185,0.278774,0.407783,2.599508,1.492381,0.492959,0.276324,0.505724,13.177412,4.354041,1.001226,0.551781,1.206965,concentrate
2.468814,1.718585,1.327668,1.714314,0.578374,1.707895,1.309648,0.547123,0.653687,0.370205,1.249036,1.088608,0.703204,0.256102,0.246809,1.258201,0.99949,0.37142,0.39101,0.320741,2.864138,2.683317,0.794708,0.40806,0.466917,3.297052,2.44034,0.790527,0.288082,0.365138,2.370959,1.220683,0.432467,0.25636,0.455714,13.3335,4.028512,0.938057,0.489483,1.070906,concentrate
2.613744,1.655765,1.336437,1.786384,0.524225,1.834482,1.482091,0.533722,0.572171,0.34445,1.354199,1.17331,0.726912,0.226612,0.253109,1.442895,1.267894,0.38635,0.326748,0.321396,2.722634,2.191102,0.808929,0.355103,0.447851,3.519437,2.091968,0.780245,0.344329,0.319131,2.232193,1.036105,0.432936,0.2378,0.389102,13.407818,3.523674,1.015717,0.457072,0.950309,concentrate
3.492513,1.678118,1.360827,1.798181,0.511601,2.033488,1.625013,0.574021,0.489951,0.303232,1.654822,1.270764,0.825785,0.216758,0.246563,1.774811,1.55065,0.45387,0.286166,0.304454,2.648152,1.967003,0.878643,0.338076,0.418336,4.071491,2.146329,0.88469,0.448767,0.279503,2.277756,1.010375,0.470018,0.228015,0.322065,13.190856,2.955031,1.147107,0.450851,0.871774,concentrate
4.933061,1.827255,1.342827,1.74323,0.542403,2.221571,1.764834,0.611314,0.41073,0.258434,2.055438,1.364379,0.916188,0.217515,0.230089,2.144949,1.818632,0.528678,0.252749,0.273848,2.636178,2.032751,0.96031,0.357332,0.379433,4.777614,2.473905,1.002767,0.578731,0.253127,2.389443,1.136448,0.526234,0.232813,0.267747,12.599314,2.446445,1.257571,0.46985,0.843682,concentrate
6.703539,2.112804,1.264221,1.636255,0.61219,2.325257,1.957436,0.612246,0.342038,0.220303,2.400743,1.443912,0.938515,0.21977,0.209313,2.407161,2.068793,0.576144,0.215705,0.23703,2.651325,2.329226,1.051266,0.402121,0.336136,5.357461,2.846954,1.070236,0.69592,0.241691,2.462485,1.360777,0.598862,0.25234,0.231361,11.662637,2.040593,1.308161,0.519124,0.87143,concentrate
8.46506,2.52203,1.141037,1.508255,0.709663,2.272574,2.251186,0.564716,0.294875,0.194307,2.549888,1.511376,0.874016,0.224486,0.190831,2.441942,2.322128,0.575344,0.179721,0.202386,2.6434,2.771357,1.148251,0.460038,0.295629,5.579133,3.105088,1.066581,0.770338,0.243058,2.380066,1.618254,0.680455,0.281031,0.211016,10.523029,1.732715,1.297404,0.600623,0.961368,concentrate
9.54946,2.975053,0.997909,1.384025,0.814621,2.04562,2.666058,0.475812,0.276429,0.18077,2.444402,1.573998,0.732952,0.236957,0.179327,2.213375,2.607157,0.523382,0.157651,0.176044,2.585823,3.251136,1.21953,0.520961,0.264987,5.378714,3.19154,0.985176,0.791349,0.253122,2.134967,1.863677,0.757291,0.31156,0.202305,9.364936,1.482128,1.22759,0.70486,1.114115,concentrate
9.838346,3.328954,0.861054,1.282471,0.897329,1.726773,3.157207,0.368299,0.286613,0.175894,2.120791,1.620775,0.553034,0.264157,0.175011,1.806671,2.91674,0.43437,0.161199,0.15921,2.483612,3.655584,1.228338,0.579545,0.247549,4.838864,3.101024,0.857279,0.776593,0.265851,1.787921,2.076826,0.81422,0.343725,0.201328,8.419077,1.307552,1.119697,0.826161,1.313555,concentrate
8.935226,3.459964,0.765313,1.225539,0.928708,1.448731,3.613621,0.274147,0.319828,0.17466,1.708912,1.631806,0.386359,0.311132,0.174199,1.399041,3.192891,0.33619,0.194315,0.149199,2.359493,3.900611,1.149688,0.632594,0.24167,4.143057,2.886186,0.737034,0.761329,0.276519,1.456659,2.261549,0.836182,0.381588,0.20603,7.873465,1.300602,0.991569,0.961479,1.521523,concentrate
7.302193,3.310547,0.738226,1.226608,0.894338,1.330278,3.927077,0.214983,0.366234,0.173798,1.349112,1.58445,0.274763,0.373905,0.172322,1.152649,3.368151,0.253355,0.249738,0.142901,2.226606,4.002355,1.005737,0.678929,0.242876,3.426721,2.605973,0.670703,0.775166,0.283812,1.235292,2.459639,0.825221,0.430627,0.215689,7.607904,1.570523,0.87361,1.104761,1.681569,concentrate
5.329362,2.926485,0.784887,1.278692,0.802006,1.41664,4.082902,0.206049,0.414407,0.172352,1.145313,1.494545,0.238583,0.441217,0.167115,1.165257,3.450509,0.209137,0.312587,0.138881,2.123935,4.032154,0.859736,0.715723,0.24574,2.816362,2.300615,0.679645,0.824138,0.287986,1.172135,2.70641,0.799716,0.490345,0.228416,7.605148,2.133439,0.807059,1.246024,1.739442,concentrate
3.613018,2.412167,0.871261,1.346717,0.678312,1.716291,4.222885,0.241604,0.454823,0.170463,1.117494,1.44,0.268778,0.49754,0.159392,1.45111,3.582727,0.206012,0.367163,0.136719,2.070273,4.047082,0.772601,0.734296,0.244666,2.402029,1.985721,0.758309,0.884585,0.288692,1.262074,2.984982,0.784581,0.548245,0.240495,7.797083,2.874589,0.820293,1.36723,1.667829,concentrate
2.541563,1.904537,0.947937,1.381611,0.558809,2.238959,4.592634,0.300496,0.481997,0.169221,1.222492,1.52249,0.336212,0.526699,0.152111,1.973539,3.984612,0.225606,0.400507,0.136777,2.081591,4.054649,0.768583,0.725807,0.236388,2.236552,1.682343,0.880967,0.918749,0.284194,1.458829,3.220331,0.793585,0.585773,0.247732,8.137941,3.601924,0.915033,1.443047,1.483077,concentrate
2.098847,1.517724,0.982595,1.351241,0.474819,2.94578,5.419169,0.365688,0.495177,0.169564,1.382092,1.813571,0.411688,0.519418,0.148045,2.622832,4.830612,0.2498,0.407539,0.139185,2.16997,3.999272,0.838179,0.68791,0.221886,2.367294,1.441095,1.019699,0.896265,0.271867,1.698674,3.309286,0.831371,0.588069,0.247829,8.561407,4.096026,1.068521,1.453062,1.238242,concentrate
2.305075,1.282942,0.96049,1.259356,0.440498,3.731004,6.749509,0.419035,0.499583,0.170704,1.549607,2.282549,0.466822,0.478804,0.14759,3.249292,6.107247,0.264777,0.394688,0.142843,2.329562,3.81688,0.945117,0.629435,0.20475,2.775462,1.338618,1.141497,0.811989,0.249938,1.926929,3.176358,0.893978,0.553182,0.240523,8.922386,4.198419,1.230821,1.389543,0.995711,concentrate
2.800975,1.17914,0.896587,1.142044,0.44778,4.511021,8.351691,0.458065,0.507045,0.16996,1.735363,2.79904,0.482899,0.419796,0.148237,3.767421,7.547195,0.270661,0.376888,0.145431,2.488442,3.485702,1.035341,0.569796,0.188265,3.296762,1.401544,1.198074,0.68766,0.219224,2.068737,2.811425,0.959615,0.495879,0.227021,9.0022,3.859103,1.334205,1.264624,0.79862,concentrate
3.434694,1.184831,0.826066,1.042608,0.472685,5.206375,9.760521,0.493189,0.529408,0.164302,1.959749,3.190943,0.458931,0.36347,0.146191,4.144145,8.704493,0.280125,0.370194,0.144591,2.564656,3.051071,1.072758,0.52707,0.174016,3.691381,1.617091,1.158522,0.563619,0.183829,2.086858,2.288016,1.00226,0.439702,0.209753,8.736088,3.205531,1.332388,1.109964,0.659511,concentrate
4.524715,1.267017,0.782766,0.990996,0.492311,5.711514,10.486993,0.543386,0.570487,0.152318,2.204092,3.330062,0.413963,0.327402,0.138733,4.352779,9.162531,0.316737,0.384398,0.139157,2.523323,2.592546,1.064103,0.508688,0.163012,3.776854,1.905059,1.021205,0.474084,0.150145,2.004927,1.721043,1.0086,0.405145,0.192453,8.23255,2.440823,1.234582,0.964123,0.566124,concentrate
5.542732,1.403991,0.778231,0.987996,0.496765,5.851748,10.239996,0.626861,0.621014,0.134623,2.400461,3.196132,0.374446,0.315689,0.125978,4.350101,8.73982,0.402634,0.417851,0.129539,2.427039,2.222415,1.037902,0.503023,0.157205,3.527911,2.161555,0.817732,0.431151,0.124129,1.912026,1.243927,0.979693,0.398758,0.179225,7.820758,1.779851,1.084926,0.853326,0.499817,concentrate
6.495452,1.564887,0.802873,1.003979,0.487231,5.588718,9.066558,0.743739,0.661467,0.113739,2.471718,2.88518,0.369631,0.320249,0.110801,4.107555,7.577147,0.540843,0.457939,0.11736,2.37209,2.020958,1.027615,0.491089,0.160078,3.07636,2.290391,0.605918,0.4297,0.10973,1.920903,0.950479,0.928765,0.411378,0.172658,7.93265,1.334578,0.938958,0.78505,0.453963,concentrate
7.038704,1.72544,0.829421,1.0076,0.470337,4.951957,7.305292,0.873347,0.672008,0.094033,2.401947,2.539399,0.414866,0.327687,0.098189,3.680001,6.033784,0.706103,0.487889,0.105529,2.384055,1.991155,1.045881,0.459239,0.175972,2.597496,2.239509,0.449953,0.453844,0.109996,2.034185,0.860938,0.867842,0.426436,0.174212,8.811948,1.113227,0.840765,0.750184,0.434294,concentrate
6.838468,1.850265,0.827039,0.982552,0.454682,4.091067,5.413285,0.975234,0.642256,0.07981,2.223072,2.249858,0.495078,0.325375,0.092374,3.123078,4.498037,0.847187,0.493254,0.09703,2.45686,2.053263,1.082194,0.407142,0.207478,2.278601,2.052892,0.392432,0.485054,0.126498,2.207295,0.919353,0.802527,0.431399,0.184142,10.349111,1.073866,0.804437,0.731924,0.450189,concentrate
6.339581,1.905075,0.773762,0.929889,0.444703,3.138528,3.745005,1.010627,0.576728,0.073057,1.986857,2.01704,0.573639,0.306696,0.094369,2.495478,3.215788,0.912102,0.468718,0.093074,2.546484,2.152917,1.105218,0.345451,0.251908,2.226273,1.874264,0.442537,0.5105,0.157465,2.338966,1.04986,0.727092,0.421255,0.20082,11.997016,1.175565,0.820435,0.716425,0.507062,concentrate
5.409017,1.908278,0.684291,0.861454,0.440157,2.495327,2.506806,0.97097,0.492659,0.073095,1.839621,1.810161,0.61698,0.274969,0.101746,2.068321,2.291813,0.879405,0.419898,0.092869,2.639405,2.314268,1.093096,0.298643,0.300677,2.494762,1.880525,0.577242,0.527957,0.196197,2.352741,1.206946,0.64265,0.404787,0.220425,13.14619,1.42241,0.893578,0.706633,0.596146,concentrate
5.153728,1.913314,0.60019,0.79604,0.437755,2.514291,1.776373,0.878897,0.412109,0.077629,1.895933,1.627544,0.606001,0.239416,0.110019,2.091628,1.738829,0.766885,0.359894,0.094491,2.750158,2.600351,1.042032,0.286536,0.342008,3.086324,2.166039,0.735133,0.539224,0.232553,2.251975,1.38544,0.562438,0.395475,0.236954,13.409131,1.839187,1.021623,0.712875,0.69447,concentrate
5.337872,1.976326,0.557813,0.758901,0.436,3.32025,1.519716,0.768821,0.355234,0.083854,2.173521,1.507689,0.541989,0.21394,0.11458,2.650648,1.506653,0.614602,0.307051,0.095543,2.851196,3.027206,0.957913,0.316753,0.364412,3.904842,2.692921,0.848273,0.555508,0.256778,2.06989,1.591977,0.497936,0.404203,0.243708,12.58871,2.414906,1.177447,0.75908,0.777257,concentrate
6.130803,2.129206,0.582436,0.773156,0.436714,4.743069,1.64398,0.66883,0.335077,0.089337,2.581369,1.515696,0.454315,0.214372,0.112653,3.636833,1.543038,0.472122,0.281247,0.094263,2.8939,3.494012,0.863534,0.390666,0.36102,4.770563,3.312767,0.889051,0.598077,0.263205,1.856723,1.800815,0.463067,0.436775,0.235944,10.777502,3.093848,1.326385,0.870528,0.829509,concentrate
7.182071,2.42787,0.672627,0.842544,0.442832,6.357431,2.073769,0.596806,0.355188,0.092845,2.969032,1.740637,0.374409,0.25437,0.104729,4.780433,1.850163,0.381175,0.297544,0.090433,2.759877,3.839405,0.785121,0.502818,0.334355,5.421695,3.83532,0.868114,0.687581,0.252956,1.609105,1.969964,0.468446,0.491288,0.214029,8.379727,3.783026,1.426343,1.062945,0.846484,concentrate
7.851221,2.975627,0.806868,0.954516,0.456733,7.639146,2.756704,0.552723,0.408087,0.094207,3.268567,2.260998,0.336767,0.335236,0.09402,5.789434,2.473319,0.356579,0.357163,0.085348,2.470859,3.976896,0.736111,0.635105,0.294668,5.678463,4.165845,0.822626,0.821949,0.23262,1.37183,2.09448,0.513011,0.555512,0.182958,6.005341,4.418441,1.45013,1.331525,0.832553,concentrate
8.129134,3.836924,0.959762,1.08832,0.476014,8.274334,3.608023,0.5249,0.477623,0.093913,3.513366,3.062239,0.365691,0.442671,0.084762,6.47279,3.394539,0.394088,0.445378,0.080957,2.117841,3.934488,0.723666,0.763721,0.255117,5.465978,4.326264,0.79327,0.973412,0.210914,1.16334,2.196262,0.578752,0.612635,0.150575,4.364996,4.959682,1.391912,1.644189,0.797229,concentrate
7.771851,4.976592,1.090581,1.227484,0.494431,8.149747,4.463737,0.502694,0.542895,0.093099,3.767848,4.002398,0.455625,0.550057,0.080572,6.763769,4.461872,0.473143,0.535011,0.07899,1.846003,3.792206,0.740487,0.860474,0.224897,4.884045,4.413397,0.801978,1.098966,0.194082,1.014262,2.290691,0.638267,0.644871,0.12356,3.927219,5.382568,1.270609,1.932854,0.750198,concentrate
7.497293,6.200356,1.165046,1.358465,0.503747,7.422288,5.105554,0.484763,0.584473,0.093416,4.041781,4.844306,0.576555,0.627154,0.083216,6.673348,5.417256,0.56383,0.597774,0.080399,1.739008,3.6045,0.760315,0.896918,0.206568,4.131518,4.505977,0.829711,1.155854,0.184739,0.93663,2.363764,0.659922,0.637646,0.105096,4.662188,5.642243,1.109202,2.116057,0.701148,concentrate
7.204224,7.267149,1.158071,1.465588,0.49644,6.40098,5.441805,0.476585,0.594364,0.097362,4.284461,5.408364,0.691938,0.655954,0.092206,6.314754,6.081428,0.639711,0.61861,0.085113,1.820665,3.391923,0.766606,0.863217,0.197623,3.429162,4.625092,0.836289,1.12561,0.1819,0.931279,2.385444,0.627506,0.590034,0.095331,6.084467,5.714067,0.936444,2.144198,0.662849,concentrate
6.830394,8.01889,1.108039,1.528874,0.470774,5.446332,5.47896,0.49085,0.577393,0.106701,4.408084,5.639432,0.79005,0.639168,0.10515,5.820164,6.360797,0.688117,0.599679,0.091898,2.044625,3.197595,0.782211,0.773597,0.192763,2.921355,4.826451,0.837548,1.024172,0.181944,0.99879,2.364237,0.567112,0.51549,0.091875,7.588809,5.666704,0.807457,2.021979,0.647784,concentrate
6.469249,8.438296,1.068365,1.534548,0.431726,4.797893,5.348791,0.537178,0.548957,0.121194,4.364323,5.655972,0.88784,0.60207,0.118657,5.319592,6.315803,0.711814,0.558577,0.098758,2.347242,3.064145,0.841511,0.663028,0.187425,2.666421,5.199206,0.900573,0.897891,0.181905,1.149186,2.340652,0.522362,0.438474,0.092201,8.711554,5.704929,0.773033,1.814149,0.665751,concentrate
5.890205,8.696977,1.08378,1.481375,0.390978,4.518013,5.269454,0.606129,0.527556,0.138179,4.156044,5.707636,1.001779,0.57635,0.129151,4.892893,6.145089,0.721234,0.517884,0.103605,2.658192,3.023737,0.958401,0.569455,0.180816,2.613349,5.841628,1.085308,0.79623,0.180321,1.382293,2.377602,0.526178,0.383768,0.09563,9.104403,6.035279,0.862108,1.607615,0.714929,concentrate
5.36644,9.070805,1.150616,1.378903,0.364116,4.494276,5.507982,0.668121,0.524054,0.153199,3.827765,6.098224,1.121173,0.581456,0.134115,4.549149,6.155948,0.719828,0.493519,0.105145,2.961397,3.103557,1.111765,0.515708,0.174874,2.696244,6.785916,1.391108,0.74579,0.177708,1.710293,2.541127,0.57941,0.364764,0.10217,8.754203,6.774312,1.051973,1.467468,0.778716,concentrate
4.99071,9.72964,1.220238,1.24231,0.361241,4.643931,6.202456,0.690229,0.537418,0.162202,3.504678,6.961148,1.203764,0.61341,0.132594,4.340928,6.561791,0.700937,0.488022,0.103186,3.275838,3.316522,1.236779,0.500183,0.171632,2.853913,7.94011,1.721782,0.739584,0.177271,2.131471,2.863231,0.648222,0.377877,0.11122,7.905942,7.868395,1.26365,1.412815,0.838868,concentrate
4.913376,10.53283,1.242366,1.096244,0.384,4.939828,7.237974,0.657793,0.554049,0.163016,3.321338,8.10972,1.203471,0.646642,0.125586,4.340669,7.316331,0.653441,0.489908,0.098626,3.626814,3.606014,1.261632,0.504611,0.171778,3.014768,9.026246,1.939581,0.748024,0.183376,2.62914,3.299368,0.692649,0.407455,0.121285,6.89392,9.004325,1.406649,1.422492,0.883235,concentrate
5.063494,11.192034,1.204758,0.972908,0.428101,5.365471,8.349443,0.595404,0.558674,0.156839,3.324829,9.175843,1.125381,0.652313,0.116259,4.549981,8.195646,0.590832,0.483935,0.093466,4.081483,3.847692,1.167728,0.51031,0.17487,3.153003,9.693617,1.959469,0.742023,0.1999,3.228448,3.718187,0.701854,0.436844,0.130297,6.196335,9.798292,1.41091,1.463373,0.90915,concentrate
5.097054,11.373301,1.089535,0.885907,0.480531,5.868551,9.210752,0.537966,0.541825,0.147282,3.456598,9.747297,0.997719,0.614387,0.108632,4.873954,8.883379,0.531543,0.460937,0.089858,4.706662,3.888329,0.983182,0.51186,0.180205,3.25517,9.647961,1.796125,0.715919,0.227912,3.963391,3.946182,0.683414,0.457918,0.13689,6.174936,9.945175,1.279495,1.516383,0.924163,concentrate
5.088735,10.882057,0.928127,0.828834,0.528513,6.327209,9.535551,0.509919,0.506493,0.138335,3.589155,9.56294,0.877813,0.538425,0.106276,5.16233,9.083651,0.491723,0.422562,0.089353,5.507542,3.657951,0.783065,0.514312,0.18777,3.320488,8.833335,1.54632,0.688312,0.265452,4.808511,3.863925,0.65877,0.470089,0.141196,6.877332,9.395593,1.098014,1.586906,0.93728,concentrate
4.847321,9.757539,0.765092,0.79143,0.564617,6.652687,9.221525,0.52761,0.46892,0.132669,3.614434,8.618087,0.82161,0.446208,0.11096,5.271356,8.671714,0.492132,0.381067,0.092086,6.362057,3.232205,0.631487,0.525625,0.197408,3.381565,7.491331,1.301354,0.688052,0.30856,5.63716,3.48615,0.635432,0.479349,0.144511,8.031615,8.374868,0.930138,1.692686,0.947648,concentrate
4.714334,8.237833,0.656917,0.777674,0.589191,6.73542,8.429269,0.579358,0.449871,0.130631,3.497388,7.163763,0.848044,0.365494,0.121662,5.138501,7.782418,0.534002,0.35278,0.096598,7.084417,2.794307,0.567831,0.5525,0.206584,3.47077,6.058046,1.157588,0.746111,0.351768,6.275881,2.952407,0.613497,0.495284,0.147749,9.198897,7.240027,0.838102,1.840062,0.949461,concentrate
4.903612,6.60682,0.623873,0.803104,0.606042,6.625924,7.563698,0.63358,0.46287,0.130595,3.292293,5.600879,0.930078,0.31707,0.13507,4.811005,6.782506,0.597713,0.35007,0.10018,7.383787,2.515503,0.586442,0.593939,0.210879,3.591962,4.907664,1.148614,0.872133,0.38749,6.524761,2.430947,0.592632,0.522369,0.150832,9.90134,6.280077,0.847062,1.992065,0.933702,concentrate
5.481659,5.099107,0.64372,0.886219,0.617434,6.333137,7.090946,0.652247,0.509427,0.131238,3.068159,4.314781,0.999294,0.310105,0.146839,4.398409,6.101382,0.643545,0.377034,0.100355,7.092268,2.47049,0.642292,0.643423,0.207558,3.683979,4.182142,1.224852,1.041393,0.40846,6.296038,2.021632,0.562405,0.556643,0.152968,9.802274,5.602612,0.919736,2.089056,0.895029,concentrate
6.348454,3.813429,0.692389,1.026339,0.624976,6.039476,7.307076,0.638501,0.57797,0.133227,2.911649,3.529419,1.007122,0.339493,0.153348,4.068406,6.027626,0.648504,0.427664,0.096947,6.332188,2.608289,0.699423,0.689476,0.198232,3.643165,3.776236,1.310011,1.201907,0.409999,5.622536,1.736301,0.523293,0.584461,0.153166,8.848546,5.06025,1.009922,2.076704,0.836832,concentrate
7.192351,2.786063,0.762381,1.193555,0.629299,5.852114,8.155425,0.630109,0.64466,0.138494,2.889427,3.262235,0.951717,0.387061,0.152859,3.948655,6.5485,0.624588,0.484643,0.09163,5.322781,2.799503,0.747129,0.72122,0.187745,3.429278,3.486018,1.350925,1.293854,0.392052,4.697031,1.528367,0.493424,0.591276,0.150977,7.353015,4.44621,1.095711,1.949896,0.773151,concentrate
7.776785,2.027074,0.833763,1.336793,0.627751,5.795957,9.189718,0.670088,0.683248,0.148637,3.002972,3.331203,0.862697,0.430718,0.145386,4.005805,7.328529,0.601278,0.526017,0.086658,4.40687,2.911146,0.794255,0.729559,0.18097,3.097851,3.145285,1.329509,1.277159,0.359436,3.752029,1.342751,0.495917,0.568307,0.146642,5.796133,3.663863,1.167238,1.749935,0.721063,concentrate
8.07293,1.541787,0.885242,1.405545,0.615965,5.771729,9.890708,0.771829,0.676597,0.163247,3.216648,3.503503,0.771903,0.450216,0.132913,4.132617,7.955966,0.597742,0.533611,0.084094,3.786186,2.866261,0.844139,0.706199,0.18005,2.776631,2.692118,1.260613,1.147697,0.32093,3.013104,1.169025,0.532557,0.51529,0.14091,4.674606,2.810731,1.225635,1.533807,0.692623,concentrate
7.89501,1.325937,0.89928,1.370744,0.593036,5.638465,9.893195,0.920368,0.620945,0.17895,3.443994,3.599963,0.710803,0.435638,0.119346,4.183752,8.134557,0.62451,0.500268,0.085789,3.498161,2.672779,0.897396,0.645726,0.183364,2.580726,2.177056,1.179687,0.94124,0.28768,2.572668,1.049682,0.587134,0.439591,0.135336,4.201249,2.082563,1.276723,1.345231,0.686775,concentrate
7.73088,1.347109,0.868615,1.238017,0.563147,5.311566,9.142587,1.063533,0.527305,0.191175,3.599395,3.564534,0.679648,0.388735,0.108839,4.077767,7.801599,0.66244,0.431797,0.092868,3.326305,2.366777,0.939627,0.551274,0.186737,2.509419,1.694588,1.110111,0.713825,0.269102,2.343248,1.001392,0.631028,0.354442,0.132608,4.193466,1.611612,1.305985,1.210371,0.695296,concentrate
7.518891,1.564574,0.805265,1.054542,0.533144,4.790812,7.863083,1.148661,0.419185,0.195654,3.632729,3.420765,0.663338,0.326478,0.103642,3.829906,7.079755,0.685121,0.346819,0.104431,3.061242,2.008852,0.952025,0.438612,0.18603,2.487736,1.328923,1.058173,0.524244,0.267633,2.164465,1.002899,0.641693,0.275233,0.135004,4.344046,1.417082,1.288301,1.138514,0.706339,concentrate
7.648463,1.941161,0.720444,0.88833,0.511437,4.29739,6.444722,1.145543,0.324391,0.190359,3.558131,3.235099,0.639221,0.272203,0.103258,3.575808,6.190954,0.67128,0.269581,0.117533,2.653397,1.665358,0.913529,0.330725,0.179754,2.433704,1.102067,1.009865,0.411484,0.276771,2.000576,1.009961,0.60348,0.215077,0.142584,4.402168,1.423696,1.207142,1.126653,0.7078,concentrate
8.125595,2.417248,0.625717,0.797684,0.503114,3.98384,5.222807,1.061172,0.268081,0.177206,3.384036,3.052067,0.600899,0.249314,0.105286,3.386338,5.321598,0.619002,0.224509,0.128633,2.224852,1.415457,0.818953,0.250001,0.17,2.307904,1.043412,0.950389,0.380104,0.284914,1.905695,1.015985,0.518063,0.182369,0.152906,4.372025,1.580936,1.07247,1.163217,0.688374,concentrate
8.966074,2.825868,0.540635,0.806657,0.507271,3.835139,4.316275,0.928766,0.261075,0.160851,3.099396,2.857109,0.572671,0.268781,0.106694,3.217799,4.539894,0.548178,0.223351,0.134571,1.967893,1.3342,0.689533,0.209654,0.161149,2.169097,1.164678,0.881731,0.408222,0.282008,1.931199,1.040018,0.405339,0.178829,0.162267,4.504539,1.866617,0.927525,1.232478,0.646196,concentrate
10.085554,2.985455,0.492028,0.897101,0.519787,3.75481,3.648239,0.790542,0.297348,0.146652,2.715388,2.603908,0.591329,0.324401,0.106053,3.004322,3.830529,0.487824,0.260262,0.134139,1.982412,1.442694,0.561235,0.207302,0.157464,2.124011,1.446529,0.811996,0.45773,0.264307,2.086704,1.103923,0.291906,0.198014,0.168801,5.152427,2.280339,0.811911,1.311393,0.594888,concentrate
11.310667,2.829351,0.498614,1.024492,0.533831,3.641844,3.130744,0.681793,0.356133,0.138364,2.31249,2.290499,0.679164,0.396405,0.104213,2.7309,3.203185,0.46192,0.315089,0.128572,2.234486,1.688882,0.464694,0.229117,0.160986,2.245486,1.825919,0.754949,0.49758,0.23652,2.308975,1.215916,0.201305,0.229996,0.174053,6.530062,2.778624,0.741629,1.375558,0.553799,concentrate
12.51633,2.414402,0.553963,1.136986,0.542861,3.446461,2.744704,0.620297,0.41158,0.136617,1.998908,1.966665,0.819843,0.460375,0.103183,2.444349,2.716336,0.478446,0.363341,0.120678,2.579914,1.958947,0.404967,0.26418,0.1708,2.520174,2.180545,0.716458,0.511411,0.208077,2.497878,1.337255,0.143051,0.267917,0.181598,8.396236,3.233567,0.706297,1.402955,0.539109,concentrate
13.388879,1.86396,0.63033,1.20323,0.544362,3.159141,2.489842,0.60108,0.444552,0.139839,1.830371,1.686451,0.960117,0.49777,0.104757,2.201242,2.403313,0.524876,0.388006,0.113609,2.817479,2.13695,0.374436,0.315351,0.183981,2.834251,2.367081,0.69059,0.498474,0.187009,2.548057,1.409071,0.120544,0.314384,0.194801,10.14831,3.486667,0.670594,1.388369,0.556959,concentrate
13.486997,1.348096,0.692356,1.230745,0.541603,2.79593,2.335931,0.612622,0.453387,0.145904,1.769813,1.482319,1.047124,0.506952,0.109662,2.007745,2.230405,0.583683,0.388264,0.109314,2.850623,2.151736,0.358018,0.396463,0.197461,3.056275,2.315441,0.660124,0.48409,0.178259,2.443428,1.388103,0.130191,0.377204,0.21452,11.154235,3.419175,0.606167,1.349209,0.59811,concentrate
12.826927,1.0535,0.717159,1.249346,0.543706,2.347185,2.199956,0.644275,0.448214,0.152071,1.711341,1.350405,1.060387,0.500403,0.117299,1.799393,2.104631,0.645249,0.376077,0.10808,2.729798,2.015485,0.351835,0.514061,0.208432,3.100958,2.083568,0.624872,0.505713,0.182598,2.217803,1.273481,0.163705,0.455905,0.238131,11.046517,3.035807,0.511947,1.313756,0.64555,concentrate
11.497496,1.120818,0.706306,1.281026,0.558298,1.828386,2.03242,0.689079,0.441563,0.156328,1.581499,1.288573,1.013037,0.494712,0.126375,1.525259,1.965892,0.705891,0.367577,0.109314,2.383764,1.80976,0.357104,0.655493,0.215066,2.985519,1.812489,0.597994,0.589935,0.196415,1.955718,1.11929,0.209988,0.538437,0.260903,10.058392,2.572657,0.414702,1.304351,0.686379,concentrate
9.952765,1.573972,0.673029,1.319426,0.586209,1.31166,1.859454,0.744918,0.438177,0.15786,1.385661,1.310551,0.938561,0.495908,0.135613,1.201729,1.82561,0.767326,0.371018,0.112593,2.025519,1.641462,0.384395,0.792316,0.2171,2.802207,1.646223,0.591214,0.728089,0.213176,1.75232,1.008399,0.263138,0.605538,0.277618,8.783068,2.363605,0.350756,1.323998,0.716834,concentrate
8.576527,2.275832,0.642762,1.334416,0.620242,0.882365,1.758152,0.805515,0.434315,0.156756,1.151972,1.427603,0.870022,0.499589,0.144096,0.882042,1.740165,0.829633,0.3831,0.117939,1.691081,1.578343,0.43921,0.891646,0.21541,2.652232,1.657241,0.598501,0.882896,0.226515,1.658295,1.001197,0.320658,0.641036,0.283665,7.834674,2.631068,0.339472,1.345869,0.735371,concentrate
8.18769,3.00687,0.633151,1.302267,0.648212,0.596915,1.765512,0.845139,0.420876,0.15409,0.911672,1.605348,0.812447,0.496891,0.151252,0.624942,1.727654,0.868561,0.391311,0.125765,1.496092,1.60522,0.509645,0.932334,0.211872,2.593755,1.797117,0.610315,1.016507,0.232154,1.667934,1.095507,0.380729,0.642258,0.27721,7.506355,3.321945,0.377684,1.343498,0.747866,concentrate
9.919557,3.551577,0.651659,1.231509,0.65427,0.474917,1.8555,0.847987,0.389842,0.151626,0.70606,1.776864,0.75935,0.479794,0.156645,0.474651,1.755436,0.867048,0.381782,0.135867,1.400337,1.635179,0.575085,0.913686,0.209263,2.628731,1.929533,0.625263,1.099449,0.231154,1.719207,1.230701,0.43788,0.62027,0.260401,7.66323,4.116858,0.434561,1.307719,0.760709,concentrate
14.82236,3.808259,0.680076,1.169148,0.628761,0.50201,1.969787,0.814683,0.34187,0.150897,0.628482,1.88667,0.701335,0.44792,0.15967,0.453286,1.774878,0.822841,0.349149,0.14699,1.468269,1.588246,0.617917,0.855073,0.210305,2.902448,1.929912,0.64801,1.120221,0.229782,1.818267,1.344889,0.481598,0.594267,0.238375,8.402022,4.660647,0.476095,1.247923,0.778873,concentrate
23.033115,3.791122,0.697865,1.168632,0.57462,0.650939,2.039115,0.748732,0.285226,0.152624,0.759379,1.911404,0.634882,0.407928,0.159535,0.550114,1.750841,0.739379,0.298763,0.157072,1.769406,1.450666,0.63592,0.784885,0.21593,3.660745,1.770199,0.685141,1.085521,0.234433,2.001707,1.411396,0.50559,0.58099,0.216599,10.070428,4.749074,0.493264,1.191155,0.798863,concentrate
33.326206,3.562946,0.696353,1.249735,0.508053,0.891053,2.026348,0.660171,0.233002,0.15654,1.094133,1.856274,0.568572,0.368539,0.156029,0.736073,1.691751,0.632175,0.244846,0.16452,2.287524,1.271044,0.636209,0.727127,0.224626,4.996611,1.524001,0.737184,1.00822,0.247351,2.297,1.453457,0.515024,0.587678,0.199002,12.844662,4.438222,0.497957,1.168812,0.813073,concentrate
43.427395,3.191324,0.67474,1.382255,0.451864,1.179365,1.947509,0.559269,0.200303,0.161026,1.549561,1.751464,0.50871,0.336185,0.149918,0.967222,1.648328,0.51559,0.204373,0.168549,2.90983,1.107143,0.633701,0.691068,0.23375,6.754461,1.26881,0.783131,0.900482,0.266033,2.681241,1.482931,0.520338,0.610161,0.188374,16.469261,3.897287,0.501888,1.19813,0.814966,concentrate
49.041473,2.752917,0.648783,1.504212,0.425058,1.484514,1.886646,0.470937,0.196118,0.16402,1.980349,1.648751,0.462167,0.313484,0.142767,1.205675,1.698182,0.41581,0.189552,0.169505,3.421199,1.013712,0.651343,0.670489,0.240621,8.447122,1.057272,0.798645,0.777026,0.284073,3.071054,1.501931,0.535403,0.636467,0.185292,19.966402,3.314695,0.518539,1.278571,0.801562,concentrate
49.344681,2.321754,0.643887,1.564914,0.434087,1.74381,1.966505,0.420818,0.222432,0.164334,2.234297,1.614062,0.43497,0.301768,0.13667,1.397092,1.908968,0.359956,0.204693,0.168865,3.691097,1.05848,0.703634,0.655751,0.244854,9.518322,0.927281,0.765606,0.656042,0.29457,3.372288,1.51984,0.568848,0.658854,0.188393,21.945454,2.826799,0.561807,1.391881,0.772253,concentrate
43.192036,2.043885,0.686327,1.552387,0.476049,1.895663,2.299824,0.421572,0.276625,0.163132,2.218358,1.725923,0.422668,0.30307,0.134168,1.498837,2.31842,0.36038,0.246597,0.169085,3.655299,1.327036,0.791068,0.643462,0.247845,9.679255,0.925777,0.696051,0.563624,0.293928,3.504579,1.572833,0.61751,0.674954,0.193387,22.128109,2.456817,0.653614,1.505404,0.735898,concentrate
34.467896,2.095881,0.796747,1.49709,0.544208,1.922546,2.943565,0.473199,0.351526,0.164803,1.979979,2.058463,0.422779,0.317102,0.137411,1.495836,2.934785,0.416972,0.306091,0.173154,3.386918,1.87029,0.898939,0.637589,0.252062,9.154416,1.109225,0.627192,0.527766,0.283663,3.424132,1.714539,0.670183,0.686758,0.196179,22.418736,2.277881,0.804731,1.589316,0.710726,concentrate
26.586226,2.585876,0.955124,1.44873,0.625512,1.818091,3.850646,0.556098,0.437986,0.173944,1.652002,2.631366,0.435616,0.340171,0.146773,1.399514,3.715227,0.511782,0.369838,0.182583,3.084778,2.640478,1.00107,0.638288,0.258528,8.529853,1.492041,0.594176,0.561381,0.269471,3.16785,1.98078,0.704875,0.691402,0.193739,25.354242,2.39122,1.001072,1.618388,0.709558,concentrate
22.878462,3.441075,1.109073,1.43287,0.706738,1.663449,4.852196,0.638942,0.52152,0.192136,1.396835,3.364651,0.455056,0.364448,0.160515,1.261589,4.539232,0.61063,0.421792,0.196157,2.884961,3.465945,1.070133,0.637485,0.266283,8.280271,2.008116,0.608784,0.645414,0.256832,2.78006,2.339942,0.701321,0.679122,0.186055,32.238403,2.829451,1.204756,1.578946,0.731659,concentrate
23.342352,4.372815,1.185834,1.431574,0.782946,1.556988,5.689415,0.693989,0.583983,0.215866,1.337528,4.078298,0.469742,0.380847,0.174554,1.169166,5.217284,0.67862,0.447481,0.209704,2.917239,4.131746,1.082789,0.625217,0.273609,8.565353,2.509051,0.645785,0.743305,0.250085,2.396543,2.731839,0.652773,0.642859,0.177906,42.021175,3.450564,1.348445,1.47895,0.76265,concentrate
25.580286,5.013827,1.136471,1.408867,0.857471,1.639235,6.119796,0.697794,0.611992,0.237837,1.483399,4.564317,0.466927,0.382445,0.184568,1.208887,5.567107,0.690546,0.439915,0.218217,3.11752,4.503929,1.031289,0.598038,0.277792,9.049977,2.815224,0.668238,0.821097,0.252118,2.09283,3.1037,0.566087,0.583405,0.17389,51.379002,4.038152,1.367759,1.34331,0.778357,concentrate
26.829285,5.121346,0.971145,1.337012,0.934272,1.936936,6.037241,0.646124,0.599548,0.249652,1.738213,4.681849,0.444692,0.369396,0.187888,1.413667,5.510599,0.64424,0.400717,0.217909,3.330241,4.586634,0.927037,0.561636,0.275982,9.116094,2.822687,0.654938,0.864769,0.265902,1.936812,3.435844,0.461826,0.510181,0.175896,56.23233,4.453969,1.249017,1.205223,0.760449,concentrate
24.995825,4.69823,0.748399,1.218147,1.010053,2.411234,5.565374,0.557622,0.552441,0.247826,1.957881,4.439115,0.413924,0.348937,0.184989,1.756528,5.156558,0.561858,0.340414,0.208994,3.3929,4.489466,0.795681,0.527225,0.268194,8.316393,2.541238,0.612429,0.882311,0.294322,1.945426,3.723893,0.368431,0.439639,0.184295,54.008835,4.650593,1.038163,1.095273,0.713084,concentrate
20.519043,3.971142,0.539289,1.084315,1.071691,2.892416,4.996186,0.459333,0.484832,0.235104,2.037575,4.000353,0.385824,0.331732,0.178498,2.12061,4.744692,0.475662,0.273326,0.19545,3.215861,4.346703,0.67098,0.50352,0.258485,6.611879,2.108973,0.56492,0.888272,0.337664,2.086288,3.953426,0.310961,0.385235,0.199097,45.118103,4.686098,0.8139,1.023605,0.662136,concentrate
14.299639,3.28936,0.388764,0.976191,1.100813,3.180226,4.645126,0.37716,0.416349,0.217891,1.958405,3.598362,0.362199,0.329073,0.171441,2.348544,4.525978,0.410182,0.215833,0.182713,2.896429,4.278515,0.573965,0.493938,0.252572,4.574192,1.713929,0.531227,0.895108,0.389778,2.30498,4.12258,0.29062,0.353297,0.218884,33.002666,4.715374,0.646228,0.975986,0.636272,concentrate
8.795368,2.885129,0.323112,0.916621,1.080418,3.126982,4.692375,0.344789,0.371402,0.203291,1.749379,3.395878,0.349424,0.349871,0.166026,2.320462,4.632399,0.385963,0.186727,0.175499,2.552659,4.316323,0.524451,0.495821,0.253812,2.836425,1.478572,0.521305,0.904583,0.436425,2.539791,4.225913,0.305961,0.343343,0.24,21.586174,4.760669,0.5815,0.925447,0.648813,concentrate
5.420815,2.815992,0.330652,0.901963,1.005022,2.76156,5.090334,0.394336,0.368095,0.195839,1.47113,3.401915,0.357648,0.394768,0.162882,2.048641,5.001698,0.415849,0.199204,0.175382,2.286935,4.391279,0.540937,0.505518,0.261585,1.868795,1.43671,0.523328,0.907681,0.4619,2.719153,4.224173,0.351944,0.350955,0.257486,13.630995,4.720246,0.611016,0.852937,0.69002,concentrate
4.203401,2.919908,0.376358,0.918961,0.887066,2.240698,5.584888,0.531887,0.409435,0.194493,1.189166,3.471188,0.391998,0.453385,0.160762,1.64898,5.398564,0.494693,0.25414,0.179272,2.13221,4.407399,0.620034,0.519641,0.271785,1.80898,1.530963,0.518092,0.892746,0.458268,2.784961,4.07486,0.414983,0.369294,0.26798,9.693955,4.447559,0.681972,0.759857,0.731994,concentrate
5.306868,2.971614,0.430586,0.96091,0.753365,1.835496,5.883944,0.722587,0.479099,0.194307,1.030298,3.419754,0.44545,0.504283,0.157535,1.342617,5.563214,0.596369,0.337094,0.181297,2.070807,4.335315,0.724648,0.531639,0.279369,2.500738,1.673244,0.495594,0.849338,0.428999,2.706478,3.782976,0.474751,0.390699,0.271715,8.506941,3.872288,0.73019,0.665801,0.748858,concentrate
8.000896,2.848678,0.465706,1.029255,0.637259,1.870902,5.836753,0.913312,0.549207,0.192874,1.168666,3.162107,0.504711,0.527259,0.152532,1.410603,5.381242,0.691353,0.42402,0.177219,2.049278,4.238026,0.823255,0.540088,0.279726,3.620605,1.774968,0.464039,0.779362,0.386696,2.482181,3.413172,0.523816,0.41091,0.270728,8.268454,3.073494,0.728076,0.605217,0.733355,concentrate
11.900121,2.598416,0.485522,1.115258,0.563456,2.492741,5.47336,1.055956,0.591887,0.193134,1.714398,2.75122,0.562571,0.51032,0.148076,2.008843,4.922462,0.759874,0.488922,0.167563,2.054587,4.193125,0.897327,0.546012,0.270632,4.883158,1.769844,0.45996,0.694164,0.346898,2.162658,3.047545,0.566086,0.42709,0.267924,7.998224,2.224703,0.690173,0.612429,0.69807,concentrate
16.079439,2.428364,0.497104,1.194772,0.535322,3.606002,4.95346,1.122112,0.593612,0.200555,2.630404,2.358665,0.614422,0.453571,0.148324,3.062818,4.385619,0.786898,0.514429,0.157264,2.133815,4.19782,0.930013,0.549599,0.253755,6.046465,1.661775,0.503175,0.60385,0.320167,1.856539,2.727819,0.602566,0.436351,0.265611,7.709062,1.498085,0.645682,0.703578,0.666362,concentrate
19.567053,2.545459,0.517955,1.238445,0.535648,4.828793,4.462329,1.112547,0.563663,0.217806,3.66203,2.157079,0.653385,0.37194,0.156812,4.247201,3.978233,0.770428,0.500524,0.152487,2.328452,4.186224,0.910623,0.550197,0.233016,6.826825,1.500373,0.582671,0.517263,0.307654,1.662709,2.473358,0.625047,0.4371,0.264232,7.51094,1.034508,0.620086,0.865736,0.658812,concentrate
21.330051,2.98714,0.558273,1.221339,0.540004,5.715929,4.129379,1.052996,0.523555,0.241376,4.443324,2.223113,0.677726,0.288646,0.173589,5.137225,3.827457,0.729589,0.459562,0.156716,2.616878,4.114048,0.854616,0.547331,0.212444,6.993186,1.351416,0.66523,0.446057,0.301752,1.596791,2.317546,0.625028,0.430344,0.263149,7.352493,0.877583,0.633604,1.06726,0.685986,concentrate
20.979267,3.634093,0.635747,1.135813,0.532808,5.915192,3.979445,0.977903,0.491753,0.262011,4.670549,2.516023,0.693145,0.222824,0.193988,5.398612,3.930229,0.69114,0.407716,0.168438,2.935293,4.048796,0.776898,0.544145,0.195372,6.501961,1.33033,0.713879,0.41003,0.293703,1.641785,2.353903,0.593215,0.423086,0.261923,7.121036,1.067178,0.694706,1.277427,0.74312,concentrate
18.821348,4.26362,0.740317,1.010102,0.511797,5.398665,3.943624,0.911198,0.478705,0.269027,4.27114,2.898506,0.696035,0.186618,0.21083,4.971761,4.167096,0.669299,0.363222,0.183154,3.221956,4.138949,0.703695,0.548926,0.183779,5.514596,1.570281,0.70163,0.435278,0.279504,1.760042,2.680919,0.537702,0.427165,0.260661,6.688876,1.669433,0.799701,1.473129,0.814045,concentrate
15.850683,4.609485,0.846483,0.895705,0.483629,4.418657,3.922692,0.866418,0.483085,0.256368,3.420826,3.195822,0.684315,0.184564,0.217468,4.071816,4.373738,0.667022,0.340631,0.196091,3.459628,4.508314,0.663085,0.566131,0.178198,4.355951,2.118055,0.648397,0.536404,0.261671,1.929729,3.303659,0.475477,0.449885,0.260287,6.091327,2.6555,0.937752,1.635023,0.879835,concentrate
13.197952,4.575995,0.923915,0.839947,0.461617,3.357283,3.82488,0.82956,0.490983,0.227246,2.455785,3.295353,0.666483,0.211993,0.211072,3.058768,4.416753,0.674916,0.340836,0.205,3.66148,5.147389,0.665806,0.590504,0.18008,3.409486,2.879524,0.607614,0.702656,0.246853,2.119009,4.098174,0.420247,0.488838,0.263858,5.681914,3.902866,1.081923,1.741525,0.928513,concentrate
12.023602,4.327928,0.953863,0.855279,0.459328,2.553774,3.568837,0.791106,0.48603,0.192772,1.706089,3.171737,0.666029,0.25728,0.193557,2.26345,4.201551,0.693079,0.352733,0.210435,3.839301,5.969588,0.72571,0.604986,0.190377,2.945129,3.719784,0.63793,0.889967,0.240924,2.308004,4.898058,0.392868,0.526239,0.274,6.060137,5.300702,1.207795,1.763348,0.955037,concentrate
12.432621,4.173998,0.950607,0.921245,0.481733,2.163051,3.111426,0.757643,0.463262,0.166021,1.329007,2.864563,0.712194,0.308724,0.170381,1.855148,3.695023,0.729696,0.365731,0.214107,3.999129,6.844759,0.884905,0.594561,0.207839,3.068856,4.577305,0.781575,1.03554,0.245845,2.491122,5.56112,0.439937,0.54266,0.289831,7.704241,6.785063,1.307801,1.689032,0.966248,concentrate
13.804914,4.332504,0.939454,1.003391,0.522267,2.11377,2.488451,0.738228,0.433133,0.155082,1.253769,2.457582,0.817568,0.359883,0.147535,1.782542,2.959968,0.788689,0.377451,0.216848,4.171885,7.617675,1.195719,0.555629,0.229516,3.634258,5.464495,1.06798,1.088939,0.26036,2.676872,5.995136,0.612153,0.529576,0.30764,10.518805,8.29967,1.441448,1.541054,0.968988,concentrate
14.859,4.792768,0.940596,1.075778,0.563403,2.210538,1.829412,0.736051,0.417027,0.159516,1.294999,2.076012,0.960404,0.408928,0.128899,1.867054,2.163805,0.862888,0.392778,0.217683,4.337708,8.133953,1.682112,0.499622,0.251203,4.295646,6.376191,1.467773,1.038798,0.280096,2.850559,6.159518,0.934703,0.496318,0.322667,13.737593,9.730771,1.684747,1.372632,0.963569,concentrate
15.134788,5.346199,0.943579,1.134859,0.584437,2.272853,1.319009,0.731154,0.437949,0.173067,1.297016,1.861098,1.086374,0.459208,0.116378,1.929735,1.522723,0.922583,0.421772,0.21509,4.423089,8.258529,2.287312,0.444835,0.268922,4.731768,7.267285,1.909272,0.917379,0.299415,2.967541,6.041561,1.370095,0.461831,0.331087,16.272757,10.925409,2.060018,1.250803,0.949284,concentrate
15.54274,5.685483,0.930204,1.192304,0.573653,2.243122,1.101975,0.700303,0.507684,0.188035,1.237627,1.891322,1.148165,0.518598,0.110009,1.915062,1.192398,0.93692,0.47289,0.2081,4.345566,7.902326,2.882866,0.41055,0.279957,4.769897,8.02746,2.326045,0.780081,0.313918,2.990946,5.653603,1.824715,0.446333,0.330948,17.222208,11.660706,2.529937,1.224501,0.924863,concentrate
15.408761,5.589641,0.891204,1.255031,0.534073,2.172193,1.221409,0.639472,0.617511,0.199387,1.178154,2.160425,1.133929,0.591392,0.10884,1.868382,1.215317,0.89533,0.545561,0.197341,4.090101,7.101369,3.302338,0.405916,0.283746,4.375506,8.519736,2.657692,0.672274,0.321316,2.927339,5.061118,2.170227,0.459082,0.322922,16.218044,11.74438,2.978937,1.296579,0.887371,concentrate
15.404838,5.07058,0.818429,1.313068,0.479577,2.088971,1.586564,0.556824,0.736856,0.204782,1.154263,2.567941,1.061985,0.667937,0.111658,1.805784,1.496521,0.806406,0.623577,0.184491,3.717297,5.993452,3.43079,0.42291,0.281511,3.681324,8.648591,2.851391,0.613185,0.32251,2.808141,4.337623,2.309346,0.488434,0.308991,13.562367,11.110311,3.240678,1.425729,0.840478,concentrate
14.272239,4.304828,0.703164,1.340706,0.427129,2.019883,2.021027,0.469761,0.827306,0.203017,1.184978,2.947922,0.964196,0.726143,0.116264,1.748019,1.852252,0.691023,0.680173,0.171239,3.3203,4.783029,3.235323,0.443219,0.274839,2.912205,8.396687,2.8654,0.589117,0.32132,2.665949,3.569187,2.209301,0.509263,0.291384,10.098322,9.900241,3.200041,1.547338,0.796043,concentrate
13.534369,3.539745,0.579425,1.310238,0.387391,2.000734,2.355536,0.393593,0.856887,0.194379,1.26546,3.159916,0.873772,0.739957,0.119933,1.71599,2.119724,0.576982,0.689248,0.158808,3.006133,3.676715,2.782695,0.449841,0.264696,2.299819,7.820882,2.689106,0.570139,0.322211,2.542396,2.852638,1.914304,0.499517,0.272355,6.880073,8.412174,2.845167,1.597609,0.771184,concentrate
14.220469,3.099265,0.503512,1.207808,0.361304,2.026518,2.500964,0.337368,0.813087,0.18006,1.36137,3.141471,0.803686,0.693893,0.120321,1.720346,2.222196,0.482212,0.639918,0.14754,2.848786,2.828861,2.218226,0.435132,0.251299,1.975165,7.028592,2.34653,0.532316,0.327134,2.463632,2.273115,1.528462,0.45391,0.253796,4.724286,6.962451,2.274063,1.550929,0.776626,concentrate
17.053911,3.154933,0.512751,1.047312,0.343944,2.072533,2.459839,0.306821,0.71098,0.161795,1.427788,2.908908,0.74517,0.595251,0.11643,1.733919,2.15993,0.412808,0.54618,0.137496,2.860047,2.267153,1.699902,0.405405,0.234597,1.931975,6.140246,1.901567,0.474454,0.334147,2.432725,1.850383,1.162379,0.387355,0.237274,3.804521,5.761652,1.645998,1.432012,0.805922,concentrate
24.91325,3.629522,0.607215,0.866325,0.331186,2.054754,2.332594,0.299316,0.58591,0.142322,1.422847,2.548479,0.68101,0.472063,0.109512,1.696514,2.011398,0.368372,0.439816,0.129755,2.966733,1.950134,1.351946,0.374902,0.214451,2.02977,5.258478,1.455171,0.414249,0.338132,2.415103,1.570477,0.90168,0.324162,0.222961,3.788358,4.863511,1.149064,1.294499,0.840366,concentrate
34.752029,4.248603,0.730658,0.707953,0.325195,1.914915,2.264339,0.309905,0.474407,0.125365,1.326056,2.180043,0.599633,0.359528,0.102817,1.564031,1.888453,0.346622,0.351814,0.125672,3.104252,1.851148,1.202666,0.359738,0.191249,2.195562,4.460287,1.082835,0.368011,0.333215,2.39075,1.431758,0.768722,0.283599,0.209926,4.130425,4.238454,0.904804,1.182518,0.864275,concentrate
46.466915,4.779039,0.824363,0.607784,0.335436,1.648873,2.376391,0.334841,0.397061,0.114645,1.165331,1.951103,0.507628,0.284623,0.100052,1.336547,1.901769,0.345202,0.298149,0.126049,3.256617,2.074494,1.197855,0.36953,0.166191,2.44095,3.893375,0.819877,0.34408,0.316163,2.381957,1.515305,0.734763,0.271682,0.197387,4.446565,3.92302,0.902635,1.108391,0.872776,concentrate
54.062202,5.145824,0.867308,0.577097,0.369687,1.307538,2.687708,0.367571,0.354576,0.111425,1.001116,1.943004,0.423134,0.25511,0.103113,1.063525,2.090229,0.355751,0.276357,0.129918,3.453215,2.718893,1.269928,0.40144,0.140615,2.837432,3.682614,0.67046,0.340491,0.288248,2.460687,1.878901,0.763616,0.283322,0.184179,4.61904,3.985329,1.054716,1.059586,0.869991,concentrate
56.442902,5.300772,0.845345,0.603341,0.426508,0.995881,3.102188,0.396297,0.332058,0.113637,0.899165,2.123389,0.355697,0.259572,0.110667,0.829249,2.400425,0.36231,0.270873,0.134263,3.726133,3.712837,1.350347,0.44395,0.116611,3.38918,3.794204,0.606748,0.352015,0.255732,2.660426,2.457354,0.809381,0.310176,0.169399,4.59167,4.333166,1.246613,1.012597,0.869867,concentrate
50.809948,5.245257,0.786569,0.655769,0.496715,0.81607,3.460617,0.409836,0.310146,0.117953,0.906773,2.393649,0.308176,0.274404,0.119608,0.707652,2.733773,0.351458,0.263059,0.135954,4.03847,4.795009,1.377357,0.475962,0.098188,3.999663,4.051735,0.570156,0.372707,0.227918,2.942809,3.072924,0.828583,0.339671,0.154719,4.331005,4.773015,1.364043,0.952705,0.890426,concentrate
40.006107,5.062258,0.71261,0.704074,0.570463,0.836927,3.65217,0.405549,0.279718,0.121312,1.065868,2.678172,0.281234,0.282072,0.126634,0.751577,3.024759,0.317839,0.244955,0.133262,4.329316,5.669735,1.321839,0.480437,0.088322,4.533413,4.248141,0.53021,0.405105,0.21031,3.217922,3.536001,0.802937,0.361623,0.142602,3.916856,5.129763,1.360628,0.892428,0.944196,concentrate
27.196688,4.866521,0.647467,0.72689,0.64126,1.112418,3.681489,0.392474,0.243462,0.121512,1.391826,2.969494,0.27295,0.275768,0.129113,0.984565,3.272267,0.268594,0.219451,0.12607,4.510104,6.13749,1.181908,0.458969,0.087446,4.808767,4.24749,0.479936,0.451799,0.203272,3.386663,3.729168,0.732947,0.375591,0.134348,3.57098,5.337343,1.238584,0.860242,1.032953,concentrate
16.394867,4.767776,0.597516,0.722772,0.707011,1.611844,3.649163,0.389756,0.216714,0.118149,1.842093,3.304826,0.279456,0.259728,0.126153,1.36998,3.523175,0.222396,0.197337,0.115327,4.497687,6.177702,0.995299,0.430787,0.095136,4.697391,4.055542,0.42434,0.504178,0.203136,3.384166,3.660594,0.643629,0.392614,0.131531,3.559824,5.428908,1.044091,0.878654,1.141852,concentrate
9.489817,4.777759,0.551055,0.712711,0.770325,2.209856,3.652714,0.409053,0.214364,0.112714,2.307787,3.696877,0.293301,0.241734,0.1184,1.812366,3.804228,0.198165,0.187894,0.102781,4.23085,5.889624,0.805179,0.418421,0.110836,4.161911,3.764509,0.373114,0.546535,0.20433,3.185788,3.418124,0.56016,0.422949,0.13648,3.987204,5.459427,0.833872,0.948357,1.242646,concentrate
6.17283,4.783662,0.499517,0.728553,0.83414,2.749663,3.705962,0.448823,0.24339,0.108295,2.657691,4.080602,0.302932,0.23044,0.107678,2.187643,4.063008,0.203479,0.194581,0.090953,3.715484,5.450627,0.673503,0.443741,0.133175,3.331834,3.461384,0.339984,0.577175,0.203287,2.839173,3.138576,0.524624,0.474199,0.15034,4.755904,5.428112,0.663824,1.062715,1.306814,concentrate
5.041294,4.631976,0.443467,0.809053,0.903979,3.050137,3.767507,0.497009,0.301412,0.108532,2.780117,4.354321,0.302372,0.236592,0.096728,2.378219,4.207472,0.232034,0.216844,0.082226,3.087059,5.057873,0.679407,0.518481,0.158868,2.469248,3.18025,0.356859,0.613175,0.198197,2.46433,2.959414,0.596312,0.550785,0.17185,5.696361,5.252868,0.586035,1.228504,1.314138,concentrate
4.459579,4.249087,0.394459,0.972728,0.984331,3.009405,3.773955,0.530899,0.373786,0.115679,2.625533,4.429897,0.292333,0.264251,0.088396,2.317532,4.162532,0.264969,0.248773,0.078016,2.493135,4.824809,0.859444,0.630658,0.182529,1.811356,2.887444,0.450512,0.672388,0.189743,2.164555,2.94173,0.804657,0.643579,0.196965,6.50526,4.826342,0.620849,1.449891,1.258263,concentrate
4.202895,3.62294,0.36072,1.201832,1.072509,2.665401,3.689869,0.538121,0.442932,0.128786,2.269439,4.274387,0.280155,0.308422,0.08471,2.051538,3.91815,0.284497,0.284475,0.078123,2.08929,4.770417,1.181576,0.752713,0.1992,1.509859,2.533304,0.613187,0.761081,0.181349,2.016824,3.072885,1.12122,0.734014,0.220876,6.961612,4.149221,0.749521,1.712857,1.153553,concentrate
3.742424,2.8996,0.354369,1.447343,1.157676,2.173597,3.51975,0.525716,0.498005,0.143863,1.877464,3.917441,0.275093,0.357496,0.086316,1.711288,3.528773,0.283253,0.320392,0.080906,1.920602,4.846662,1.554268,0.849691,0.206801,1.55562,2.093813,0.803911,0.863835,0.177945,1.986444,3.28645,1.464511,0.799265,0.239431,6.934219,3.332958,0.918929,1.974955,1.036741,concentrate
3.411314,2.248621,0.367528,1.656792,1.223229,1.762333,3.301922,0.501114,0.533979,0.155759,1.650341,3.450054,0.27513,0.396566,0.092375,1.4701,3.098227,0.259845,0.352579,0.084483,1.964224,4.981431,1.851143,0.894727,0.206263,1.787843,1.635411,0.964406,0.952687,0.182741,2.028876,3.5119,1.726342,0.819223,0.249905,6.502021,2.610198,1.070746,2.170789,0.953996,concentrate
3.147405,1.867433,0.40159,1.798321,1.25025,1.611161,3.132472,0.479629,0.54809,0.160286,1.729563,3.027065,0.277907,0.414182,0.100611,1.463994,2.78665,0.229146,0.375117,0.087185,2.244413,5.095566,1.979489,0.882842,0.200295,2.124847,1.276607,1.049717,1.001111,0.194481,2.158868,3.683239,1.825535,0.788703,0.251437,6.033745,2.223198,1.15984,2.231687,0.935006,concentrate
2.938794,1.881009,0.467083,1.858247,1.222717,1.72581,3.137065,0.488169,0.539731,0.155797,2.071057,2.810572,0.288958,0.40751,0.107909,1.684994,2.764588,0.220924,0.382106,0.08814,2.798373,5.045094,1.913065,0.821953,0.192185,2.475772,1.071926,1.047006,0.991145,0.208294,2.432912,3.691509,1.737081,0.716893,0.245433,5.951393,2.230204,1.159308,2.11622,0.971576,concentrate
2.941402,2.267011,0.584563,1.838913,1.1364,2.030698,3.441749,0.549101,0.513284,0.145157,2.471582,2.884027,0.313879,0.383429,0.111952,2.007734,3.155405,0.263123,0.372428,0.088468,3.559709,4.710406,1.702213,0.727033,0.185546,2.781574,0.998331,0.98247,0.924356,0.218509,2.843302,3.460775,1.505514,0.621885,0.235227,6.509103,2.52118,1.085269,1.835898,1.027298,concentrate
2.857157,2.922957,0.749813,1.755524,1.004479,2.334826,4.153404,0.661982,0.476402,0.135643,2.679197,3.243334,0.353787,0.3572,0.113417,2.283804,4.009319,0.359356,0.351605,0.091477,4.351623,4.094484,1.439021,0.614233,0.181849,2.991661,0.997369,0.911986,0.824667,0.221441,3.286663,3.009964,1.221822,0.523305,0.223531,7.632013,2.915125,0.980469,1.456531,1.064015,concentrate
2.735516,3.719648,0.952797,1.624087,0.850852,2.607974,5.292451,0.797033,0.435944,0.134741,2.599554,3.824282,0.407065,0.343414,0.114943,2.477192,5.276626,0.486486,0.327728,0.100676,4.995199,3.305948,1.209631,0.505655,0.180789,3.083606,1.018906,0.893774,0.727392,0.216658,3.651836,2.436352,0.978153,0.44315,0.212221,9.022346,3.265717,0.896194,1.083038,1.058023,concentrate
2.574243,4.47939,1.147995,1.473431,0.707989,2.883174,6.686912,0.913827,0.397792,0.145795,2.347136,4.493101,0.467398,0.347296,0.118993,2.677237,6.742628,0.609017,0.309263,0.117437,5.393197,2.521059,1.07624,0.433538,0.182826,3.090283,1.051152,0.949387,0.658692,0.209872,3.883882,1.876277,0.836067,0.406072,0.203282,10.294202,3.490706,0.865618,0.840152,1.011589,concentrate
2.54957,5.005019,1.283615,1.336085,0.605712,3.332999,8.006919,0.983311,0.365368,0.166941,2.173398,5.069671,0.521443,0.36269,0.126602,3.033654,8.068705,0.695875,0.301397,0.14003,5.573577,1.956468,1.046837,0.424231,0.187807,3.084698,1.134472,1.04751,0.620186,0.211378,4.018486,1.485679,0.8057,0.42822,0.19775,11.230789,3.58954,0.879757,0.809303,0.951262,concentrate
2.853625,5.136612,1.326584,1.23503,0.555095,4.008288,8.851963,1.004876,0.343263,0.192049,2.289135,5.340386,0.557342,0.377768,0.136188,3.622435,8.874322,0.734409,0.304807,0.16375,5.65738,1.774504,1.087385,0.479301,0.195032,3.265378,1.355502,1.141776,0.601164,0.22892,4.15385,1.369066,0.855992,0.504912,0.196416,11.903227,3.580024,0.911049,0.99578,0.910269,concentrate
3.628121,4.800693,1.277672,1.179582,0.552384,4.888327,8.920328,0.997091,0.331446,0.212963,2.715462,5.14879,0.575749,0.383391,0.143915,4.35717,8.881638,0.735181,0.314003,0.182446,5.801933,2.015975,1.151865,0.570194,0.203597,3.957582,1.77877,1.185419,0.594086,0.262,4.409087,1.535583,0.938662,0.605981,0.199002,12.578092,3.492536,0.928394,1.344664,0.915524,concentrate
4.755035,4.079264,1.171087,1.171028,0.585637,5.820508,8.135773,0.995573,0.330773,0.222891,3.290166,4.479911,0.58609,0.383346,0.145637,5.067951,8.023052,0.726616,0.323617,0.190627,6.077388,2.612407,1.201411,0.658573,0.211235,5.364805,2.445828,1.166845,0.607843,0.300799,4.823924,1.93668,1.010953,0.694187,0.202703,13.411615,3.411963,0.923642,1.779585,0.970682,concentrate
6.0472,3.225466,1.04796,1.194695,0.643707,7.044285,6.846532,1.02115,0.341345,0.221725,3.856048,3.537044,0.598409,0.389161,0.140571,5.792943,6.606551,0.732562,0.331766,0.186854,6.403413,3.419511,1.236413,0.714489,0.216268,7.376762,3.32518,1.111197,0.654006,0.333212,5.294012,2.4781,1.05481,0.741397,0.206058,14.255777,3.444366,0.923208,2.228712,1.05825,concentrate
7.096565,2.5237,0.950191,1.222093,0.715467,8.732661,5.645975,1.073156,0.360804,0.214897,4.29435,2.63347,0.623551,0.409143,0.131942,6.655328,5.158832,0.764363,0.33943,0.173244,6.586011,4.199395,1.258437,0.718766,0.21821,9.59929,4.253192,1.041265,0.730562,0.351529,5.610268,3.012634,1.05156,0.7306,0.20991,14.705853,3.597275,0.950095,2.60911,1.146396,concentrate
7.513483,2.161425,0.92355,1.222386,0.788734,11.022895,5.032013,1.130548,0.386721,0.212157,4.593094,2.02748,0.664931,0.440649,0.125522,7.771295,4.155938,0.813968,0.348111,0.155009,6.407311,4.721056,1.265078,0.67341,0.218575,11.436321,4.945579,0.981609,0.818232,0.354627,5.552521,3.396619,0.996508,0.667279,0.216404,14.351337,3.775998,1.025163,2.851601,1.214236,concentrate
7.477884,2.166834,0.985785,1.173747,0.849452,13.565046,5.211409,1.180479,0.411485,0.222184,4.817588,1.857346,0.725343,0.470309,0.126259,9.052182,3.858471,0.869065,0.354491,0.13821,5.843379,4.882774,1.257889,0.599863,0.219352,12.399685,5.200308,0.946883,0.888052,0.346658,5.111901,3.565031,0.909446,0.574644,0.22581,13.302095,3.894389,1.143752,2.925989,1.267667,concentrate
6.80431,2.454804,1.107073,1.075787,0.883576,15.718628,5.985575,1.208811,0.421549,0.246044,5.001479,2.106294,0.793825,0.480335,0.135514,10.196208,4.200772,0.911393,0.350571,0.127002,5.030396,4.702268,1.224967,0.525981,0.219987,12.301616,4.988585,0.927074,0.91385,0.333569,4.418427,3.514966,0.80718,0.479169,0.235041,11.933305,3.926523,1.246389,2.833499,1.321041,concentrate
6.065126,2.90397,1.236062,0.942997,0.880611,16.624126,6.879241,1.206343,0.40622,0.275871,5.064093,2.622323,0.855048,0.459422,0.150625,10.700171,4.86388,0.928949,0.329643,0.122163,4.160323,4.319587,1.170572,0.473787,0.217658,11.229671,4.431021,0.91575,0.883326,0.319489,3.671207,3.327082,0.717787,0.402669,0.238914,10.716081,3.933985,1.288238,2.603098,1.377078,concentrate
5.162691,3.359656,1.337134,0.792989,0.838941,15.781996,7.410353,1.175826,0.365153,0.298629,4.908941,3.186528,0.892864,0.408422,0.167183,10.241553,5.461208,0.919661,0.290843,0.121954,3.393512,3.921187,1.101156,0.446254,0.20993,9.534359,3.730229,0.901257,0.802894,0.307056,3.03325,3.103948,0.658866,0.353824,0.234063,9.964323,3.991482,1.248227,2.291475,1.425253,concentrate
4.656585,3.714041,1.38425,0.647277,0.773099,13.395226,7.318709,1.124177,0.30946,0.302368,4.517514,3.612527,0.896486,0.34126,0.181168,8.868543,5.717412,0.885793,0.240319,0.123434,2.814901,3.684915,1.02161,0.431731,0.197223,7.655396,3.132356,0.88157,0.698389,0.30187,2.58329,2.954634,0.630275,0.330079,0.219755,9.670971,4.229466,1.135331,1.969813,1.442925,concentrate
4.453079,3.929979,1.365703,0.531336,0.72261,10.152205,6.664957,1.048793,0.255249,0.283294,3.931256,3.814898,0.862242,0.277567,0.193631,6.968318,5.565591,0.824242,0.188361,0.124384,2.38626,3.669738,0.929409,0.416931,0.18465,5.926625,2.816049,0.882995,0.610147,0.345386,2.268486,2.936419,0.612833,0.324118,0.198968,9.517992,4.657112,0.977884,1.719308,1.427757,concentrate
5.294619,3.954159,1.279345,0.488549,0.763494,6.967419,5.681952,0.944797,0.219767,0.250828,3.286916,3.813259,0.79175,0.245068,0.221156,5.046125,5.072975,0.730572,0.146579,0.128132,2.007209,3.768573,0.831185,0.402663,0.182129,4.559725,2.848709,0.928695,0.653987,0.571517,1.999677,2.998773,0.593501,0.332537,0.177581,11.650074,4.89307,0.836628,1.668607,1.485276,concentrate
8.5584,3.810277,1.150545,0.578387,1.005253,4.533153,4.617942,0.820258,0.224012,0.226026,2.821583,3.682254,0.700761,0.288495,0.304354,3.576733,4.371763,0.607263,0.129341,0.145468,1.642644,3.802171,0.741059,0.404836,0.201583,3.719448,3.182307,1.049247,1.14536,1.240604,1.812068,3.050318,0.570772,0.357278,0.164018,38.183792,5.883572,0.865215,2.141871,1.932936,concentrate
15.595334,3.564011,1.051076,0.829444,1.522955,3.045681,3.629241,0.701162,0.285248,0.229916,2.73606,3.489068,0.60886,0.456,0.48501,2.786899,3.579784,0.470093,0.148061,0.187352,1.30753,3.643352,0.667163,0.441821,0.250178,3.534618,3.731412,1.252377,2.464682,2.577585,1.877341,3.084368,0.554088,0.400036,0.167439,124.564377,9.614751,1.312068,3.529845,3.09342,concentrate
26.555458,3.332811,1.071231,1.223608,2.286411,2.369496,2.779395,0.619236,0.403485,0.270598,3.087178,3.269917,0.536032,0.76111,0.768728,2.711299,2.796218,0.347326,0.202918,0.255142,1.037391,3.25245,0.608947,0.518603,0.326038,3.994038,4.391773,1.495299,4.744529,4.555137,2.36163,3.119853,0.550668,0.457609,0.193693,314.348969,17.966034,2.413185,5.960309,5.01952,concentrate
39.421616,3.185638,1.251684,1.691756,3.14105,2.143205,2.061709,0.584024,0.560142,0.336472,3.712887,3.008228,0.495156,1.158471,1.106565,3.10834,2.081709,0.261,0.283462,0.335753,0.847721,2.690688,0.581993,0.624187,0.417827,4.864711,5.072682,1.725787,7.651255,6.81146,3.286115,3.174616,0.571403,0.522566,0.241283,583.625916,31.108345,4.109631,9.066589,7.360683,concentrate
50.404495,3.14283,1.55848,2.128215,3.855098,2.057979,1.45576,0.601746,0.724492,0.402028,4.345858,2.682445,0.493199,1.547326,1.406614,3.655357,1.4751,0.227075,0.373179,0.406228,0.745241,2.108671,0.609608,0.733011,0.508552,5.789196,5.700648,1.896499,10.418742,8.748767,4.464591,3.250534,0.628062,0.582666,0.300919,886.447632,46.509468,6.118468,12.033903,9.45449,concentrate
55.587986,3.148307,1.891172,2.427516,4.214026,2.026996,0.993198,0.676286,0.864397,0.443331,4.727915,2.318031,0.539211,1.807293,1.572094,4.097319,1.019001,0.255157,0.453796,0.445274,0.718249,1.681086,0.714612,0.817252,0.583094,6.3291,6.151945,1.977644,12.148301,9.773511,5.568436,3.310058,0.73382,0.625672,0.359209,1118.783936,59.580517,7.869605,13.919779,10.610969,concentrate
53.414177,3.121972,2.12114,2.524491,4.113027,1.948433,0.709278,0.774795,0.952964,0.447602,4.660799,1.954527,0.619712,1.851232,1.545709,4.207019,0.741844,0.330323,0.508745,0.442965,0.706085,1.535203,0.889284,0.855862,0.632894,6.195168,6.293288,1.96747,12.22262,9.560506,6.153228,3.300001,0.886154,0.64185,0.402236,1207.914917,65.746788,8.821811,14.078524,10.439521,concentrate
44.279545,2.974196,2.149476,2.420675,3.600376,1.844912,0.590086,0.850979,0.98047,0.417808,4.086712,1.613615,0.701324,1.667563,1.336974,3.914482,0.61949,0.422493,0.531007,0.40541,0.677706,1.677534,1.086732,0.843315,0.656345,5.383694,6.035645,1.882396,10.607382,8.205389,5.958475,3.163608,1.048077,0.629896,0.421231,1118.441162,62.603725,8.633179,12.458956,9.027417,concentrate
31.277512,2.654455,1.95621,2.174557,2.847616,1.621784,0.593993,0.877484,0.960228,0.367406,3.158293,1.312196,0.754036,1.328779,1.016839,3.249238,0.593041,0.505175,0.529369,0.349457,0.641291,1.989791,1.245372,0.792199,0.660744,4.191483,5.391438,1.742014,7.870119,6.172328,5.055687,2.883622,1.169918,0.595026,0.416906,882.631714,51.140099,7.365747,9.632164,6.890161,concentrate
18.625967,2.183004,1.613104,1.876444,2.072183,1.340929,0.663962,0.849743,0.92391,0.313532,2.118585,1.053485,0.755968,0.956099,0.68363,2.388318,0.599486,0.560358,0.524852,0.294327,0.625857,2.290213,1.317688,0.729365,0.659306,3.019083,4.476469,1.562032,4.904335,4.072141,3.710946,2.50875,1.212368,0.546655,0.400467,585.294861,35.443939,5.463942,6.511441,4.704564,concentrate
8.822201,1.658887,1.248416,1.605567,1.445317,1.046813,0.748261,0.784968,0.905037,0.270041,1.243631,0.845119,0.707467,0.664767,0.419701,1.552806,0.599138,0.587762,0.539065,0.253658,0.648482,2.416409,1.277196,0.686432,0.664324,2.173195,3.45642,1.354257,2.52025,2.391666,2.389835,2.109885,1.144373,0.500162,0.390844,313.050507,20.318695,3.533866,3.928549,3.003062,concentrate
3.454627,1.19135,0.990305,1.40193,1.039577,0.811335,0.816262,0.719983,0.917173,0.244066,0.678756,0.708348,0.636389,0.513373,0.260397,0.885558,0.587319,0.606234,0.579004,0.231194,0.751016,2.293244,1.155361,0.687665,0.681251,1.754946,2.513331,1.151576,1.116804,1.325396,1.425431,1.74469,0.976003,0.471068,0.407665,127.540047,9.260124,2.071544,2.304345,1.984069,concentrate
1.686663,0.85124,0.917075,1.268848,0.833264,0.675591,0.842317,0.688635,0.951321,0.23708,0.439752,0.647233,0.57832,0.488347,0.190844,0.488901,0.568009,0.637538,0.636693,0.222635,0.945065,1.947503,1.024711,0.7407,0.708699,1.676043,1.75065,1.006889,0.599619,0.784191,0.960759,1.437425,0.761592,0.467431,0.463454,36.583424,3.234076,1.302354,1.57436,1.523655,concentrate
2.000361,0.690279,1.034662,1.19392,0.765504,0.606932,0.823392,0.709778,0.985307,0.248402,0.440535,0.663666,0.560981,0.5338,0.170385,0.31448,0.556331,0.695863,0.696837,0.222014,1.23213,1.494234,0.950477,0.841899,0.740774,1.846681,1.229722,0.959903,0.579451,0.549316,0.860208,1.198837,0.558137,0.487372,0.557472,9.912254,1.148981,1.166251,1.362929,1.358536,concentrate
3.245254,0.774828,1.295014,1.168632,0.785887,0.575112,0.779717,0.784186,1.000722,0.276121,0.549074,0.77702,0.59615,0.5964,0.166094,0.263626,0.580892,0.780873,0.746019,0.226749,1.555755,1.087344,0.959476,0.97645,0.76848,2.199248,1.005128,1.015647,0.702847,0.447992,0.925723,1.048836,0.409023,0.518492,0.674084,6.978405,1.050415,1.411483,1.299392,1.307637,concentrate
5.26497,1.128087,1.628693,1.19234,0.868226,0.541522,0.741135,0.877234,0.992782,0.315677,0.685085,0.996881,0.67041,0.652261,0.166753,0.264342,0.661304,0.86703,0.778099,0.237564,1.838343,0.837832,1.024044,1.121549,0.781891,2.684331,1.098157,1.133135,0.841007,0.418802,0.979996,0.994245,0.31789,0.546292,0.785199,9.193029,1.549655,1.778692,1.243774,1.337755,concentrate
7.874998,1.700278,1.954109,1.252707,0.980121,0.544301,0.729292,0.936431,0.96193,0.35539,0.822408,1.27003,0.742002,0.687653,0.16779,0.312219,0.779979,0.911809,0.785475,0.251832,1.993496,0.765718,1.091952,1.244059,0.772363,3.203747,1.436844,1.241077,0.957853,0.426068,1.002412,1.018183,0.266852,0.554653,0.859407,12.034558,2.327791,2.130926,1.176261,1.413218,concentrate
10.062727,2.346286,2.173733,1.333452,1.086118,0.574134,0.762798,0.928109,0.910406,0.381415,0.941804,1.519953,0.768444,0.689514,0.165124,0.385882,0.900791,0.890271,0.761951,0.265022,1.956953,0.806706,1.107705,1.312661,0.737846,3.599961,1.869888,1.26845,1.024449,0.438995,0.980474,1.06548,0.230127,0.534716,0.87318,13.936864,3.210008,2.365001,1.084559,1.475071,concentrate
11.840174,2.868296,2.214062,1.406649,1.153083,0.626069,0.849166,0.869894,0.842122,0.384356,1.029737,1.669481,0.745678,0.652412,0.156744,0.465186,0.987227,0.824334,0.706582,0.274585,1.740343,0.871534,1.047367,1.307251,0.682866,3.731337,2.21062,1.197467,1.027094,0.441698,0.919634,1.073557,0.193014,0.487948,0.820287,15.452114,3.964786,2.422833,0.966929,1.470982,concentrate
12.124061,3.118038,2.072102,1.434933,1.159343,0.715133,0.973757,0.805849,0.758415,0.364839,1.091808,1.677289,0.703602,0.577531,0.144227,0.538239,1.019487,0.766621,0.621394,0.28103,1.41668,0.904751,0.921245,1.224174,0.617274,3.611645,2.32975,1.068135,0.969982,0.430845,0.847005,1.015987,0.161424,0.42317,0.714972,14.953077,4.428524,2.33219,0.836409,1.376889,concentrate
11.296208,3.011003,1.788957,1.392296,1.105012,0.847631,1.087554,0.774666,0.659152,0.332706,1.112402,1.540571,0.681571,0.476196,0.132469,0.600309,0.99084,0.769355,0.514885,0.286566,1.101327,0.884315,0.768374,1.084599,0.554315,3.238546,2.181232,0.944083,0.873773,0.413112,0.815017,0.904311,0.148052,0.356598,0.586717,13.494946,4.464492,2.156702,0.723725,1.204903,concentrate
9.474736,2.589079,1.441393,1.282877,1.005561,1.001667,1.141061,0.780015,0.547702,0.300096,1.112696,1.307887,0.696663,0.366205,0.126441,0.662664,0.916322,0.842858,0.400959,0.292059,0.939211,0.807878,0.635559,0.927401,0.50527,2.793876,1.833705,0.874158,0.769137,0.396971,0.842421,0.76279,0.157371,0.312641,0.467288,10.736704,4.089859,1.962838,0.661476,0.992573,concentrate
7.514548,2.041304,1.108949,1.149233,0.886191,1.180175,1.106891,0.792755,0.43768,0.274632,1.13925,1.07526,0.739015,0.27124,0.128091,0.765809,0.827733,0.951005,0.300098,0.294969,1.007632,0.705716,0.558172,0.796907,0.477809,2.430454,1.469303,0.876189,0.691609,0.385293,0.973968,0.624839,0.183264,0.315882,0.378588,8.294362,3.469901,1.778854,0.666427,0.787662,concentrate
5.822698,1.596046,0.841283,1.05267,0.774019,1.361568,0.994966,0.769564,0.353018,0.257227,1.237712,0.927866,0.770683,0.215333,0.135501,0.934425,0.756574,1.026932,0.235131,0.290359,1.282601,0.640482,0.550803,0.726247,0.473978,2.264071,1.267392,0.923713,0.665548,0.374612,1.182755,0.531962,0.22229,0.376813,0.327005,6.468978,2.831788,1.595471,0.725287,0.62876,concentrate
4.71857,1.407562,0.650002,1.035972,0.68724,1.527237,0.854827,0.684855,0.313446,0.24366,1.396261,0.901135,0.754374,0.210721,0.14435,1.146612,0.722137,1.016808,0.217492,0.27462,1.62787,0.694263,0.607537,0.726021,0.48576,2.24378,1.32975,0.973906,0.693548,0.361273,1.411197,0.539543,0.275235,0.48419,0.303485,5.575362,2.39315,1.39478,0.804894,0.534704,concentrate
4.080718,1.557607,0.536402,1.104046,0.63072,1.623327,0.79276,0.555699,0.319396,0.228505,1.570615,1.021996,0.689649,0.250039,0.150268,1.349473,0.769916,0.918484,0.239021,0.248857,1.907393,0.932889,0.706876,0.78104,0.49704,2.270081,1.66817,1.003336,0.756649,0.347486,1.584651,0.705187,0.344246,0.608024,0.291895,5.385319,2.334114,1.176314,0.872091,0.501495,concentrate
3.6213,2.035968,0.499993,1.231583,0.598327,1.655576,0.920597,0.426157,0.351274,0.209743,1.703447,1.300508,0.603923,0.310519,0.15128,1.487374,0.948841,0.771502,0.277759,0.219163,2.032553,1.355385,0.8158,0.858359,0.492542,2.258551,2.192193,1.012039,0.821184,0.341876,1.647221,1.058246,0.424855,0.713245,0.279261,5.449772,2.719568,0.961756,0.916326,0.511638,concentrate
3.470512,2.743627,0.534837,1.37137,0.580883,1.654504,1.266133,0.337269,0.384903,0.191561,1.776618,1.697261,0.532396,0.369846,0.148847,1.546727,1.254321,0.625795,0.314066,0.194419,1.992897,1.880193,0.904758,0.92729,0.467072,2.237366,2.748022,1.007706,0.852729,0.355394,1.61262,1.552537,0.50388,0.775203,0.262419,5.698046,3.417476,0.781188,0.953936,0.554646,concentrate
3.45644,3.524238,0.67266,1.472041,0.573756,1.635753,1.751173,0.314937,0.403599,0.180674,1.788577,2.135148,0.519266,0.416835,0.14715,1.516726,1.622955,0.526285,0.338311,0.181618,1.857854,2.358662,0.979293,0.980814,0.427862,2.313625,3.182073,1.03226,0.840669,0.393465,1.525765,2.066779,0.574806,0.787549,0.245114,6.198169,4.209317,0.687677,1.022464,0.63518,concentrate
3.696313,4.181804,0.922549,1.493903,0.578462,1.641232,2.215837,0.358948,0.401209,0.182064,1.762651,2.509848,0.582848,0.449859,0.150763,1.436884,1.948353,0.492833,0.349914,0.182765,1.71419,2.633203,1.067956,1.024388,0.388328,2.544231,3.386637,1.130043,0.798618,0.449956,1.455282,2.441208,0.635383,0.758179,0.23168,7.106998,4.822528,0.719016,1.141736,0.766398,concentrate
3.963793,4.508858,1.238234,1.426108,0.596391,1.641752,2.481122,0.447433,0.385999,0.195607,1.736089,2.699482,0.702635,0.47403,0.161588,1.334832,2.110352,0.517514,0.357893,0.194459,1.643728,2.591526,1.19269,1.059321,0.360266,2.927244,3.308679,1.318136,0.750248,0.508194,1.454981,2.544603,0.683143,0.700819,0.2231,7.859118,5.04818,0.875411,1.292901,0.955411,concentrate
4.365595,4.387688,1.588299,1.28932,0.622778,1.643248,2.440404,0.557129,0.380434,0.216166,1.728289,2.630575,0.846422,0.49879,0.177562,1.244941,2.04158,0.585039,0.378061,0.209801,1.664517,2.236856,1.36565,1.075243,0.348488,3.383449,2.981721,1.586538,0.722402,0.548072,1.526921,2.340847,0.731919,0.628624,0.218413,8.470745,4.848049,1.17501,1.422346,1.194659,concentrate
4.368092,3.839896,1.953453,1.126557,0.647212,1.572468,2.105779,0.682308,0.407922,0.236656,1.71883,2.324977,0.997407,0.530054,0.193871,1.150079,1.761725,0.69351,0.422241,0.222086,1.736674,1.694379,1.591713,1.05278,0.348065,3.764199,2.523518,1.901142,0.727031,0.556186,1.629886,1.914844,0.81288,0.549945,0.215596,8.590076,4.338103,1.655435,1.472617,1.453843,concentrate
4.725133,3.035754,2.351012,0.981325,0.65753,1.441646,1.602316,0.843047,0.478753,0.250987,1.675664,1.89457,1.164979,0.563808,0.205606,1.035631,1.378084,0.858552,0.488664,0.227493,1.803009,1.138557,1.869872,0.975301,0.349259,3.946021,2.046906,2.238716,0.750171,0.535228,1.709185,1.423675,0.956475,0.471333,0.212729,9.065763,3.685569,2.363978,1.409841,1.68198,concentrate
5.245501,2.202979,2.754458,0.880479,0.64432,1.294043,1.10963,1.049871,0.579433,0.255536,1.604261,1.487304,1.35571,0.587356,0.209664,0.935421,1.035117,1.082263,0.559555,0.224426,1.813724,0.762245,2.179947,0.842711,0.34513,3.877037,1.667401,2.5741,0.762275,0.502048,1.737893,1.096647,1.171003,0.402597,0.209731,10.402708,3.089719,3.269457,1.240442,1.827596,concentrate
6.459954,1.56004,3.093173,0.82755,0.607979,1.249279,0.802758,1.278072,0.676218,0.250254,1.516013,1.235442,1.547056,0.587203,0.206593,0.907244,0.857647,1.326691,0.608241,0.214215,1.813345,0.756817,2.482779,0.675966,0.335968,3.612493,1.49558,2.866345,0.743679,0.479973,1.745166,1.167886,1.431192,0.356916,0.20936,13.425131,2.703869,4.224029,1.007742,1.867938,concentrate
8.102793,1.269595,3.27379,0.810747,0.564543,1.402497,0.784958,1.484464,0.734307,0.2374,1.464431,1.210578,1.697024,0.558646,0.19964,1.006992,0.901179,1.531545,0.615016,0.19978,1.888506,1.263595,2.722444,0.515663,0.328672,3.324059,1.633325,3.058116,0.701086,0.486503,1.828645,1.778355,1.67468,0.34817,0.214826,17.503696,2.698879,4.984346,0.792392,1.824607,concentrate
9.880496,1.382163,3.228927,0.822774,0.540222,1.768816,1.046668,1.638305,0.737942,0.220423,1.47963,1.391526,1.770435,0.511102,0.192965,1.252732,1.131186,1.64383,0.579431,0.184301,2.043405,2.287434,2.848766,0.402857,0.32976,3.106339,2.110878,3.134761,0.658168,0.525335,1.988703,2.887016,1.843371,0.377045,0.22732,21.863735,3.175455,5.318198,0.67926,1.759703,concentrate
11.13442,1.779031,2.951229,0.8785,0.5608,2.250026,1.46529,1.721366,0.696411,0.202407,1.542751,1.658952,1.756729,0.464178,0.190005,1.574721,1.44105,1.637481,0.520365,0.169848,2.239527,3.616547,2.84017,0.359254,0.342947,2.991951,2.798872,3.181394,0.646033,0.591993,2.210767,4.237485,1.920255,0.425989,0.247618,25.181164,4.038277,5.115544,0.718834,1.759619,concentrate
11.750001,2.329719,2.513208,1.018862,0.64638,2.642097,1.876576,1.734495,0.637028,0.186127,1.579949,1.890082,1.688665,0.437438,0.193682,1.840739,1.722383,1.529156,0.466254,0.157649,2.386159,4.896484,2.71541,0.383792,0.369633,2.908891,3.480332,3.360913,0.689084,0.68205,2.417525,5.443006,1.929306,0.471948,0.27993,27.446451,5.104587,4.438086,0.91779,1.893933,concentrate
11.688837,2.920786,2.069438,1.302022,0.803265,2.808977,2.153349,1.708916,0.589355,0.174703,1.542185,2.021907,1.618492,0.44253,0.206948,1.955238,1.906776,1.369027,0.43969,0.149307,2.399845,5.770782,2.554609,0.471085,0.407331,2.767859,3.943517,3.799591,0.790464,0.790639,2.530684,6.149517,1.924979,0.497785,0.331331,27.81399,6.097314,3.531635,1.252343,2.16771,concentrate
11.117935,3.429466,1.772368,1.766473,1.017032,2.717026,2.218083,1.674374,0.57537,0.171078,1.405567,2.029643,1.579739,0.481965,0.23144,1.891688,1.954976,1.206913,0.452034,0.146615,2.273612,5.985443,2.439483,0.623416,0.449352,2.503527,4.018795,4.494124,0.931162,0.911312,2.532807,6.15048,1.944186,0.508845,0.406362,26.868013,6.691916,2.686299,1.692058,2.512749,concentrate
